{"timestamp":"2026-06-12T13:34:13.922687Z","level":"info","event":"Filling up the DagBag from /opt/airflow/dags/assets.py","logger":"airflow.dag_processing.dagbag.BundleDagBag","filename":"dagbag.py","lineno":469}
{"timestamp":"2026-06-12T13:34:13.958851Z","level":"warning","event":"Import 'Dataset' directly from the airflow module is deprecated and will be removed in the future. Please import it from 'airflow.sdk.Asset'.","category":"UserWarning","filename":"/opt/airflow/dags/assets.py","lineno":1,"logger":"py.warnings"}
{"timestamp":"2026-06-12T13:34:46.542387Z","level":"info","event":"Filling up the DagBag from /opt/airflow/dags/assets.py","logger":"airflow.dag_processing.dagbag.BundleDagBag","filename":"dagbag.py","lineno":469}
{"timestamp":"2026-06-12T13:34:46.556248Z","level":"warning","event":"Import 'Dataset' directly from the airflow module is deprecated and will be removed in the future. Please import it from 'airflow.sdk.Asset'.","category":"UserWarning","filename":"/opt/airflow/dags/assets.py","lineno":1,"logger":"py.warnings"}
{"timestamp":"2026-06-12T13:35:19.153636Z","level":"info","event":"Filling up the DagBag from /opt/airflow/dags/assets.py","logger":"airflow.dag_processing.dagbag.BundleDagBag","filename":"dagbag.py","lineno":469}
{"timestamp":"2026-06-12T13:35:19.166326Z","level":"warning","event":"Import 'Dataset' directly from the airflow module is deprecated and will be removed in the future. Please import it from 'airflow.sdk.Asset'.","category":"UserWarning","filename":"/opt/airflow/dags/assets.py","lineno":1,"logger":"py.warnings"}
{"timestamp":"2026-06-12T13:35:52.622113Z","level":"info","event":"Filling up the DagBag from /opt/airflow/dags/assets.py","logger":"airflow.dag_processing.dagbag.BundleDagBag","filename":"dagbag.py","lineno":469}
{"timestamp":"2026-06-12T13:35:52.635407Z","level":"warning","event":"Import 'Dataset' directly from the airflow module is deprecated and will be removed in the future. Please import it from 'airflow.sdk.Asset'.","category":"UserWarning","filename":"/opt/airflow/dags/assets.py","lineno":1,"logger":"py.warnings"}
{"timestamp":"2026-06-12T13:36:25.142657Z","level":"info","event":"Filling up the DagBag from /opt/airflow/dags/assets.py","logger":"airflow.dag_processing.dagbag.BundleDagBag","filename":"dagbag.py","lineno":469}
{"timestamp":"2026-06-12T13:36:25.154606Z","level":"warning","event":"Import 'Dataset' directly from the airflow module is deprecated and will be removed in the future. Please import it from 'airflow.sdk.Asset'.","category":"UserWarning","filename":"/opt/airflow/dags/assets.py","lineno":1,"logger":"py.warnings"}
{"timestamp":"2026-06-12T13:36:57.650846Z","level":"info","event":"Filling up the DagBag from /opt/airflow/dags/assets.py","logger":"airflow.dag_processing.dagbag.BundleDagBag","filename":"dagbag.py","lineno":469}
{"timestamp":"2026-06-12T13:36:57.664363Z","level":"warning","event":"Import 'Dataset' directly from the airflow module is deprecated and will be removed in the future. Please import it from 'airflow.sdk.Asset'.","category":"UserWarning","filename":"/opt/airflow/dags/assets.py","lineno":1,"logger":"py.warnings"}
{"timestamp":"2026-06-12T13:37:30.297757Z","level":"info","event":"Filling up the DagBag from /opt/airflow/dags/assets.py","logger":"airflow.dag_processing.dagbag.BundleDagBag","filename":"dagbag.py","lineno":469}
{"timestamp":"2026-06-12T13:37:30.313559Z","level":"warning","event":"Import 'Dataset' directly from the airflow module is deprecated and will be removed in the future. Please import it from 'airflow.sdk.Asset'.","category":"UserWarning","filename":"/opt/airflow/dags/assets.py","lineno":1,"logger":"py.warnings"}
{"timestamp":"2026-06-12T13:38:02.762447Z","level":"info","event":"Filling up the DagBag from /opt/airflow/dags/assets.py","logger":"airflow.dag_processing.dagbag.BundleDagBag","filename":"dagbag.py","lineno":469}
{"timestamp":"2026-06-12T13:38:02.776524Z","level":"warning","event":"Import 'Dataset' directly from the airflow module is deprecated and will be removed in the future. Please import it from 'airflow.sdk.Asset'.","category":"UserWarning","filename":"/opt/airflow/dags/assets.py","lineno":1,"logger":"py.warnings"}
{"timestamp":"2026-06-12T13:38:36.246540Z","level":"info","event":"Filling up the DagBag from /opt/airflow/dags/assets.py","logger":"airflow.dag_processing.dagbag.BundleDagBag","filename":"dagbag.py","lineno":469}
{"timestamp":"2026-06-12T13:38:36.262002Z","level":"warning","event":"Import 'Dataset' directly from the airflow module is deprecated and will be removed in the future. Please import it from 'airflow.sdk.Asset'.","category":"UserWarning","filename":"/opt/airflow/dags/assets.py","lineno":1,"logger":"py.warnings"}
{"timestamp":"2026-06-12T13:39:08.864237Z","level":"info","event":"Filling up the DagBag from /opt/airflow/dags/assets.py","logger":"airflow.dag_processing.dagbag.BundleDagBag","filename":"dagbag.py","lineno":469}
{"timestamp":"2026-06-12T13:39:08.888762Z","level":"warning","event":"Import 'Dataset' directly from the airflow module is deprecated and will be removed in the future. Please import it from 'airflow.sdk.Asset'.","category":"UserWarning","filename":"/opt/airflow/dags/assets.py","lineno":1,"logger":"py.warnings"}
{"timestamp":"2026-06-12T13:39:39.811340Z","level":"info","event":"Filling up the DagBag from /opt/airflow/dags/assets.py","logger":"airflow.dag_processing.dagbag.BundleDagBag","filename":"dagbag.py","lineno":469}
{"timestamp":"2026-06-12T13:39:39.828219Z","level":"warning","event":"Import 'Dataset' directly from the airflow module is deprecated and will be removed in the future. Please import it from 'airflow.sdk.Asset'.","category":"UserWarning","filename":"/opt/airflow/dags/assets.py","lineno":1,"logger":"py.warnings"}
{"timestamp":"2026-06-12T13:40:10.865324Z","level":"info","event":"Filling up the DagBag from /opt/airflow/dags/assets.py","logger":"airflow.dag_processing.dagbag.BundleDagBag","filename":"dagbag.py","lineno":469}
{"timestamp":"2026-06-12T13:40:10.878817Z","level":"warning","event":"Import 'Dataset' directly from the airflow module is deprecated and will be removed in the future. Please import it from 'airflow.sdk.Asset'.","category":"UserWarning","filename":"/opt/airflow/dags/assets.py","lineno":1,"logger":"py.warnings"}
{"timestamp":"2026-06-12T13:40:43.494376Z","level":"info","event":"Filling up the DagBag from /opt/airflow/dags/assets.py","logger":"airflow.dag_processing.dagbag.BundleDagBag","filename":"dagbag.py","lineno":469}
{"timestamp":"2026-06-12T13:40:43.509254Z","level":"warning","event":"Import 'Dataset' directly from the airflow module is deprecated and will be removed in the future. Please import it from 'airflow.sdk.Asset'.","category":"UserWarning","filename":"/opt/airflow/dags/assets.py","lineno":1,"logger":"py.warnings"}
{"timestamp":"2026-06-12T13:41:16.312141Z","level":"info","event":"Filling up the DagBag from /opt/airflow/dags/assets.py","logger":"airflow.dag_processing.dagbag.BundleDagBag","filename":"dagbag.py","lineno":469}
{"timestamp":"2026-06-12T13:41:16.323686Z","level":"warning","event":"Import 'Dataset' directly from the airflow module is deprecated and will be removed in the future. Please import it from 'airflow.sdk.Asset'.","category":"UserWarning","filename":"/opt/airflow/dags/assets.py","lineno":1,"logger":"py.warnings"}
{"timestamp":"2026-06-12T13:41:49.872379Z","level":"info","event":"Filling up the DagBag from /opt/airflow/dags/assets.py","logger":"airflow.dag_processing.dagbag.BundleDagBag","filename":"dagbag.py","lineno":469}
{"timestamp":"2026-06-12T13:41:49.884942Z","level":"warning","event":"Import 'Dataset' directly from the airflow module is deprecated and will be removed in the future. Please import it from 'airflow.sdk.Asset'.","category":"UserWarning","filename":"/opt/airflow/dags/assets.py","lineno":1,"logger":"py.warnings"}
{"timestamp":"2026-06-12T13:42:20.038751Z","level":"info","event":"Filling up the DagBag from /opt/airflow/dags/assets.py","logger":"airflow.dag_processing.dagbag.BundleDagBag","filename":"dagbag.py","lineno":469}
{"timestamp":"2026-06-12T13:42:20.094631Z","level":"warning","event":"Import 'Dataset' directly from the airflow module is deprecated and will be removed in the future. Please import it from 'airflow.sdk.Asset'.","category":"UserWarning","filename":"/opt/airflow/dags/assets.py","lineno":1,"logger":"py.warnings"}
{"timestamp":"2026-06-12T13:42:52.733716Z","level":"info","event":"Filling up the DagBag from /opt/airflow/dags/assets.py","logger":"airflow.dag_processing.dagbag.BundleDagBag","filename":"dagbag.py","lineno":469}
{"timestamp":"2026-06-12T13:42:52.745025Z","level":"warning","event":"Import 'Dataset' directly from the airflow module is deprecated and will be removed in the future. Please import it from 'airflow.sdk.Asset'.","category":"UserWarning","filename":"/opt/airflow/dags/assets.py","lineno":1,"logger":"py.warnings"}
{"timestamp":"2026-06-12T13:43:25.675661Z","level":"info","event":"Filling up the DagBag from /opt/airflow/dags/assets.py","logger":"airflow.dag_processing.dagbag.BundleDagBag","filename":"dagbag.py","lineno":469}
{"timestamp":"2026-06-12T13:43:25.691802Z","level":"warning","event":"Import 'Dataset' directly from the airflow module is deprecated and will be removed in the future. Please import it from 'airflow.sdk.Asset'.","category":"UserWarning","filename":"/opt/airflow/dags/assets.py","lineno":1,"logger":"py.warnings"}
{"timestamp":"2026-06-12T13:43:58.449599Z","level":"info","event":"Filling up the DagBag from /opt/airflow/dags/assets.py","logger":"airflow.dag_processing.dagbag.BundleDagBag","filename":"dagbag.py","lineno":469}
{"timestamp":"2026-06-12T13:43:58.466221Z","level":"warning","event":"Import 'Dataset' directly from the airflow module is deprecated and will be removed in the future. Please import it from 'airflow.sdk.Asset'.","category":"UserWarning","filename":"/opt/airflow/dags/assets.py","lineno":1,"logger":"py.warnings"}
{"timestamp":"2026-06-12T13:44:31.025978Z","level":"info","event":"Filling up the DagBag from /opt/airflow/dags/assets.py","logger":"airflow.dag_processing.dagbag.BundleDagBag","filename":"dagbag.py","lineno":469}
{"timestamp":"2026-06-12T13:44:31.042231Z","level":"warning","event":"Import 'Dataset' directly from the airflow module is deprecated and will be removed in the future. Please import it from 'airflow.sdk.Asset'.","category":"UserWarning","filename":"/opt/airflow/dags/assets.py","lineno":1,"logger":"py.warnings"}
{"timestamp":"2026-06-12T13:45:03.648172Z","level":"info","event":"Filling up the DagBag from /opt/airflow/dags/assets.py","logger":"airflow.dag_processing.dagbag.BundleDagBag","filename":"dagbag.py","lineno":469}
{"timestamp":"2026-06-12T13:45:03.664330Z","level":"warning","event":"Import 'Dataset' directly from the airflow module is deprecated and will be removed in the future. Please import it from 'airflow.sdk.Asset'.","category":"UserWarning","filename":"/opt/airflow/dags/assets.py","lineno":1,"logger":"py.warnings"}
{"timestamp":"2026-06-12T13:46:18.229158Z","level":"info","event":"Filling up the DagBag from /opt/airflow/dags/assets.py","logger":"airflow.dag_processing.dagbag.BundleDagBag","filename":"dagbag.py","lineno":469}
{"timestamp":"2026-06-12T13:46:18.250270Z","level":"warning","event":"Import 'Dataset' directly from the airflow module is deprecated and will be removed in the future. Please import it from 'airflow.sdk.Asset'.","category":"UserWarning","filename":"/opt/airflow/dags/assets.py","lineno":1,"logger":"py.warnings"}
{"timestamp":"2026-06-12T13:46:49.005031Z","level":"info","event":"Filling up the DagBag from /opt/airflow/dags/assets.py","logger":"airflow.dag_processing.dagbag.BundleDagBag","filename":"dagbag.py","lineno":469}
{"timestamp":"2026-06-12T13:46:49.016161Z","level":"warning","event":"Import 'Dataset' directly from the airflow module is deprecated and will be removed in the future. Please import it from 'airflow.sdk.Asset'.","category":"UserWarning","filename":"/opt/airflow/dags/assets.py","lineno":1,"logger":"py.warnings"}
{"timestamp":"2026-06-12T13:47:19.546163Z","level":"info","event":"Filling up the DagBag from /opt/airflow/dags/assets.py","logger":"airflow.dag_processing.dagbag.BundleDagBag","filename":"dagbag.py","lineno":469}
{"timestamp":"2026-06-12T13:47:19.575483Z","level":"warning","event":"Import 'Dataset' directly from the airflow module is deprecated and will be removed in the future. Please import it from 'airflow.sdk.Asset'.","category":"UserWarning","filename":"/opt/airflow/dags/assets.py","lineno":1,"logger":"py.warnings"}
{"timestamp":"2026-06-12T13:47:50.163539Z","level":"info","event":"Filling up the DagBag from /opt/airflow/dags/assets.py","logger":"airflow.dag_processing.dagbag.BundleDagBag","filename":"dagbag.py","lineno":469}
{"timestamp":"2026-06-12T13:47:50.178183Z","level":"warning","event":"Import 'Dataset' directly from the airflow module is deprecated and will be removed in the future. Please import it from 'airflow.sdk.Asset'.","category":"UserWarning","filename":"/opt/airflow/dags/assets.py","lineno":1,"logger":"py.warnings"}
{"timestamp":"2026-06-12T13:48:20.614337Z","level":"info","event":"Filling up the DagBag from /opt/airflow/dags/assets.py","logger":"airflow.dag_processing.dagbag.BundleDagBag","filename":"dagbag.py","lineno":469}
{"timestamp":"2026-06-12T13:48:20.629410Z","level":"warning","event":"Import 'Dataset' directly from the airflow module is deprecated and will be removed in the future. Please import it from 'airflow.sdk.Asset'.","category":"UserWarning","filename":"/opt/airflow/dags/assets.py","lineno":1,"logger":"py.warnings"}
{"timestamp":"2026-06-12T13:48:53.117696Z","level":"info","event":"Filling up the DagBag from /opt/airflow/dags/assets.py","logger":"airflow.dag_processing.dagbag.BundleDagBag","filename":"dagbag.py","lineno":469}
{"timestamp":"2026-06-12T13:48:53.130050Z","level":"warning","event":"Import 'Dataset' directly from the airflow module is deprecated and will be removed in the future. Please import it from 'airflow.sdk.Asset'.","category":"UserWarning","filename":"/opt/airflow/dags/assets.py","lineno":1,"logger":"py.warnings"}
{"timestamp":"2026-06-12T13:49:25.591831Z","level":"info","event":"Filling up the DagBag from /opt/airflow/dags/assets.py","logger":"airflow.dag_processing.dagbag.BundleDagBag","filename":"dagbag.py","lineno":469}
{"timestamp":"2026-06-12T13:49:25.609560Z","level":"warning","event":"Import 'Dataset' directly from the airflow module is deprecated and will be removed in the future. Please import it from 'airflow.sdk.Asset'.","category":"UserWarning","filename":"/opt/airflow/dags/assets.py","lineno":1,"logger":"py.warnings"}
{"timestamp":"2026-06-12T13:49:59.221606Z","level":"info","event":"Filling up the DagBag from /opt/airflow/dags/assets.py","logger":"airflow.dag_processing.dagbag.BundleDagBag","filename":"dagbag.py","lineno":469}
{"timestamp":"2026-06-12T13:49:59.241254Z","level":"warning","event":"Import 'Dataset' directly from the airflow module is deprecated and will be removed in the future. Please import it from 'airflow.sdk.Asset'.","category":"UserWarning","filename":"/opt/airflow/dags/assets.py","lineno":1,"logger":"py.warnings"}
{"timestamp":"2026-06-12T13:50:30.374790Z","level":"info","event":"Filling up the DagBag from /opt/airflow/dags/assets.py","logger":"airflow.dag_processing.dagbag.BundleDagBag","filename":"dagbag.py","lineno":469}
{"timestamp":"2026-06-12T13:50:30.389092Z","level":"warning","event":"Import 'Dataset' directly from the airflow module is deprecated and will be removed in the future. Please import it from 'airflow.sdk.Asset'.","category":"UserWarning","filename":"/opt/airflow/dags/assets.py","lineno":1,"logger":"py.warnings"}
{"timestamp":"2026-06-12T13:51:02.073413Z","level":"info","event":"Filling up the DagBag from /opt/airflow/dags/assets.py","logger":"airflow.dag_processing.dagbag.BundleDagBag","filename":"dagbag.py","lineno":469}
{"timestamp":"2026-06-12T13:51:02.090611Z","level":"warning","event":"Import 'Dataset' directly from the airflow module is deprecated and will be removed in the future. Please import it from 'airflow.sdk.Asset'.","category":"UserWarning","filename":"/opt/airflow/dags/assets.py","lineno":1,"logger":"py.warnings"}
{"timestamp":"2026-06-12T13:51:35.636659Z","level":"info","event":"Filling up the DagBag from /opt/airflow/dags/assets.py","logger":"airflow.dag_processing.dagbag.BundleDagBag","filename":"dagbag.py","lineno":469}
{"timestamp":"2026-06-12T13:51:35.651640Z","level":"warning","event":"Import 'Dataset' directly from the airflow module is deprecated and will be removed in the future. Please import it from 'airflow.sdk.Asset'.","category":"UserWarning","filename":"/opt/airflow/dags/assets.py","lineno":1,"logger":"py.warnings"}
{"timestamp":"2026-06-12T13:52:08.193528Z","level":"info","event":"Filling up the DagBag from /opt/airflow/dags/assets.py","logger":"airflow.dag_processing.dagbag.BundleDagBag","filename":"dagbag.py","lineno":469}
{"timestamp":"2026-06-12T13:52:08.215793Z","level":"warning","event":"Import 'Dataset' directly from the airflow module is deprecated and will be removed in the future. Please import it from 'airflow.sdk.Asset'.","category":"UserWarning","filename":"/opt/airflow/dags/assets.py","lineno":1,"logger":"py.warnings"}
{"timestamp":"2026-06-12T13:52:40.798335Z","level":"info","event":"Filling up the DagBag from /opt/airflow/dags/assets.py","logger":"airflow.dag_processing.dagbag.BundleDagBag","filename":"dagbag.py","lineno":469}
{"timestamp":"2026-06-12T13:52:40.813120Z","level":"warning","event":"Import 'Dataset' directly from the airflow module is deprecated and will be removed in the future. Please import it from 'airflow.sdk.Asset'.","category":"UserWarning","filename":"/opt/airflow/dags/assets.py","lineno":1,"logger":"py.warnings"}
{"timestamp":"2026-06-12T13:53:13.263503Z","level":"info","event":"Filling up the DagBag from /opt/airflow/dags/assets.py","logger":"airflow.dag_processing.dagbag.BundleDagBag","filename":"dagbag.py","lineno":469}
{"timestamp":"2026-06-12T13:53:13.277803Z","level":"warning","event":"Import 'Dataset' directly from the airflow module is deprecated and will be removed in the future. Please import it from 'airflow.sdk.Asset'.","category":"UserWarning","filename":"/opt/airflow/dags/assets.py","lineno":1,"logger":"py.warnings"}
{"timestamp":"2026-06-12T14:04:29.079641Z","level":"info","event":"Filling up the DagBag from /opt/airflow/dags/assets.py","logger":"airflow.dag_processing.dagbag.BundleDagBag","filename":"dagbag.py","lineno":469}
{"timestamp":"2026-06-12T14:04:29.093489Z","level":"warning","event":"Import 'Dataset' directly from the airflow module is deprecated and will be removed in the future. Please import it from 'airflow.sdk.Asset'.","category":"UserWarning","filename":"/opt/airflow/dags/assets.py","lineno":1,"logger":"py.warnings"}
{"timestamp":"2026-06-12T14:04:59.764544Z","level":"info","event":"Filling up the DagBag from /opt/airflow/dags/assets.py","logger":"airflow.dag_processing.dagbag.BundleDagBag","filename":"dagbag.py","lineno":469}
{"timestamp":"2026-06-12T14:04:59.779448Z","level":"warning","event":"Import 'Dataset' directly from the airflow module is deprecated and will be removed in the future. Please import it from 'airflow.sdk.Asset'.","category":"UserWarning","filename":"/opt/airflow/dags/assets.py","lineno":1,"logger":"py.warnings"}
{"timestamp":"2026-06-12T14:05:30.588214Z","level":"info","event":"Filling up the DagBag from /opt/airflow/dags/assets.py","logger":"airflow.dag_processing.dagbag.BundleDagBag","filename":"dagbag.py","lineno":469}
{"timestamp":"2026-06-12T14:05:30.602372Z","level":"warning","event":"Import 'Dataset' directly from the airflow module is deprecated and will be removed in the future. Please import it from 'airflow.sdk.Asset'.","category":"UserWarning","filename":"/opt/airflow/dags/assets.py","lineno":1,"logger":"py.warnings"}
{"timestamp":"2026-06-12T14:06:45.919046Z","level":"info","event":"Filling up the DagBag from /opt/airflow/dags/assets.py","logger":"airflow.dag_processing.dagbag.BundleDagBag","filename":"dagbag.py","lineno":469}
{"timestamp":"2026-06-12T14:06:45.933511Z","level":"warning","event":"Import 'Dataset' directly from the airflow module is deprecated and will be removed in the future. Please import it from 'airflow.sdk.Asset'.","category":"UserWarning","filename":"/opt/airflow/dags/assets.py","lineno":1,"logger":"py.warnings"}
{"timestamp":"2026-06-12T14:07:17.835590Z","level":"info","event":"Filling up the DagBag from /opt/airflow/dags/assets.py","logger":"airflow.dag_processing.dagbag.BundleDagBag","filename":"dagbag.py","lineno":469}
{"timestamp":"2026-06-12T14:07:17.854306Z","level":"warning","event":"Import 'Dataset' directly from the airflow module is deprecated and will be removed in the future. Please import it from 'airflow.sdk.Asset'.","category":"UserWarning","filename":"/opt/airflow/dags/assets.py","lineno":1,"logger":"py.warnings"}
{"timestamp":"2026-06-12T14:07:50.331078Z","level":"info","event":"Filling up the DagBag from /opt/airflow/dags/assets.py","logger":"airflow.dag_processing.dagbag.BundleDagBag","filename":"dagbag.py","lineno":469}
{"timestamp":"2026-06-12T14:07:50.344361Z","level":"warning","event":"Import 'Dataset' directly from the airflow module is deprecated and will be removed in the future. Please import it from 'airflow.sdk.Asset'.","category":"UserWarning","filename":"/opt/airflow/dags/assets.py","lineno":1,"logger":"py.warnings"}
{"timestamp":"2026-06-12T14:08:21.236796Z","level":"info","event":"Filling up the DagBag from /opt/airflow/dags/assets.py","logger":"airflow.dag_processing.dagbag.BundleDagBag","filename":"dagbag.py","lineno":469}
{"timestamp":"2026-06-12T14:08:21.253497Z","level":"warning","event":"Import 'Dataset' directly from the airflow module is deprecated and will be removed in the future. Please import it from 'airflow.sdk.Asset'.","category":"UserWarning","filename":"/opt/airflow/dags/assets.py","lineno":1,"logger":"py.warnings"}
{"timestamp":"2026-06-12T14:08:53.942733Z","level":"info","event":"Filling up the DagBag from /opt/airflow/dags/assets.py","logger":"airflow.dag_processing.dagbag.BundleDagBag","filename":"dagbag.py","lineno":469}
{"timestamp":"2026-06-12T14:08:53.957128Z","level":"warning","event":"Import 'Dataset' directly from the airflow module is deprecated and will be removed in the future. Please import it from 'airflow.sdk.Asset'.","category":"UserWarning","filename":"/opt/airflow/dags/assets.py","lineno":1,"logger":"py.warnings"}
{"timestamp":"2026-06-12T14:09:27.544099Z","level":"info","event":"Filling up the DagBag from /opt/airflow/dags/assets.py","logger":"airflow.dag_processing.dagbag.BundleDagBag","filename":"dagbag.py","lineno":469}
{"timestamp":"2026-06-12T14:09:27.556995Z","level":"warning","event":"Import 'Dataset' directly from the airflow module is deprecated and will be removed in the future. Please import it from 'airflow.sdk.Asset'.","category":"UserWarning","filename":"/opt/airflow/dags/assets.py","lineno":1,"logger":"py.warnings"}
{"timestamp":"2026-06-12T14:10:00.007374Z","level":"info","event":"Filling up the DagBag from /opt/airflow/dags/assets.py","logger":"airflow.dag_processing.dagbag.BundleDagBag","filename":"dagbag.py","lineno":469}
{"timestamp":"2026-06-12T14:10:00.028146Z","level":"warning","event":"Import 'Dataset' directly from the airflow module is deprecated and will be removed in the future. Please import it from 'airflow.sdk.Asset'.","category":"UserWarning","filename":"/opt/airflow/dags/assets.py","lineno":1,"logger":"py.warnings"}
{"timestamp":"2026-06-12T14:10:32.603015Z","level":"info","event":"Filling up the DagBag from /opt/airflow/dags/assets.py","logger":"airflow.dag_processing.dagbag.BundleDagBag","filename":"dagbag.py","lineno":469}
{"timestamp":"2026-06-12T14:10:32.634799Z","level":"warning","event":"Import 'Dataset' directly from the airflow module is deprecated and will be removed in the future. Please import it from 'airflow.sdk.Asset'.","category":"UserWarning","filename":"/opt/airflow/dags/assets.py","lineno":1,"logger":"py.warnings"}
{"timestamp":"2026-06-12T14:11:05.290292Z","level":"info","event":"Filling up the DagBag from /opt/airflow/dags/assets.py","logger":"airflow.dag_processing.dagbag.BundleDagBag","filename":"dagbag.py","lineno":469}
{"timestamp":"2026-06-12T14:11:05.328056Z","level":"warning","event":"Import 'Dataset' directly from the airflow module is deprecated and will be removed in the future. Please import it from 'airflow.sdk.Asset'.","category":"UserWarning","filename":"/opt/airflow/dags/assets.py","lineno":1,"logger":"py.warnings"}
{"timestamp":"2026-06-12T14:11:37.808083Z","level":"info","event":"Filling up the DagBag from /opt/airflow/dags/assets.py","logger":"airflow.dag_processing.dagbag.BundleDagBag","filename":"dagbag.py","lineno":469}
{"timestamp":"2026-06-12T14:11:37.820679Z","level":"warning","event":"Import 'Dataset' directly from the airflow module is deprecated and will be removed in the future. Please import it from 'airflow.sdk.Asset'.","category":"UserWarning","filename":"/opt/airflow/dags/assets.py","lineno":1,"logger":"py.warnings"}
{"timestamp":"2026-06-12T14:12:10.250546Z","level":"info","event":"Filling up the DagBag from /opt/airflow/dags/assets.py","logger":"airflow.dag_processing.dagbag.BundleDagBag","filename":"dagbag.py","lineno":469}
{"timestamp":"2026-06-12T14:12:10.263728Z","level":"warning","event":"Import 'Dataset' directly from the airflow module is deprecated and will be removed in the future. Please import it from 'airflow.sdk.Asset'.","category":"UserWarning","filename":"/opt/airflow/dags/assets.py","lineno":1,"logger":"py.warnings"}
{"timestamp":"2026-06-12T14:12:43.813596Z","level":"info","event":"Filling up the DagBag from /opt/airflow/dags/assets.py","logger":"airflow.dag_processing.dagbag.BundleDagBag","filename":"dagbag.py","lineno":469}
{"timestamp":"2026-06-12T14:12:43.828508Z","level":"warning","event":"Import 'Dataset' directly from the airflow module is deprecated and will be removed in the future. Please import it from 'airflow.sdk.Asset'.","category":"UserWarning","filename":"/opt/airflow/dags/assets.py","lineno":1,"logger":"py.warnings"}
{"timestamp":"2026-06-12T14:13:15.771869Z","level":"info","event":"Filling up the DagBag from /opt/airflow/dags/assets.py","logger":"airflow.dag_processing.dagbag.BundleDagBag","filename":"dagbag.py","lineno":469}
{"timestamp":"2026-06-12T14:13:15.786631Z","level":"warning","event":"Import 'Dataset' directly from the airflow module is deprecated and will be removed in the future. Please import it from 'airflow.sdk.Asset'.","category":"UserWarning","filename":"/opt/airflow/dags/assets.py","lineno":1,"logger":"py.warnings"}
{"timestamp":"2026-06-12T14:13:46.511590Z","level":"info","event":"Filling up the DagBag from /opt/airflow/dags/assets.py","logger":"airflow.dag_processing.dagbag.BundleDagBag","filename":"dagbag.py","lineno":469}
{"timestamp":"2026-06-12T14:13:46.525717Z","level":"warning","event":"Import 'Dataset' directly from the airflow module is deprecated and will be removed in the future. Please import it from 'airflow.sdk.Asset'.","category":"UserWarning","filename":"/opt/airflow/dags/assets.py","lineno":1,"logger":"py.warnings"}
{"timestamp":"2026-06-12T14:14:19.180675Z","level":"info","event":"Filling up the DagBag from /opt/airflow/dags/assets.py","logger":"airflow.dag_processing.dagbag.BundleDagBag","filename":"dagbag.py","lineno":469}
{"timestamp":"2026-06-12T14:14:19.207838Z","level":"warning","event":"Import 'Dataset' directly from the airflow module is deprecated and will be removed in the future. Please import it from 'airflow.sdk.Asset'.","category":"UserWarning","filename":"/opt/airflow/dags/assets.py","lineno":1,"logger":"py.warnings"}
{"timestamp":"2026-06-12T14:14:51.972452Z","level":"info","event":"Filling up the DagBag from /opt/airflow/dags/assets.py","logger":"airflow.dag_processing.dagbag.BundleDagBag","filename":"dagbag.py","lineno":469}
{"timestamp":"2026-06-12T14:14:51.988614Z","level":"warning","event":"Import 'Dataset' directly from the airflow module is deprecated and will be removed in the future. Please import it from 'airflow.sdk.Asset'.","category":"UserWarning","filename":"/opt/airflow/dags/assets.py","lineno":1,"logger":"py.warnings"}
{"timestamp":"2026-06-12T14:15:23.499202Z","level":"warning","event":"Error when trying to pre-import module 'airflow.sdk.asset' found in /opt/airflow/dags/assets.py: No module named 'airflow.sdk.asset'","logger":"processor"}
{"timestamp":"2026-06-12T14:15:23.529551Z","level":"info","event":"Filling up the DagBag from /opt/airflow/dags/assets.py","logger":"airflow.dag_processing.dagbag.BundleDagBag","filename":"dagbag.py","lineno":469}
{"timestamp":"2026-06-12T14:15:23.544799Z","level":"error","event":"Failed to import: /opt/airflow/dags/assets.py","logger":"airflow.dag_processing.importers.python_importer","filename":"python_importer.py","lineno":244,"error_detail":[{"exc_type":"ModuleNotFoundError","exc_value":"No module named 'airflow.sdk.asset'","exc_notes":[],"syntax_error":null,"is_cause":false,"frames":[{"filename":"/home/airflow/.local/lib/python3.13/site-packages/airflow/dag_processing/importers/python_importer.py","lineno":238,"name":"parse"},{"filename":"<frozen importlib._bootstrap_external>","lineno":1023,"name":"exec_module"},{"filename":"<frozen importlib._bootstrap>","lineno":488,"name":"_call_with_frames_removed"},{"filename":"/opt/airflow/dags/assets.py","lineno":1,"name":"<module>"}],"is_group":false,"exceptions":[]}]}
{"timestamp":"2026-06-12T14:15:23.549550Z","level":"error","event":"Error loading DAG from assets.py: No module named 'airflow.sdk.asset'","logger":"airflow.dag_processing.dagbag.BundleDagBag","filename":"dagbag.py","lineno":327}
{"timestamp":"2026-06-12T14:15:54.235726Z","level":"warning","event":"Error when trying to pre-import module 'airflow.sdk.asset' found in /opt/airflow/dags/assets.py: No module named 'airflow.sdk.asset'","logger":"processor"}
{"timestamp":"2026-06-12T14:15:54.267041Z","level":"info","event":"Filling up the DagBag from /opt/airflow/dags/assets.py","logger":"airflow.dag_processing.dagbag.BundleDagBag","filename":"dagbag.py","lineno":469}
{"timestamp":"2026-06-12T14:15:54.286221Z","level":"error","event":"Failed to import: /opt/airflow/dags/assets.py","logger":"airflow.dag_processing.importers.python_importer","filename":"python_importer.py","lineno":244,"error_detail":[{"exc_type":"ModuleNotFoundError","exc_value":"No module named 'airflow.sdk.asset'","exc_notes":[],"syntax_error":null,"is_cause":false,"frames":[{"filename":"/home/airflow/.local/lib/python3.13/site-packages/airflow/dag_processing/importers/python_importer.py","lineno":238,"name":"parse"},{"filename":"<frozen importlib._bootstrap_external>","lineno":1023,"name":"exec_module"},{"filename":"<frozen importlib._bootstrap>","lineno":488,"name":"_call_with_frames_removed"},{"filename":"/opt/airflow/dags/assets.py","lineno":1,"name":"<module>"}],"is_group":false,"exceptions":[]}]}
{"timestamp":"2026-06-12T14:15:54.291001Z","level":"error","event":"Error loading DAG from assets.py: No module named 'airflow.sdk.asset'","logger":"airflow.dag_processing.dagbag.BundleDagBag","filename":"dagbag.py","lineno":327}
{"timestamp":"2026-06-12T14:16:24.840306Z","level":"warning","event":"Error when trying to pre-import module 'airflow.sdk.asset' found in /opt/airflow/dags/assets.py: No module named 'airflow.sdk.asset'","logger":"processor"}
{"timestamp":"2026-06-12T14:16:24.880463Z","level":"info","event":"Filling up the DagBag from /opt/airflow/dags/assets.py","logger":"airflow.dag_processing.dagbag.BundleDagBag","filename":"dagbag.py","lineno":469}
{"timestamp":"2026-06-12T14:16:24.897081Z","level":"error","event":"Failed to import: /opt/airflow/dags/assets.py","logger":"airflow.dag_processing.importers.python_importer","filename":"python_importer.py","lineno":244,"error_detail":[{"exc_type":"ModuleNotFoundError","exc_value":"No module named 'airflow.sdk.asset'","exc_notes":[],"syntax_error":null,"is_cause":false,"frames":[{"filename":"/home/airflow/.local/lib/python3.13/site-packages/airflow/dag_processing/importers/python_importer.py","lineno":238,"name":"parse"},{"filename":"<frozen importlib._bootstrap_external>","lineno":1023,"name":"exec_module"},{"filename":"<frozen importlib._bootstrap>","lineno":488,"name":"_call_with_frames_removed"},{"filename":"/opt/airflow/dags/assets.py","lineno":1,"name":"<module>"}],"is_group":false,"exceptions":[]}]}
{"timestamp":"2026-06-12T14:16:24.901499Z","level":"error","event":"Error loading DAG from assets.py: No module named 'airflow.sdk.asset'","logger":"airflow.dag_processing.dagbag.BundleDagBag","filename":"dagbag.py","lineno":327}
{"timestamp":"2026-06-12T14:16:55.639674Z","level":"warning","event":"Error when trying to pre-import module 'airflow.sdk.asset' found in /opt/airflow/dags/assets.py: No module named 'airflow.sdk.asset'","logger":"processor"}
{"timestamp":"2026-06-12T14:16:55.669992Z","level":"info","event":"Filling up the DagBag from /opt/airflow/dags/assets.py","logger":"airflow.dag_processing.dagbag.BundleDagBag","filename":"dagbag.py","lineno":469}
{"timestamp":"2026-06-12T14:16:55.682361Z","level":"error","event":"Failed to import: /opt/airflow/dags/assets.py","logger":"airflow.dag_processing.importers.python_importer","filename":"python_importer.py","lineno":244,"error_detail":[{"exc_type":"ModuleNotFoundError","exc_value":"No module named 'airflow.sdk.asset'","exc_notes":[],"syntax_error":null,"is_cause":false,"frames":[{"filename":"/home/airflow/.local/lib/python3.13/site-packages/airflow/dag_processing/importers/python_importer.py","lineno":238,"name":"parse"},{"filename":"<frozen importlib._bootstrap_external>","lineno":1023,"name":"exec_module"},{"filename":"<frozen importlib._bootstrap>","lineno":488,"name":"_call_with_frames_removed"},{"filename":"/opt/airflow/dags/assets.py","lineno":1,"name":"<module>"}],"is_group":false,"exceptions":[]}]}
{"timestamp":"2026-06-12T14:16:55.685669Z","level":"error","event":"Error loading DAG from assets.py: No module named 'airflow.sdk.asset'","logger":"airflow.dag_processing.dagbag.BundleDagBag","filename":"dagbag.py","lineno":327}
{"timestamp":"2026-06-12T14:17:25.762829Z","level":"warning","event":"Error when trying to pre-import module 'airflow.sdk.asset' found in /opt/airflow/dags/assets.py: No module named 'airflow.sdk.asset'","logger":"processor"}
{"timestamp":"2026-06-12T14:17:25.792199Z","level":"info","event":"Filling up the DagBag from /opt/airflow/dags/assets.py","logger":"airflow.dag_processing.dagbag.BundleDagBag","filename":"dagbag.py","lineno":469}
{"timestamp":"2026-06-12T14:17:25.803602Z","level":"error","event":"Failed to import: /opt/airflow/dags/assets.py","logger":"airflow.dag_processing.importers.python_importer","filename":"python_importer.py","lineno":244,"error_detail":[{"exc_type":"ModuleNotFoundError","exc_value":"No module named 'airflow.sdk.asset'","exc_notes":[],"syntax_error":null,"is_cause":false,"frames":[{"filename":"/home/airflow/.local/lib/python3.13/site-packages/airflow/dag_processing/importers/python_importer.py","lineno":238,"name":"parse"},{"filename":"<frozen importlib._bootstrap_external>","lineno":1023,"name":"exec_module"},{"filename":"<frozen importlib._bootstrap>","lineno":488,"name":"_call_with_frames_removed"},{"filename":"/opt/airflow/dags/assets.py","lineno":1,"name":"<module>"}],"is_group":false,"exceptions":[]}]}
{"timestamp":"2026-06-12T14:17:25.807424Z","level":"error","event":"Error loading DAG from assets.py: No module named 'airflow.sdk.asset'","logger":"airflow.dag_processing.dagbag.BundleDagBag","filename":"dagbag.py","lineno":327}
{"timestamp":"2026-06-12T14:17:45.929070Z","level":"info","event":"Filling up the DagBag from /opt/airflow/dags/assets.py","logger":"airflow.dag_processing.dagbag.BundleDagBag","filename":"dagbag.py","lineno":469}
{"timestamp":"2026-06-12T14:18:16.861497Z","level":"info","event":"Filling up the DagBag from /opt/airflow/dags/assets.py","logger":"airflow.dag_processing.dagbag.BundleDagBag","filename":"dagbag.py","lineno":469}
{"timestamp":"2026-06-12T14:18:47.301074Z","level":"info","event":"Filling up the DagBag from /opt/airflow/dags/assets.py","logger":"airflow.dag_processing.dagbag.BundleDagBag","filename":"dagbag.py","lineno":469}
{"timestamp":"2026-06-12T14:19:17.744448Z","level":"info","event":"Filling up the DagBag from /opt/airflow/dags/assets.py","logger":"airflow.dag_processing.dagbag.BundleDagBag","filename":"dagbag.py","lineno":469}
{"timestamp":"2026-06-12T14:19:48.450472Z","level":"info","event":"Filling up the DagBag from /opt/airflow/dags/assets.py","logger":"airflow.dag_processing.dagbag.BundleDagBag","filename":"dagbag.py","lineno":469}
{"timestamp":"2026-06-12T14:20:19.047741Z","level":"info","event":"Filling up the DagBag from /opt/airflow/dags/assets.py","logger":"airflow.dag_processing.dagbag.BundleDagBag","filename":"dagbag.py","lineno":469}
{"timestamp":"2026-06-12T14:20:49.675764Z","level":"info","event":"Filling up the DagBag from /opt/airflow/dags/assets.py","logger":"airflow.dag_processing.dagbag.BundleDagBag","filename":"dagbag.py","lineno":469}
{"timestamp":"2026-06-12T14:21:20.258316Z","level":"info","event":"Filling up the DagBag from /opt/airflow/dags/assets.py","logger":"airflow.dag_processing.dagbag.BundleDagBag","filename":"dagbag.py","lineno":469}
{"timestamp":"2026-06-12T14:21:52.837532Z","level":"info","event":"Filling up the DagBag from /opt/airflow/dags/assets.py","logger":"airflow.dag_processing.dagbag.BundleDagBag","filename":"dagbag.py","lineno":469}
{"timestamp":"2026-06-12T14:22:25.480241Z","level":"info","event":"Filling up the DagBag from /opt/airflow/dags/assets.py","logger":"airflow.dag_processing.dagbag.BundleDagBag","filename":"dagbag.py","lineno":469}
{"timestamp":"2026-06-12T14:22:57.117346Z","level":"info","event":"Filling up the DagBag from /opt/airflow/dags/assets.py","logger":"airflow.dag_processing.dagbag.BundleDagBag","filename":"dagbag.py","lineno":469}
{"timestamp":"2026-06-12T14:23:29.817034Z","level":"info","event":"Filling up the DagBag from /opt/airflow/dags/assets.py","logger":"airflow.dag_processing.dagbag.BundleDagBag","filename":"dagbag.py","lineno":469}
{"timestamp":"2026-06-12T14:24:02.535466Z","level":"info","event":"Filling up the DagBag from /opt/airflow/dags/assets.py","logger":"airflow.dag_processing.dagbag.BundleDagBag","filename":"dagbag.py","lineno":469}
{"timestamp":"2026-06-12T14:25:33.689732Z","level":"info","event":"Filling up the DagBag from /opt/airflow/dags/assets.py","logger":"airflow.dag_processing.dagbag.BundleDagBag","filename":"dagbag.py","lineno":469}
{"timestamp":"2026-06-12T14:26:04.010315Z","level":"info","event":"Filling up the DagBag from /opt/airflow/dags/assets.py","logger":"airflow.dag_processing.dagbag.BundleDagBag","filename":"dagbag.py","lineno":469}
{"timestamp":"2026-06-12T14:26:34.373776Z","level":"info","event":"Filling up the DagBag from /opt/airflow/dags/assets.py","logger":"airflow.dag_processing.dagbag.BundleDagBag","filename":"dagbag.py","lineno":469}
{"timestamp":"2026-06-12T14:27:49.027932Z","level":"info","event":"Filling up the DagBag from /opt/airflow/dags/assets.py","logger":"airflow.dag_processing.dagbag.BundleDagBag","filename":"dagbag.py","lineno":469}
{"timestamp":"2026-06-12T14:28:21.996538Z","level":"info","event":"Filling up the DagBag from /opt/airflow/dags/assets.py","logger":"airflow.dag_processing.dagbag.BundleDagBag","filename":"dagbag.py","lineno":469}
{"timestamp":"2026-06-12T14:28:54.663479Z","level":"info","event":"Filling up the DagBag from /opt/airflow/dags/assets.py","logger":"airflow.dag_processing.dagbag.BundleDagBag","filename":"dagbag.py","lineno":469}
{"timestamp":"2026-06-12T14:32:05.319685Z","level":"info","event":"Filling up the DagBag from /opt/airflow/dags/assets.py","logger":"airflow.dag_processing.dagbag.BundleDagBag","filename":"dagbag.py","lineno":469}
{"timestamp":"2026-06-12T14:32:36.143560Z","level":"info","event":"Filling up the DagBag from /opt/airflow/dags/assets.py","logger":"airflow.dag_processing.dagbag.BundleDagBag","filename":"dagbag.py","lineno":469}
{"timestamp":"2026-06-12T14:33:06.637769Z","level":"info","event":"Filling up the DagBag from /opt/airflow/dags/assets.py","logger":"airflow.dag_processing.dagbag.BundleDagBag","filename":"dagbag.py","lineno":469}
{"timestamp":"2026-06-12T14:34:17.535603Z","level":"info","event":"Filling up the DagBag from /opt/airflow/dags/assets.py","logger":"airflow.dag_processing.dagbag.BundleDagBag","filename":"dagbag.py","lineno":469}
{"timestamp":"2026-06-12T14:34:48.257766Z","level":"info","event":"Filling up the DagBag from /opt/airflow/dags/assets.py","logger":"airflow.dag_processing.dagbag.BundleDagBag","filename":"dagbag.py","lineno":469}
{"timestamp":"2026-06-12T14:35:18.824941Z","level":"info","event":"Filling up the DagBag from /opt/airflow/dags/assets.py","logger":"airflow.dag_processing.dagbag.BundleDagBag","filename":"dagbag.py","lineno":469}
{"timestamp":"2026-06-12T14:35:49.242299Z","level":"info","event":"Filling up the DagBag from /opt/airflow/dags/assets.py","logger":"airflow.dag_processing.dagbag.BundleDagBag","filename":"dagbag.py","lineno":469}
{"timestamp":"2026-06-12T14:36:19.737709Z","level":"info","event":"Filling up the DagBag from /opt/airflow/dags/assets.py","logger":"airflow.dag_processing.dagbag.BundleDagBag","filename":"dagbag.py","lineno":469}
{"timestamp":"2026-06-12T14:36:50.367264Z","level":"info","event":"Filling up the DagBag from /opt/airflow/dags/assets.py","logger":"airflow.dag_processing.dagbag.BundleDagBag","filename":"dagbag.py","lineno":469}
{"timestamp":"2026-06-12T14:37:20.901128Z","level":"info","event":"Filling up the DagBag from /opt/airflow/dags/assets.py","logger":"airflow.dag_processing.dagbag.BundleDagBag","filename":"dagbag.py","lineno":469}
{"timestamp":"2026-06-12T14:37:51.602932Z","level":"info","event":"Filling up the DagBag from /opt/airflow/dags/assets.py","logger":"airflow.dag_processing.dagbag.BundleDagBag","filename":"dagbag.py","lineno":469}
{"timestamp":"2026-06-12T14:38:22.484734Z","level":"info","event":"Filling up the DagBag from /opt/airflow/dags/assets.py","logger":"airflow.dag_processing.dagbag.BundleDagBag","filename":"dagbag.py","lineno":469}
{"timestamp":"2026-06-12T14:38:52.950783Z","level":"info","event":"Filling up the DagBag from /opt/airflow/dags/assets.py","logger":"airflow.dag_processing.dagbag.BundleDagBag","filename":"dagbag.py","lineno":469}
{"timestamp":"2026-06-12T14:39:23.549911Z","level":"info","event":"Filling up the DagBag from /opt/airflow/dags/assets.py","logger":"airflow.dag_processing.dagbag.BundleDagBag","filename":"dagbag.py","lineno":469}
{"timestamp":"2026-06-12T14:39:54.238511Z","level":"info","event":"Filling up the DagBag from /opt/airflow/dags/assets.py","logger":"airflow.dag_processing.dagbag.BundleDagBag","filename":"dagbag.py","lineno":469}
{"timestamp":"2026-06-12T14:40:24.725914Z","level":"info","event":"Filling up the DagBag from /opt/airflow/dags/assets.py","logger":"airflow.dag_processing.dagbag.BundleDagBag","filename":"dagbag.py","lineno":469}
{"timestamp":"2026-06-12T14:40:55.135486Z","level":"info","event":"Filling up the DagBag from /opt/airflow/dags/assets.py","logger":"airflow.dag_processing.dagbag.BundleDagBag","filename":"dagbag.py","lineno":469}
{"timestamp":"2026-06-12T14:41:27.833173Z","level":"info","event":"Filling up the DagBag from /opt/airflow/dags/assets.py","logger":"airflow.dag_processing.dagbag.BundleDagBag","filename":"dagbag.py","lineno":469}
{"timestamp":"2026-06-12T14:42:00.411125Z","level":"info","event":"Filling up the DagBag from /opt/airflow/dags/assets.py","logger":"airflow.dag_processing.dagbag.BundleDagBag","filename":"dagbag.py","lineno":469}
{"timestamp":"2026-06-12T14:42:32.953611Z","level":"info","event":"Filling up the DagBag from /opt/airflow/dags/assets.py","logger":"airflow.dag_processing.dagbag.BundleDagBag","filename":"dagbag.py","lineno":469}
{"timestamp":"2026-06-12T14:43:06.513797Z","level":"info","event":"Filling up the DagBag from /opt/airflow/dags/assets.py","logger":"airflow.dag_processing.dagbag.BundleDagBag","filename":"dagbag.py","lineno":469}
{"timestamp":"2026-06-12T14:43:39.106784Z","level":"info","event":"Filling up the DagBag from /opt/airflow/dags/assets.py","logger":"airflow.dag_processing.dagbag.BundleDagBag","filename":"dagbag.py","lineno":469}
{"timestamp":"2026-06-12T14:44:11.595064Z","level":"info","event":"Filling up the DagBag from /opt/airflow/dags/assets.py","logger":"airflow.dag_processing.dagbag.BundleDagBag","filename":"dagbag.py","lineno":469}
{"timestamp":"2026-06-12T14:44:44.088155Z","level":"info","event":"Filling up the DagBag from /opt/airflow/dags/assets.py","logger":"airflow.dag_processing.dagbag.BundleDagBag","filename":"dagbag.py","lineno":469}
{"timestamp":"2026-06-12T14:45:16.787297Z","level":"info","event":"Filling up the DagBag from /opt/airflow/dags/assets.py","logger":"airflow.dag_processing.dagbag.BundleDagBag","filename":"dagbag.py","lineno":469}
{"timestamp":"2026-06-12T14:45:49.322894Z","level":"info","event":"Filling up the DagBag from /opt/airflow/dags/assets.py","logger":"airflow.dag_processing.dagbag.BundleDagBag","filename":"dagbag.py","lineno":469}
{"timestamp":"2026-06-12T14:46:22.835602Z","level":"info","event":"Filling up the DagBag from /opt/airflow/dags/assets.py","logger":"airflow.dag_processing.dagbag.BundleDagBag","filename":"dagbag.py","lineno":469}
{"timestamp":"2026-06-12T14:46:55.367857Z","level":"info","event":"Filling up the DagBag from /opt/airflow/dags/assets.py","logger":"airflow.dag_processing.dagbag.BundleDagBag","filename":"dagbag.py","lineno":469}
{"timestamp":"2026-06-12T14:47:27.882024Z","level":"info","event":"Filling up the DagBag from /opt/airflow/dags/assets.py","logger":"airflow.dag_processing.dagbag.BundleDagBag","filename":"dagbag.py","lineno":469}
{"timestamp":"2026-06-12T14:48:00.323847Z","level":"info","event":"Filling up the DagBag from /opt/airflow/dags/assets.py","logger":"airflow.dag_processing.dagbag.BundleDagBag","filename":"dagbag.py","lineno":469}
{"timestamp":"2026-06-12T14:48:33.773047Z","level":"info","event":"Filling up the DagBag from /opt/airflow/dags/assets.py","logger":"airflow.dag_processing.dagbag.BundleDagBag","filename":"dagbag.py","lineno":469}
{"timestamp":"2026-06-12T14:49:06.183194Z","level":"info","event":"Filling up the DagBag from /opt/airflow/dags/assets.py","logger":"airflow.dag_processing.dagbag.BundleDagBag","filename":"dagbag.py","lineno":469}
{"timestamp":"2026-06-12T14:49:38.629520Z","level":"info","event":"Filling up the DagBag from /opt/airflow/dags/assets.py","logger":"airflow.dag_processing.dagbag.BundleDagBag","filename":"dagbag.py","lineno":469}
{"timestamp":"2026-06-12T14:50:11.236556Z","level":"info","event":"Filling up the DagBag from /opt/airflow/dags/assets.py","logger":"airflow.dag_processing.dagbag.BundleDagBag","filename":"dagbag.py","lineno":469}
{"timestamp":"2026-06-12T14:50:42.848910Z","level":"info","event":"Filling up the DagBag from /opt/airflow/dags/assets.py","logger":"airflow.dag_processing.dagbag.BundleDagBag","filename":"dagbag.py","lineno":469}
{"timestamp":"2026-06-12T14:51:13.740058Z","level":"info","event":"Filling up the DagBag from /opt/airflow/dags/assets.py","logger":"airflow.dag_processing.dagbag.BundleDagBag","filename":"dagbag.py","lineno":469}
{"timestamp":"2026-06-12T14:51:44.579561Z","level":"info","event":"Filling up the DagBag from /opt/airflow/dags/assets.py","logger":"airflow.dag_processing.dagbag.BundleDagBag","filename":"dagbag.py","lineno":469}
{"timestamp":"2026-06-12T14:52:15.436172Z","level":"info","event":"Filling up the DagBag from /opt/airflow/dags/assets.py","logger":"airflow.dag_processing.dagbag.BundleDagBag","filename":"dagbag.py","lineno":469}
{"timestamp":"2026-06-12T14:52:46.246750Z","level":"info","event":"Filling up the DagBag from /opt/airflow/dags/assets.py","logger":"airflow.dag_processing.dagbag.BundleDagBag","filename":"dagbag.py","lineno":469}
{"timestamp":"2026-06-12T14:53:17.115604Z","level":"info","event":"Filling up the DagBag from /opt/airflow/dags/assets.py","logger":"airflow.dag_processing.dagbag.BundleDagBag","filename":"dagbag.py","lineno":469}
{"timestamp":"2026-06-12T14:53:47.936966Z","level":"info","event":"Filling up the DagBag from /opt/airflow/dags/assets.py","logger":"airflow.dag_processing.dagbag.BundleDagBag","filename":"dagbag.py","lineno":469}
{"timestamp":"2026-06-12T14:54:18.846225Z","level":"info","event":"Filling up the DagBag from /opt/airflow/dags/assets.py","logger":"airflow.dag_processing.dagbag.BundleDagBag","filename":"dagbag.py","lineno":469}
{"timestamp":"2026-06-12T14:54:49.686742Z","level":"info","event":"Filling up the DagBag from /opt/airflow/dags/assets.py","logger":"airflow.dag_processing.dagbag.BundleDagBag","filename":"dagbag.py","lineno":469}
{"timestamp":"2026-06-12T14:55:20.483794Z","level":"info","event":"Filling up the DagBag from /opt/airflow/dags/assets.py","logger":"airflow.dag_processing.dagbag.BundleDagBag","filename":"dagbag.py","lineno":469}
{"timestamp":"2026-06-12T14:55:51.317059Z","level":"info","event":"Filling up the DagBag from /opt/airflow/dags/assets.py","logger":"airflow.dag_processing.dagbag.BundleDagBag","filename":"dagbag.py","lineno":469}
{"timestamp":"2026-06-12T14:56:22.132400Z","level":"info","event":"Filling up the DagBag from /opt/airflow/dags/assets.py","logger":"airflow.dag_processing.dagbag.BundleDagBag","filename":"dagbag.py","lineno":469}
{"timestamp":"2026-06-12T14:56:52.933206Z","level":"info","event":"Filling up the DagBag from /opt/airflow/dags/assets.py","logger":"airflow.dag_processing.dagbag.BundleDagBag","filename":"dagbag.py","lineno":469}
{"timestamp":"2026-06-12T14:57:23.721206Z","level":"info","event":"Filling up the DagBag from /opt/airflow/dags/assets.py","logger":"airflow.dag_processing.dagbag.BundleDagBag","filename":"dagbag.py","lineno":469}
{"timestamp":"2026-06-12T14:57:54.527474Z","level":"info","event":"Filling up the DagBag from /opt/airflow/dags/assets.py","logger":"airflow.dag_processing.dagbag.BundleDagBag","filename":"dagbag.py","lineno":469}
{"timestamp":"2026-06-12T14:58:25.347871Z","level":"info","event":"Filling up the DagBag from /opt/airflow/dags/assets.py","logger":"airflow.dag_processing.dagbag.BundleDagBag","filename":"dagbag.py","lineno":469}
{"timestamp":"2026-06-12T14:58:56.185449Z","level":"info","event":"Filling up the DagBag from /opt/airflow/dags/assets.py","logger":"airflow.dag_processing.dagbag.BundleDagBag","filename":"dagbag.py","lineno":469}
{"timestamp":"2026-06-12T14:59:26.998954Z","level":"info","event":"Filling up the DagBag from /opt/airflow/dags/assets.py","logger":"airflow.dag_processing.dagbag.BundleDagBag","filename":"dagbag.py","lineno":469}
{"timestamp":"2026-06-12T14:59:57.814724Z","level":"info","event":"Filling up the DagBag from /opt/airflow/dags/assets.py","logger":"airflow.dag_processing.dagbag.BundleDagBag","filename":"dagbag.py","lineno":469}
{"timestamp":"2026-06-12T15:00:28.637692Z","level":"info","event":"Filling up the DagBag from /opt/airflow/dags/assets.py","logger":"airflow.dag_processing.dagbag.BundleDagBag","filename":"dagbag.py","lineno":469}
{"timestamp":"2026-06-12T15:00:59.799470Z","level":"info","event":"Filling up the DagBag from /opt/airflow/dags/assets.py","logger":"airflow.dag_processing.dagbag.BundleDagBag","filename":"dagbag.py","lineno":469}
{"timestamp":"2026-06-12T15:01:30.071702Z","level":"info","event":"Filling up the DagBag from /opt/airflow/dags/assets.py","logger":"airflow.dag_processing.dagbag.BundleDagBag","filename":"dagbag.py","lineno":469}
{"timestamp":"2026-06-12T15:02:00.877645Z","level":"info","event":"Filling up the DagBag from /opt/airflow/dags/assets.py","logger":"airflow.dag_processing.dagbag.BundleDagBag","filename":"dagbag.py","lineno":469}
{"timestamp":"2026-06-12T15:02:31.704422Z","level":"info","event":"Filling up the DagBag from /opt/airflow/dags/assets.py","logger":"airflow.dag_processing.dagbag.BundleDagBag","filename":"dagbag.py","lineno":469}
{"timestamp":"2026-06-12T15:03:02.495904Z","level":"info","event":"Filling up the DagBag from /opt/airflow/dags/assets.py","logger":"airflow.dag_processing.dagbag.BundleDagBag","filename":"dagbag.py","lineno":469}
{"timestamp":"2026-06-12T15:03:33.313067Z","level":"info","event":"Filling up the DagBag from /opt/airflow/dags/assets.py","logger":"airflow.dag_processing.dagbag.BundleDagBag","filename":"dagbag.py","lineno":469}
{"timestamp":"2026-06-12T15:04:04.146943Z","level":"info","event":"Filling up the DagBag from /opt/airflow/dags/assets.py","logger":"airflow.dag_processing.dagbag.BundleDagBag","filename":"dagbag.py","lineno":469}
{"timestamp":"2026-06-12T15:04:34.949384Z","level":"info","event":"Filling up the DagBag from /opt/airflow/dags/assets.py","logger":"airflow.dag_processing.dagbag.BundleDagBag","filename":"dagbag.py","lineno":469}
{"timestamp":"2026-06-12T15:05:05.762909Z","level":"info","event":"Filling up the DagBag from /opt/airflow/dags/assets.py","logger":"airflow.dag_processing.dagbag.BundleDagBag","filename":"dagbag.py","lineno":469}
{"timestamp":"2026-06-12T15:05:36.552094Z","level":"info","event":"Filling up the DagBag from /opt/airflow/dags/assets.py","logger":"airflow.dag_processing.dagbag.BundleDagBag","filename":"dagbag.py","lineno":469}
{"timestamp":"2026-06-12T15:06:07.423751Z","level":"info","event":"Filling up the DagBag from /opt/airflow/dags/assets.py","logger":"airflow.dag_processing.dagbag.BundleDagBag","filename":"dagbag.py","lineno":469}
{"timestamp":"2026-06-12T15:06:38.309995Z","level":"info","event":"Filling up the DagBag from /opt/airflow/dags/assets.py","logger":"airflow.dag_processing.dagbag.BundleDagBag","filename":"dagbag.py","lineno":469}
{"timestamp":"2026-06-12T15:07:09.119758Z","level":"info","event":"Filling up the DagBag from /opt/airflow/dags/assets.py","logger":"airflow.dag_processing.dagbag.BundleDagBag","filename":"dagbag.py","lineno":469}
{"timestamp":"2026-06-12T15:07:39.989070Z","level":"info","event":"Filling up the DagBag from /opt/airflow/dags/assets.py","logger":"airflow.dag_processing.dagbag.BundleDagBag","filename":"dagbag.py","lineno":469}
{"timestamp":"2026-06-12T15:08:10.796101Z","level":"info","event":"Filling up the DagBag from /opt/airflow/dags/assets.py","logger":"airflow.dag_processing.dagbag.BundleDagBag","filename":"dagbag.py","lineno":469}
{"timestamp":"2026-06-12T15:08:41.594057Z","level":"info","event":"Filling up the DagBag from /opt/airflow/dags/assets.py","logger":"airflow.dag_processing.dagbag.BundleDagBag","filename":"dagbag.py","lineno":469}
{"timestamp":"2026-06-12T15:09:12.380958Z","level":"info","event":"Filling up the DagBag from /opt/airflow/dags/assets.py","logger":"airflow.dag_processing.dagbag.BundleDagBag","filename":"dagbag.py","lineno":469}
{"timestamp":"2026-06-12T15:09:43.209899Z","level":"info","event":"Filling up the DagBag from /opt/airflow/dags/assets.py","logger":"airflow.dag_processing.dagbag.BundleDagBag","filename":"dagbag.py","lineno":469}
{"timestamp":"2026-06-12T15:10:14.056086Z","level":"info","event":"Filling up the DagBag from /opt/airflow/dags/assets.py","logger":"airflow.dag_processing.dagbag.BundleDagBag","filename":"dagbag.py","lineno":469}
{"timestamp":"2026-06-12T15:10:44.969208Z","level":"info","event":"Filling up the DagBag from /opt/airflow/dags/assets.py","logger":"airflow.dag_processing.dagbag.BundleDagBag","filename":"dagbag.py","lineno":469}
{"timestamp":"2026-06-12T15:11:15.816831Z","level":"info","event":"Filling up the DagBag from /opt/airflow/dags/assets.py","logger":"airflow.dag_processing.dagbag.BundleDagBag","filename":"dagbag.py","lineno":469}
{"timestamp":"2026-06-12T15:11:46.652613Z","level":"info","event":"Filling up the DagBag from /opt/airflow/dags/assets.py","logger":"airflow.dag_processing.dagbag.BundleDagBag","filename":"dagbag.py","lineno":469}
{"timestamp":"2026-06-12T15:12:17.439179Z","level":"info","event":"Filling up the DagBag from /opt/airflow/dags/assets.py","logger":"airflow.dag_processing.dagbag.BundleDagBag","filename":"dagbag.py","lineno":469}
{"timestamp":"2026-06-12T15:12:48.277610Z","level":"info","event":"Filling up the DagBag from /opt/airflow/dags/assets.py","logger":"airflow.dag_processing.dagbag.BundleDagBag","filename":"dagbag.py","lineno":469}
{"timestamp":"2026-06-12T15:13:19.030009Z","level":"info","event":"Filling up the DagBag from /opt/airflow/dags/assets.py","logger":"airflow.dag_processing.dagbag.BundleDagBag","filename":"dagbag.py","lineno":469}
{"timestamp":"2026-06-12T15:13:49.802362Z","level":"info","event":"Filling up the DagBag from /opt/airflow/dags/assets.py","logger":"airflow.dag_processing.dagbag.BundleDagBag","filename":"dagbag.py","lineno":469}
{"timestamp":"2026-06-12T15:14:20.590748Z","level":"info","event":"Filling up the DagBag from /opt/airflow/dags/assets.py","logger":"airflow.dag_processing.dagbag.BundleDagBag","filename":"dagbag.py","lineno":469}
{"timestamp":"2026-06-12T15:14:51.374426Z","level":"info","event":"Filling up the DagBag from /opt/airflow/dags/assets.py","logger":"airflow.dag_processing.dagbag.BundleDagBag","filename":"dagbag.py","lineno":469}
{"timestamp":"2026-06-12T15:15:22.230110Z","level":"info","event":"Filling up the DagBag from /opt/airflow/dags/assets.py","logger":"airflow.dag_processing.dagbag.BundleDagBag","filename":"dagbag.py","lineno":469}
{"timestamp":"2026-06-12T15:15:52.997226Z","level":"info","event":"Filling up the DagBag from /opt/airflow/dags/assets.py","logger":"airflow.dag_processing.dagbag.BundleDagBag","filename":"dagbag.py","lineno":469}
{"timestamp":"2026-06-12T15:16:23.775143Z","level":"info","event":"Filling up the DagBag from /opt/airflow/dags/assets.py","logger":"airflow.dag_processing.dagbag.BundleDagBag","filename":"dagbag.py","lineno":469}
{"timestamp":"2026-06-12T15:16:54.556634Z","level":"info","event":"Filling up the DagBag from /opt/airflow/dags/assets.py","logger":"airflow.dag_processing.dagbag.BundleDagBag","filename":"dagbag.py","lineno":469}
{"timestamp":"2026-06-12T15:17:25.354741Z","level":"info","event":"Filling up the DagBag from /opt/airflow/dags/assets.py","logger":"airflow.dag_processing.dagbag.BundleDagBag","filename":"dagbag.py","lineno":469}
{"timestamp":"2026-06-12T15:17:56.133509Z","level":"info","event":"Filling up the DagBag from /opt/airflow/dags/assets.py","logger":"airflow.dag_processing.dagbag.BundleDagBag","filename":"dagbag.py","lineno":469}
{"timestamp":"2026-06-12T15:18:26.929475Z","level":"info","event":"Filling up the DagBag from /opt/airflow/dags/assets.py","logger":"airflow.dag_processing.dagbag.BundleDagBag","filename":"dagbag.py","lineno":469}
{"timestamp":"2026-06-12T15:18:57.711157Z","level":"info","event":"Filling up the DagBag from /opt/airflow/dags/assets.py","logger":"airflow.dag_processing.dagbag.BundleDagBag","filename":"dagbag.py","lineno":469}
{"timestamp":"2026-06-12T15:19:27.940315Z","level":"info","event":"Filling up the DagBag from /opt/airflow/dags/assets.py","logger":"airflow.dag_processing.dagbag.BundleDagBag","filename":"dagbag.py","lineno":469}
{"timestamp":"2026-06-12T15:19:58.707301Z","level":"info","event":"Filling up the DagBag from /opt/airflow/dags/assets.py","logger":"airflow.dag_processing.dagbag.BundleDagBag","filename":"dagbag.py","lineno":469}
{"timestamp":"2026-06-12T15:20:29.498712Z","level":"info","event":"Filling up the DagBag from /opt/airflow/dags/assets.py","logger":"airflow.dag_processing.dagbag.BundleDagBag","filename":"dagbag.py","lineno":469}
{"timestamp":"2026-06-12T15:21:00.330463Z","level":"info","event":"Filling up the DagBag from /opt/airflow/dags/assets.py","logger":"airflow.dag_processing.dagbag.BundleDagBag","filename":"dagbag.py","lineno":469}
{"timestamp":"2026-06-12T15:21:31.115376Z","level":"info","event":"Filling up the DagBag from /opt/airflow/dags/assets.py","logger":"airflow.dag_processing.dagbag.BundleDagBag","filename":"dagbag.py","lineno":469}
{"timestamp":"2026-06-12T15:22:01.883676Z","level":"info","event":"Filling up the DagBag from /opt/airflow/dags/assets.py","logger":"airflow.dag_processing.dagbag.BundleDagBag","filename":"dagbag.py","lineno":469}
{"timestamp":"2026-06-12T15:22:32.639084Z","level":"info","event":"Filling up the DagBag from /opt/airflow/dags/assets.py","logger":"airflow.dag_processing.dagbag.BundleDagBag","filename":"dagbag.py","lineno":469}
{"timestamp":"2026-06-12T15:23:03.420147Z","level":"info","event":"Filling up the DagBag from /opt/airflow/dags/assets.py","logger":"airflow.dag_processing.dagbag.BundleDagBag","filename":"dagbag.py","lineno":469}
{"timestamp":"2026-06-12T15:23:34.230896Z","level":"info","event":"Filling up the DagBag from /opt/airflow/dags/assets.py","logger":"airflow.dag_processing.dagbag.BundleDagBag","filename":"dagbag.py","lineno":469}
{"timestamp":"2026-06-12T15:24:04.969221Z","level":"info","event":"Filling up the DagBag from /opt/airflow/dags/assets.py","logger":"airflow.dag_processing.dagbag.BundleDagBag","filename":"dagbag.py","lineno":469}
{"timestamp":"2026-06-12T15:24:35.705561Z","level":"info","event":"Filling up the DagBag from /opt/airflow/dags/assets.py","logger":"airflow.dag_processing.dagbag.BundleDagBag","filename":"dagbag.py","lineno":469}
{"timestamp":"2026-06-12T15:25:06.474208Z","level":"info","event":"Filling up the DagBag from /opt/airflow/dags/assets.py","logger":"airflow.dag_processing.dagbag.BundleDagBag","filename":"dagbag.py","lineno":469}
{"timestamp":"2026-06-12T15:25:37.218581Z","level":"info","event":"Filling up the DagBag from /opt/airflow/dags/assets.py","logger":"airflow.dag_processing.dagbag.BundleDagBag","filename":"dagbag.py","lineno":469}
{"timestamp":"2026-06-12T15:26:08.029340Z","level":"info","event":"Filling up the DagBag from /opt/airflow/dags/assets.py","logger":"airflow.dag_processing.dagbag.BundleDagBag","filename":"dagbag.py","lineno":469}
{"timestamp":"2026-06-12T15:26:38.859078Z","level":"info","event":"Filling up the DagBag from /opt/airflow/dags/assets.py","logger":"airflow.dag_processing.dagbag.BundleDagBag","filename":"dagbag.py","lineno":469}
{"timestamp":"2026-06-12T15:27:09.716281Z","level":"info","event":"Filling up the DagBag from /opt/airflow/dags/assets.py","logger":"airflow.dag_processing.dagbag.BundleDagBag","filename":"dagbag.py","lineno":469}
{"timestamp":"2026-06-12T15:27:40.573076Z","level":"info","event":"Filling up the DagBag from /opt/airflow/dags/assets.py","logger":"airflow.dag_processing.dagbag.BundleDagBag","filename":"dagbag.py","lineno":469}
{"timestamp":"2026-06-12T15:28:11.294287Z","level":"info","event":"Filling up the DagBag from /opt/airflow/dags/assets.py","logger":"airflow.dag_processing.dagbag.BundleDagBag","filename":"dagbag.py","lineno":469}
{"timestamp":"2026-06-12T15:28:42.046744Z","level":"info","event":"Filling up the DagBag from /opt/airflow/dags/assets.py","logger":"airflow.dag_processing.dagbag.BundleDagBag","filename":"dagbag.py","lineno":469}
{"timestamp":"2026-06-12T15:29:12.806520Z","level":"info","event":"Filling up the DagBag from /opt/airflow/dags/assets.py","logger":"airflow.dag_processing.dagbag.BundleDagBag","filename":"dagbag.py","lineno":469}
{"timestamp":"2026-06-12T15:29:43.550970Z","level":"info","event":"Filling up the DagBag from /opt/airflow/dags/assets.py","logger":"airflow.dag_processing.dagbag.BundleDagBag","filename":"dagbag.py","lineno":469}
{"timestamp":"2026-06-12T15:30:14.304990Z","level":"info","event":"Filling up the DagBag from /opt/airflow/dags/assets.py","logger":"airflow.dag_processing.dagbag.BundleDagBag","filename":"dagbag.py","lineno":469}
{"timestamp":"2026-06-12T15:30:45.041694Z","level":"info","event":"Filling up the DagBag from /opt/airflow/dags/assets.py","logger":"airflow.dag_processing.dagbag.BundleDagBag","filename":"dagbag.py","lineno":469}
{"timestamp":"2026-06-12T15:31:15.790213Z","level":"info","event":"Filling up the DagBag from /opt/airflow/dags/assets.py","logger":"airflow.dag_processing.dagbag.BundleDagBag","filename":"dagbag.py","lineno":469}
{"timestamp":"2026-06-12T15:31:46.565889Z","level":"info","event":"Filling up the DagBag from /opt/airflow/dags/assets.py","logger":"airflow.dag_processing.dagbag.BundleDagBag","filename":"dagbag.py","lineno":469}
{"timestamp":"2026-06-12T15:32:17.363894Z","level":"info","event":"Filling up the DagBag from /opt/airflow/dags/assets.py","logger":"airflow.dag_processing.dagbag.BundleDagBag","filename":"dagbag.py","lineno":469}
{"timestamp":"2026-06-12T15:32:48.137229Z","level":"info","event":"Filling up the DagBag from /opt/airflow/dags/assets.py","logger":"airflow.dag_processing.dagbag.BundleDagBag","filename":"dagbag.py","lineno":469}
{"timestamp":"2026-06-12T15:33:18.874691Z","level":"info","event":"Filling up the DagBag from /opt/airflow/dags/assets.py","logger":"airflow.dag_processing.dagbag.BundleDagBag","filename":"dagbag.py","lineno":469}
{"timestamp":"2026-06-12T15:33:49.677013Z","level":"info","event":"Filling up the DagBag from /opt/airflow/dags/assets.py","logger":"airflow.dag_processing.dagbag.BundleDagBag","filename":"dagbag.py","lineno":469}
{"timestamp":"2026-06-12T15:34:20.458546Z","level":"info","event":"Filling up the DagBag from /opt/airflow/dags/assets.py","logger":"airflow.dag_processing.dagbag.BundleDagBag","filename":"dagbag.py","lineno":469}
{"timestamp":"2026-06-12T15:34:51.226277Z","level":"info","event":"Filling up the DagBag from /opt/airflow/dags/assets.py","logger":"airflow.dag_processing.dagbag.BundleDagBag","filename":"dagbag.py","lineno":469}
{"timestamp":"2026-06-12T15:35:22.001812Z","level":"info","event":"Filling up the DagBag from /opt/airflow/dags/assets.py","logger":"airflow.dag_processing.dagbag.BundleDagBag","filename":"dagbag.py","lineno":469}
{"timestamp":"2026-06-12T15:35:52.760040Z","level":"info","event":"Filling up the DagBag from /opt/airflow/dags/assets.py","logger":"airflow.dag_processing.dagbag.BundleDagBag","filename":"dagbag.py","lineno":469}
{"timestamp":"2026-06-12T15:36:23.639218Z","level":"info","event":"Filling up the DagBag from /opt/airflow/dags/assets.py","logger":"airflow.dag_processing.dagbag.BundleDagBag","filename":"dagbag.py","lineno":469}
{"timestamp":"2026-06-12T15:36:54.399713Z","level":"info","event":"Filling up the DagBag from /opt/airflow/dags/assets.py","logger":"airflow.dag_processing.dagbag.BundleDagBag","filename":"dagbag.py","lineno":469}
{"timestamp":"2026-06-12T15:37:25.170971Z","level":"info","event":"Filling up the DagBag from /opt/airflow/dags/assets.py","logger":"airflow.dag_processing.dagbag.BundleDagBag","filename":"dagbag.py","lineno":469}
{"timestamp":"2026-06-12T15:37:55.889343Z","level":"info","event":"Filling up the DagBag from /opt/airflow/dags/assets.py","logger":"airflow.dag_processing.dagbag.BundleDagBag","filename":"dagbag.py","lineno":469}
{"timestamp":"2026-06-12T15:38:26.673313Z","level":"info","event":"Filling up the DagBag from /opt/airflow/dags/assets.py","logger":"airflow.dag_processing.dagbag.BundleDagBag","filename":"dagbag.py","lineno":469}
{"timestamp":"2026-06-12T15:38:57.405186Z","level":"info","event":"Filling up the DagBag from /opt/airflow/dags/assets.py","logger":"airflow.dag_processing.dagbag.BundleDagBag","filename":"dagbag.py","lineno":469}
{"timestamp":"2026-06-12T15:39:28.138484Z","level":"info","event":"Filling up the DagBag from /opt/airflow/dags/assets.py","logger":"airflow.dag_processing.dagbag.BundleDagBag","filename":"dagbag.py","lineno":469}
{"timestamp":"2026-06-12T15:39:58.900804Z","level":"info","event":"Filling up the DagBag from /opt/airflow/dags/assets.py","logger":"airflow.dag_processing.dagbag.BundleDagBag","filename":"dagbag.py","lineno":469}
{"timestamp":"2026-06-12T15:40:29.698677Z","level":"info","event":"Filling up the DagBag from /opt/airflow/dags/assets.py","logger":"airflow.dag_processing.dagbag.BundleDagBag","filename":"dagbag.py","lineno":469}
{"timestamp":"2026-06-12T15:41:00.448439Z","level":"info","event":"Filling up the DagBag from /opt/airflow/dags/assets.py","logger":"airflow.dag_processing.dagbag.BundleDagBag","filename":"dagbag.py","lineno":469}
{"timestamp":"2026-06-12T15:41:31.159576Z","level":"info","event":"Filling up the DagBag from /opt/airflow/dags/assets.py","logger":"airflow.dag_processing.dagbag.BundleDagBag","filename":"dagbag.py","lineno":469}
{"timestamp":"2026-06-12T15:42:01.950346Z","level":"info","event":"Filling up the DagBag from /opt/airflow/dags/assets.py","logger":"airflow.dag_processing.dagbag.BundleDagBag","filename":"dagbag.py","lineno":469}
{"timestamp":"2026-06-12T15:42:32.693697Z","level":"info","event":"Filling up the DagBag from /opt/airflow/dags/assets.py","logger":"airflow.dag_processing.dagbag.BundleDagBag","filename":"dagbag.py","lineno":469}
{"timestamp":"2026-06-12T15:43:03.441334Z","level":"info","event":"Filling up the DagBag from /opt/airflow/dags/assets.py","logger":"airflow.dag_processing.dagbag.BundleDagBag","filename":"dagbag.py","lineno":469}
{"timestamp":"2026-06-12T15:43:34.198051Z","level":"info","event":"Filling up the DagBag from /opt/airflow/dags/assets.py","logger":"airflow.dag_processing.dagbag.BundleDagBag","filename":"dagbag.py","lineno":469}
{"timestamp":"2026-06-12T15:44:04.965660Z","level":"info","event":"Filling up the DagBag from /opt/airflow/dags/assets.py","logger":"airflow.dag_processing.dagbag.BundleDagBag","filename":"dagbag.py","lineno":469}
{"timestamp":"2026-06-12T15:44:35.720675Z","level":"info","event":"Filling up the DagBag from /opt/airflow/dags/assets.py","logger":"airflow.dag_processing.dagbag.BundleDagBag","filename":"dagbag.py","lineno":469}
{"timestamp":"2026-06-12T15:45:06.452557Z","level":"info","event":"Filling up the DagBag from /opt/airflow/dags/assets.py","logger":"airflow.dag_processing.dagbag.BundleDagBag","filename":"dagbag.py","lineno":469}
{"timestamp":"2026-06-12T15:45:37.193306Z","level":"info","event":"Filling up the DagBag from /opt/airflow/dags/assets.py","logger":"airflow.dag_processing.dagbag.BundleDagBag","filename":"dagbag.py","lineno":469}
{"timestamp":"2026-06-12T15:46:07.964096Z","level":"info","event":"Filling up the DagBag from /opt/airflow/dags/assets.py","logger":"airflow.dag_processing.dagbag.BundleDagBag","filename":"dagbag.py","lineno":469}
{"timestamp":"2026-06-12T15:46:38.712429Z","level":"info","event":"Filling up the DagBag from /opt/airflow/dags/assets.py","logger":"airflow.dag_processing.dagbag.BundleDagBag","filename":"dagbag.py","lineno":469}
{"timestamp":"2026-06-12T15:47:09.395659Z","level":"info","event":"Filling up the DagBag from /opt/airflow/dags/assets.py","logger":"airflow.dag_processing.dagbag.BundleDagBag","filename":"dagbag.py","lineno":469}
{"timestamp":"2026-06-12T15:47:40.261654Z","level":"info","event":"Filling up the DagBag from /opt/airflow/dags/assets.py","logger":"airflow.dag_processing.dagbag.BundleDagBag","filename":"dagbag.py","lineno":469}
{"timestamp":"2026-06-12T15:48:11.002611Z","level":"info","event":"Filling up the DagBag from /opt/airflow/dags/assets.py","logger":"airflow.dag_processing.dagbag.BundleDagBag","filename":"dagbag.py","lineno":469}
{"timestamp":"2026-06-12T15:48:41.741934Z","level":"info","event":"Filling up the DagBag from /opt/airflow/dags/assets.py","logger":"airflow.dag_processing.dagbag.BundleDagBag","filename":"dagbag.py","lineno":469}
{"timestamp":"2026-06-12T15:49:12.489455Z","level":"info","event":"Filling up the DagBag from /opt/airflow/dags/assets.py","logger":"airflow.dag_processing.dagbag.BundleDagBag","filename":"dagbag.py","lineno":469}
{"timestamp":"2026-06-12T15:49:43.235210Z","level":"info","event":"Filling up the DagBag from /opt/airflow/dags/assets.py","logger":"airflow.dag_processing.dagbag.BundleDagBag","filename":"dagbag.py","lineno":469}
{"timestamp":"2026-06-12T15:50:13.984822Z","level":"info","event":"Filling up the DagBag from /opt/airflow/dags/assets.py","logger":"airflow.dag_processing.dagbag.BundleDagBag","filename":"dagbag.py","lineno":469}
{"timestamp":"2026-06-12T15:50:44.686974Z","level":"info","event":"Filling up the DagBag from /opt/airflow/dags/assets.py","logger":"airflow.dag_processing.dagbag.BundleDagBag","filename":"dagbag.py","lineno":469}
{"timestamp":"2026-06-12T15:51:15.491620Z","level":"info","event":"Filling up the DagBag from /opt/airflow/dags/assets.py","logger":"airflow.dag_processing.dagbag.BundleDagBag","filename":"dagbag.py","lineno":469}
{"timestamp":"2026-06-12T15:51:46.265760Z","level":"info","event":"Filling up the DagBag from /opt/airflow/dags/assets.py","logger":"airflow.dag_processing.dagbag.BundleDagBag","filename":"dagbag.py","lineno":469}
{"timestamp":"2026-06-12T15:52:17.014010Z","level":"info","event":"Filling up the DagBag from /opt/airflow/dags/assets.py","logger":"airflow.dag_processing.dagbag.BundleDagBag","filename":"dagbag.py","lineno":469}
{"timestamp":"2026-06-12T15:52:47.734253Z","level":"info","event":"Filling up the DagBag from /opt/airflow/dags/assets.py","logger":"airflow.dag_processing.dagbag.BundleDagBag","filename":"dagbag.py","lineno":469}
{"timestamp":"2026-06-12T15:53:18.508347Z","level":"info","event":"Filling up the DagBag from /opt/airflow/dags/assets.py","logger":"airflow.dag_processing.dagbag.BundleDagBag","filename":"dagbag.py","lineno":469}
{"timestamp":"2026-06-12T15:53:49.303574Z","level":"info","event":"Filling up the DagBag from /opt/airflow/dags/assets.py","logger":"airflow.dag_processing.dagbag.BundleDagBag","filename":"dagbag.py","lineno":469}
{"timestamp":"2026-06-12T15:54:20.069299Z","level":"info","event":"Filling up the DagBag from /opt/airflow/dags/assets.py","logger":"airflow.dag_processing.dagbag.BundleDagBag","filename":"dagbag.py","lineno":469}
{"timestamp":"2026-06-12T15:54:50.910840Z","level":"info","event":"Filling up the DagBag from /opt/airflow/dags/assets.py","logger":"airflow.dag_processing.dagbag.BundleDagBag","filename":"dagbag.py","lineno":469}
{"timestamp":"2026-06-12T15:55:21.674120Z","level":"info","event":"Filling up the DagBag from /opt/airflow/dags/assets.py","logger":"airflow.dag_processing.dagbag.BundleDagBag","filename":"dagbag.py","lineno":469}
{"timestamp":"2026-06-12T15:55:52.461889Z","level":"info","event":"Filling up the DagBag from /opt/airflow/dags/assets.py","logger":"airflow.dag_processing.dagbag.BundleDagBag","filename":"dagbag.py","lineno":469}
{"timestamp":"2026-06-12T15:56:23.199890Z","level":"info","event":"Filling up the DagBag from /opt/airflow/dags/assets.py","logger":"airflow.dag_processing.dagbag.BundleDagBag","filename":"dagbag.py","lineno":469}
{"timestamp":"2026-06-12T15:56:53.930309Z","level":"info","event":"Filling up the DagBag from /opt/airflow/dags/assets.py","logger":"airflow.dag_processing.dagbag.BundleDagBag","filename":"dagbag.py","lineno":469}
{"timestamp":"2026-06-12T15:57:24.682311Z","level":"info","event":"Filling up the DagBag from /opt/airflow/dags/assets.py","logger":"airflow.dag_processing.dagbag.BundleDagBag","filename":"dagbag.py","lineno":469}
{"timestamp":"2026-06-12T15:57:55.458600Z","level":"info","event":"Filling up the DagBag from /opt/airflow/dags/assets.py","logger":"airflow.dag_processing.dagbag.BundleDagBag","filename":"dagbag.py","lineno":469}
{"timestamp":"2026-06-12T15:58:26.176323Z","level":"info","event":"Filling up the DagBag from /opt/airflow/dags/assets.py","logger":"airflow.dag_processing.dagbag.BundleDagBag","filename":"dagbag.py","lineno":469}
{"timestamp":"2026-06-12T15:58:56.905198Z","level":"info","event":"Filling up the DagBag from /opt/airflow/dags/assets.py","logger":"airflow.dag_processing.dagbag.BundleDagBag","filename":"dagbag.py","lineno":469}
{"timestamp":"2026-06-12T15:59:27.639994Z","level":"info","event":"Filling up the DagBag from /opt/airflow/dags/assets.py","logger":"airflow.dag_processing.dagbag.BundleDagBag","filename":"dagbag.py","lineno":469}
{"timestamp":"2026-06-12T15:59:58.397151Z","level":"info","event":"Filling up the DagBag from /opt/airflow/dags/assets.py","logger":"airflow.dag_processing.dagbag.BundleDagBag","filename":"dagbag.py","lineno":469}
{"timestamp":"2026-06-12T16:00:29.143137Z","level":"info","event":"Filling up the DagBag from /opt/airflow/dags/assets.py","logger":"airflow.dag_processing.dagbag.BundleDagBag","filename":"dagbag.py","lineno":469}
{"timestamp":"2026-06-12T16:00:59.914833Z","level":"info","event":"Filling up the DagBag from /opt/airflow/dags/assets.py","logger":"airflow.dag_processing.dagbag.BundleDagBag","filename":"dagbag.py","lineno":469}
{"timestamp":"2026-06-12T16:01:30.710588Z","level":"info","event":"Filling up the DagBag from /opt/airflow/dags/assets.py","logger":"airflow.dag_processing.dagbag.BundleDagBag","filename":"dagbag.py","lineno":469}
{"timestamp":"2026-06-12T16:02:01.463863Z","level":"info","event":"Filling up the DagBag from /opt/airflow/dags/assets.py","logger":"airflow.dag_processing.dagbag.BundleDagBag","filename":"dagbag.py","lineno":469}
{"timestamp":"2026-06-12T16:02:32.196784Z","level":"info","event":"Filling up the DagBag from /opt/airflow/dags/assets.py","logger":"airflow.dag_processing.dagbag.BundleDagBag","filename":"dagbag.py","lineno":469}
{"timestamp":"2026-06-12T16:03:02.968952Z","level":"info","event":"Filling up the DagBag from /opt/airflow/dags/assets.py","logger":"airflow.dag_processing.dagbag.BundleDagBag","filename":"dagbag.py","lineno":469}
{"timestamp":"2026-06-12T16:03:33.749015Z","level":"info","event":"Filling up the DagBag from /opt/airflow/dags/assets.py","logger":"airflow.dag_processing.dagbag.BundleDagBag","filename":"dagbag.py","lineno":469}
{"timestamp":"2026-06-12T16:04:04.497769Z","level":"info","event":"Filling up the DagBag from /opt/airflow/dags/assets.py","logger":"airflow.dag_processing.dagbag.BundleDagBag","filename":"dagbag.py","lineno":469}
{"timestamp":"2026-06-12T16:04:35.201178Z","level":"info","event":"Filling up the DagBag from /opt/airflow/dags/assets.py","logger":"airflow.dag_processing.dagbag.BundleDagBag","filename":"dagbag.py","lineno":469}
{"timestamp":"2026-06-12T16:05:05.922784Z","level":"info","event":"Filling up the DagBag from /opt/airflow/dags/assets.py","logger":"airflow.dag_processing.dagbag.BundleDagBag","filename":"dagbag.py","lineno":469}
{"timestamp":"2026-06-12T16:05:36.653122Z","level":"info","event":"Filling up the DagBag from /opt/airflow/dags/assets.py","logger":"airflow.dag_processing.dagbag.BundleDagBag","filename":"dagbag.py","lineno":469}
{"timestamp":"2026-06-12T16:06:07.299636Z","level":"info","event":"Filling up the DagBag from /opt/airflow/dags/assets.py","logger":"airflow.dag_processing.dagbag.BundleDagBag","filename":"dagbag.py","lineno":469}
{"timestamp":"2026-06-12T16:06:38.114963Z","level":"info","event":"Filling up the DagBag from /opt/airflow/dags/assets.py","logger":"airflow.dag_processing.dagbag.BundleDagBag","filename":"dagbag.py","lineno":469}
{"timestamp":"2026-06-12T16:07:08.790963Z","level":"info","event":"Filling up the DagBag from /opt/airflow/dags/assets.py","logger":"airflow.dag_processing.dagbag.BundleDagBag","filename":"dagbag.py","lineno":469}
{"timestamp":"2026-06-12T16:07:39.519753Z","level":"info","event":"Filling up the DagBag from /opt/airflow/dags/assets.py","logger":"airflow.dag_processing.dagbag.BundleDagBag","filename":"dagbag.py","lineno":469}
{"timestamp":"2026-06-12T16:08:10.250204Z","level":"info","event":"Filling up the DagBag from /opt/airflow/dags/assets.py","logger":"airflow.dag_processing.dagbag.BundleDagBag","filename":"dagbag.py","lineno":469}
{"timestamp":"2026-06-12T16:08:40.983603Z","level":"info","event":"Filling up the DagBag from /opt/airflow/dags/assets.py","logger":"airflow.dag_processing.dagbag.BundleDagBag","filename":"dagbag.py","lineno":469}
{"timestamp":"2026-06-12T16:09:11.751330Z","level":"info","event":"Filling up the DagBag from /opt/airflow/dags/assets.py","logger":"airflow.dag_processing.dagbag.BundleDagBag","filename":"dagbag.py","lineno":469}
{"timestamp":"2026-06-12T16:09:42.427640Z","level":"info","event":"Filling up the DagBag from /opt/airflow/dags/assets.py","logger":"airflow.dag_processing.dagbag.BundleDagBag","filename":"dagbag.py","lineno":469}
{"timestamp":"2026-06-12T16:10:13.165453Z","level":"info","event":"Filling up the DagBag from /opt/airflow/dags/assets.py","logger":"airflow.dag_processing.dagbag.BundleDagBag","filename":"dagbag.py","lineno":469}
{"timestamp":"2026-06-12T16:10:43.882666Z","level":"info","event":"Filling up the DagBag from /opt/airflow/dags/assets.py","logger":"airflow.dag_processing.dagbag.BundleDagBag","filename":"dagbag.py","lineno":469}
{"timestamp":"2026-06-12T16:11:14.624901Z","level":"info","event":"Filling up the DagBag from /opt/airflow/dags/assets.py","logger":"airflow.dag_processing.dagbag.BundleDagBag","filename":"dagbag.py","lineno":469}
{"timestamp":"2026-06-12T16:11:45.366847Z","level":"info","event":"Filling up the DagBag from /opt/airflow/dags/assets.py","logger":"airflow.dag_processing.dagbag.BundleDagBag","filename":"dagbag.py","lineno":469}
{"timestamp":"2026-06-12T16:12:16.124228Z","level":"info","event":"Filling up the DagBag from /opt/airflow/dags/assets.py","logger":"airflow.dag_processing.dagbag.BundleDagBag","filename":"dagbag.py","lineno":469}
{"timestamp":"2026-06-12T16:12:46.816477Z","level":"info","event":"Filling up the DagBag from /opt/airflow/dags/assets.py","logger":"airflow.dag_processing.dagbag.BundleDagBag","filename":"dagbag.py","lineno":469}
{"timestamp":"2026-06-12T16:13:17.538377Z","level":"info","event":"Filling up the DagBag from /opt/airflow/dags/assets.py","logger":"airflow.dag_processing.dagbag.BundleDagBag","filename":"dagbag.py","lineno":469}
{"timestamp":"2026-06-12T16:13:48.291236Z","level":"info","event":"Filling up the DagBag from /opt/airflow/dags/assets.py","logger":"airflow.dag_processing.dagbag.BundleDagBag","filename":"dagbag.py","lineno":469}
{"timestamp":"2026-06-12T16:14:18.981331Z","level":"info","event":"Filling up the DagBag from /opt/airflow/dags/assets.py","logger":"airflow.dag_processing.dagbag.BundleDagBag","filename":"dagbag.py","lineno":469}
{"timestamp":"2026-06-12T16:14:49.730142Z","level":"info","event":"Filling up the DagBag from /opt/airflow/dags/assets.py","logger":"airflow.dag_processing.dagbag.BundleDagBag","filename":"dagbag.py","lineno":469}
{"timestamp":"2026-06-12T16:15:20.436794Z","level":"info","event":"Filling up the DagBag from /opt/airflow/dags/assets.py","logger":"airflow.dag_processing.dagbag.BundleDagBag","filename":"dagbag.py","lineno":469}
{"timestamp":"2026-06-12T16:15:51.148526Z","level":"info","event":"Filling up the DagBag from /opt/airflow/dags/assets.py","logger":"airflow.dag_processing.dagbag.BundleDagBag","filename":"dagbag.py","lineno":469}
{"timestamp":"2026-06-12T16:16:21.855296Z","level":"info","event":"Filling up the DagBag from /opt/airflow/dags/assets.py","logger":"airflow.dag_processing.dagbag.BundleDagBag","filename":"dagbag.py","lineno":469}
{"timestamp":"2026-06-12T16:16:52.574115Z","level":"info","event":"Filling up the DagBag from /opt/airflow/dags/assets.py","logger":"airflow.dag_processing.dagbag.BundleDagBag","filename":"dagbag.py","lineno":469}
{"timestamp":"2026-06-12T16:17:23.267516Z","level":"info","event":"Filling up the DagBag from /opt/airflow/dags/assets.py","logger":"airflow.dag_processing.dagbag.BundleDagBag","filename":"dagbag.py","lineno":469}
{"timestamp":"2026-06-12T16:17:54.017944Z","level":"info","event":"Filling up the DagBag from /opt/airflow/dags/assets.py","logger":"airflow.dag_processing.dagbag.BundleDagBag","filename":"dagbag.py","lineno":469}
{"timestamp":"2026-06-12T16:18:24.722097Z","level":"info","event":"Filling up the DagBag from /opt/airflow/dags/assets.py","logger":"airflow.dag_processing.dagbag.BundleDagBag","filename":"dagbag.py","lineno":469}
{"timestamp":"2026-06-12T16:18:55.428542Z","level":"info","event":"Filling up the DagBag from /opt/airflow/dags/assets.py","logger":"airflow.dag_processing.dagbag.BundleDagBag","filename":"dagbag.py","lineno":469}
{"timestamp":"2026-06-12T16:19:26.116564Z","level":"info","event":"Filling up the DagBag from /opt/airflow/dags/assets.py","logger":"airflow.dag_processing.dagbag.BundleDagBag","filename":"dagbag.py","lineno":469}
{"timestamp":"2026-06-12T16:19:56.813043Z","level":"info","event":"Filling up the DagBag from /opt/airflow/dags/assets.py","logger":"airflow.dag_processing.dagbag.BundleDagBag","filename":"dagbag.py","lineno":469}
{"timestamp":"2026-06-12T16:20:27.552054Z","level":"info","event":"Filling up the DagBag from /opt/airflow/dags/assets.py","logger":"airflow.dag_processing.dagbag.BundleDagBag","filename":"dagbag.py","lineno":469}
{"timestamp":"2026-06-12T16:20:58.276840Z","level":"info","event":"Filling up the DagBag from /opt/airflow/dags/assets.py","logger":"airflow.dag_processing.dagbag.BundleDagBag","filename":"dagbag.py","lineno":469}
{"timestamp":"2026-06-12T16:21:29.061981Z","level":"info","event":"Filling up the DagBag from /opt/airflow/dags/assets.py","logger":"airflow.dag_processing.dagbag.BundleDagBag","filename":"dagbag.py","lineno":469}
{"timestamp":"2026-06-12T16:21:59.813773Z","level":"info","event":"Filling up the DagBag from /opt/airflow/dags/assets.py","logger":"airflow.dag_processing.dagbag.BundleDagBag","filename":"dagbag.py","lineno":469}
{"timestamp":"2026-06-12T16:22:30.505926Z","level":"info","event":"Filling up the DagBag from /opt/airflow/dags/assets.py","logger":"airflow.dag_processing.dagbag.BundleDagBag","filename":"dagbag.py","lineno":469}
{"timestamp":"2026-06-12T16:23:01.181366Z","level":"info","event":"Filling up the DagBag from /opt/airflow/dags/assets.py","logger":"airflow.dag_processing.dagbag.BundleDagBag","filename":"dagbag.py","lineno":469}
{"timestamp":"2026-06-12T16:23:31.890403Z","level":"info","event":"Filling up the DagBag from /opt/airflow/dags/assets.py","logger":"airflow.dag_processing.dagbag.BundleDagBag","filename":"dagbag.py","lineno":469}
{"timestamp":"2026-06-12T16:24:02.665245Z","level":"info","event":"Filling up the DagBag from /opt/airflow/dags/assets.py","logger":"airflow.dag_processing.dagbag.BundleDagBag","filename":"dagbag.py","lineno":469}
{"timestamp":"2026-06-12T16:24:33.404626Z","level":"info","event":"Filling up the DagBag from /opt/airflow/dags/assets.py","logger":"airflow.dag_processing.dagbag.BundleDagBag","filename":"dagbag.py","lineno":469}
{"timestamp":"2026-06-12T16:25:04.046544Z","level":"info","event":"Filling up the DagBag from /opt/airflow/dags/assets.py","logger":"airflow.dag_processing.dagbag.BundleDagBag","filename":"dagbag.py","lineno":469}
{"timestamp":"2026-06-12T16:25:34.744807Z","level":"info","event":"Filling up the DagBag from /opt/airflow/dags/assets.py","logger":"airflow.dag_processing.dagbag.BundleDagBag","filename":"dagbag.py","lineno":469}
{"timestamp":"2026-06-12T16:26:05.432210Z","level":"info","event":"Filling up the DagBag from /opt/airflow/dags/assets.py","logger":"airflow.dag_processing.dagbag.BundleDagBag","filename":"dagbag.py","lineno":469}
{"timestamp":"2026-06-12T16:26:36.159150Z","level":"info","event":"Filling up the DagBag from /opt/airflow/dags/assets.py","logger":"airflow.dag_processing.dagbag.BundleDagBag","filename":"dagbag.py","lineno":469}
{"timestamp":"2026-06-12T16:27:06.853276Z","level":"info","event":"Filling up the DagBag from /opt/airflow/dags/assets.py","logger":"airflow.dag_processing.dagbag.BundleDagBag","filename":"dagbag.py","lineno":469}
{"timestamp":"2026-06-12T16:27:37.566923Z","level":"info","event":"Filling up the DagBag from /opt/airflow/dags/assets.py","logger":"airflow.dag_processing.dagbag.BundleDagBag","filename":"dagbag.py","lineno":469}
{"timestamp":"2026-06-12T16:28:08.276210Z","level":"info","event":"Filling up the DagBag from /opt/airflow/dags/assets.py","logger":"airflow.dag_processing.dagbag.BundleDagBag","filename":"dagbag.py","lineno":469}
{"timestamp":"2026-06-12T16:28:39.026094Z","level":"info","event":"Filling up the DagBag from /opt/airflow/dags/assets.py","logger":"airflow.dag_processing.dagbag.BundleDagBag","filename":"dagbag.py","lineno":469}
{"timestamp":"2026-06-12T16:29:09.787232Z","level":"info","event":"Filling up the DagBag from /opt/airflow/dags/assets.py","logger":"airflow.dag_processing.dagbag.BundleDagBag","filename":"dagbag.py","lineno":469}
{"timestamp":"2026-06-12T16:29:40.482204Z","level":"info","event":"Filling up the DagBag from /opt/airflow/dags/assets.py","logger":"airflow.dag_processing.dagbag.BundleDagBag","filename":"dagbag.py","lineno":469}
{"timestamp":"2026-06-12T16:30:11.159052Z","level":"info","event":"Filling up the DagBag from /opt/airflow/dags/assets.py","logger":"airflow.dag_processing.dagbag.BundleDagBag","filename":"dagbag.py","lineno":469}
{"timestamp":"2026-06-12T16:30:41.860623Z","level":"info","event":"Filling up the DagBag from /opt/airflow/dags/assets.py","logger":"airflow.dag_processing.dagbag.BundleDagBag","filename":"dagbag.py","lineno":469}
{"timestamp":"2026-06-12T16:31:12.618089Z","level":"info","event":"Filling up the DagBag from /opt/airflow/dags/assets.py","logger":"airflow.dag_processing.dagbag.BundleDagBag","filename":"dagbag.py","lineno":469}
{"timestamp":"2026-06-12T16:31:43.312747Z","level":"info","event":"Filling up the DagBag from /opt/airflow/dags/assets.py","logger":"airflow.dag_processing.dagbag.BundleDagBag","filename":"dagbag.py","lineno":469}
{"timestamp":"2026-06-12T16:32:14.006648Z","level":"info","event":"Filling up the DagBag from /opt/airflow/dags/assets.py","logger":"airflow.dag_processing.dagbag.BundleDagBag","filename":"dagbag.py","lineno":469}
{"timestamp":"2026-06-12T16:32:44.738207Z","level":"info","event":"Filling up the DagBag from /opt/airflow/dags/assets.py","logger":"airflow.dag_processing.dagbag.BundleDagBag","filename":"dagbag.py","lineno":469}
{"timestamp":"2026-06-12T16:33:15.434720Z","level":"info","event":"Filling up the DagBag from /opt/airflow/dags/assets.py","logger":"airflow.dag_processing.dagbag.BundleDagBag","filename":"dagbag.py","lineno":469}
{"timestamp":"2026-06-12T16:33:46.092203Z","level":"info","event":"Filling up the DagBag from /opt/airflow/dags/assets.py","logger":"airflow.dag_processing.dagbag.BundleDagBag","filename":"dagbag.py","lineno":469}
{"timestamp":"2026-06-12T16:34:16.805414Z","level":"info","event":"Filling up the DagBag from /opt/airflow/dags/assets.py","logger":"airflow.dag_processing.dagbag.BundleDagBag","filename":"dagbag.py","lineno":469}
{"timestamp":"2026-06-12T16:34:47.517540Z","level":"info","event":"Filling up the DagBag from /opt/airflow/dags/assets.py","logger":"airflow.dag_processing.dagbag.BundleDagBag","filename":"dagbag.py","lineno":469}
{"timestamp":"2026-06-12T16:35:18.249513Z","level":"info","event":"Filling up the DagBag from /opt/airflow/dags/assets.py","logger":"airflow.dag_processing.dagbag.BundleDagBag","filename":"dagbag.py","lineno":469}
{"timestamp":"2026-06-12T16:35:48.897202Z","level":"info","event":"Filling up the DagBag from /opt/airflow/dags/assets.py","logger":"airflow.dag_processing.dagbag.BundleDagBag","filename":"dagbag.py","lineno":469}
{"timestamp":"2026-06-12T16:36:19.615947Z","level":"info","event":"Filling up the DagBag from /opt/airflow/dags/assets.py","logger":"airflow.dag_processing.dagbag.BundleDagBag","filename":"dagbag.py","lineno":469}
{"timestamp":"2026-06-12T16:36:50.421866Z","level":"info","event":"Filling up the DagBag from /opt/airflow/dags/assets.py","logger":"airflow.dag_processing.dagbag.BundleDagBag","filename":"dagbag.py","lineno":469}
{"timestamp":"2026-06-12T16:37:21.177488Z","level":"info","event":"Filling up the DagBag from /opt/airflow/dags/assets.py","logger":"airflow.dag_processing.dagbag.BundleDagBag","filename":"dagbag.py","lineno":469}
{"timestamp":"2026-06-12T16:37:51.927647Z","level":"info","event":"Filling up the DagBag from /opt/airflow/dags/assets.py","logger":"airflow.dag_processing.dagbag.BundleDagBag","filename":"dagbag.py","lineno":469}
{"timestamp":"2026-06-12T16:38:22.684426Z","level":"info","event":"Filling up the DagBag from /opt/airflow/dags/assets.py","logger":"airflow.dag_processing.dagbag.BundleDagBag","filename":"dagbag.py","lineno":469}
{"timestamp":"2026-06-12T16:38:53.461056Z","level":"info","event":"Filling up the DagBag from /opt/airflow/dags/assets.py","logger":"airflow.dag_processing.dagbag.BundleDagBag","filename":"dagbag.py","lineno":469}
{"timestamp":"2026-06-12T16:39:24.142351Z","level":"info","event":"Filling up the DagBag from /opt/airflow/dags/assets.py","logger":"airflow.dag_processing.dagbag.BundleDagBag","filename":"dagbag.py","lineno":469}
{"timestamp":"2026-06-12T16:39:54.861593Z","level":"info","event":"Filling up the DagBag from /opt/airflow/dags/assets.py","logger":"airflow.dag_processing.dagbag.BundleDagBag","filename":"dagbag.py","lineno":469}
{"timestamp":"2026-06-12T16:40:25.582703Z","level":"info","event":"Filling up the DagBag from /opt/airflow/dags/assets.py","logger":"airflow.dag_processing.dagbag.BundleDagBag","filename":"dagbag.py","lineno":469}
{"timestamp":"2026-06-12T16:40:56.346790Z","level":"info","event":"Filling up the DagBag from /opt/airflow/dags/assets.py","logger":"airflow.dag_processing.dagbag.BundleDagBag","filename":"dagbag.py","lineno":469}
{"timestamp":"2026-06-12T16:41:26.981440Z","level":"info","event":"Filling up the DagBag from /opt/airflow/dags/assets.py","logger":"airflow.dag_processing.dagbag.BundleDagBag","filename":"dagbag.py","lineno":469}
{"timestamp":"2026-06-12T16:41:57.674155Z","level":"info","event":"Filling up the DagBag from /opt/airflow/dags/assets.py","logger":"airflow.dag_processing.dagbag.BundleDagBag","filename":"dagbag.py","lineno":469}
{"timestamp":"2026-06-12T16:42:28.382259Z","level":"info","event":"Filling up the DagBag from /opt/airflow/dags/assets.py","logger":"airflow.dag_processing.dagbag.BundleDagBag","filename":"dagbag.py","lineno":469}
{"timestamp":"2026-06-12T16:42:59.076934Z","level":"info","event":"Filling up the DagBag from /opt/airflow/dags/assets.py","logger":"airflow.dag_processing.dagbag.BundleDagBag","filename":"dagbag.py","lineno":469}
{"timestamp":"2026-06-12T16:43:29.664603Z","level":"info","event":"Filling up the DagBag from /opt/airflow/dags/assets.py","logger":"airflow.dag_processing.dagbag.BundleDagBag","filename":"dagbag.py","lineno":469}
{"timestamp":"2026-06-12T16:44:00.372087Z","level":"info","event":"Filling up the DagBag from /opt/airflow/dags/assets.py","logger":"airflow.dag_processing.dagbag.BundleDagBag","filename":"dagbag.py","lineno":469}
{"timestamp":"2026-06-12T16:44:31.012639Z","level":"info","event":"Filling up the DagBag from /opt/airflow/dags/assets.py","logger":"airflow.dag_processing.dagbag.BundleDagBag","filename":"dagbag.py","lineno":469}
{"timestamp":"2026-06-12T16:45:01.660277Z","level":"info","event":"Filling up the DagBag from /opt/airflow/dags/assets.py","logger":"airflow.dag_processing.dagbag.BundleDagBag","filename":"dagbag.py","lineno":469}
{"timestamp":"2026-06-12T16:45:32.391995Z","level":"info","event":"Filling up the DagBag from /opt/airflow/dags/assets.py","logger":"airflow.dag_processing.dagbag.BundleDagBag","filename":"dagbag.py","lineno":469}
{"timestamp":"2026-06-12T16:46:03.263160Z","level":"info","event":"Filling up the DagBag from /opt/airflow/dags/assets.py","logger":"airflow.dag_processing.dagbag.BundleDagBag","filename":"dagbag.py","lineno":469}
{"timestamp":"2026-06-12T16:46:33.913575Z","level":"info","event":"Filling up the DagBag from /opt/airflow/dags/assets.py","logger":"airflow.dag_processing.dagbag.BundleDagBag","filename":"dagbag.py","lineno":469}
{"timestamp":"2026-06-12T16:47:04.615177Z","level":"info","event":"Filling up the DagBag from /opt/airflow/dags/assets.py","logger":"airflow.dag_processing.dagbag.BundleDagBag","filename":"dagbag.py","lineno":469}
{"timestamp":"2026-06-12T16:47:35.347219Z","level":"info","event":"Filling up the DagBag from /opt/airflow/dags/assets.py","logger":"airflow.dag_processing.dagbag.BundleDagBag","filename":"dagbag.py","lineno":469}
{"timestamp":"2026-06-12T16:48:06.029457Z","level":"info","event":"Filling up the DagBag from /opt/airflow/dags/assets.py","logger":"airflow.dag_processing.dagbag.BundleDagBag","filename":"dagbag.py","lineno":469}
{"timestamp":"2026-06-12T16:48:36.715411Z","level":"info","event":"Filling up the DagBag from /opt/airflow/dags/assets.py","logger":"airflow.dag_processing.dagbag.BundleDagBag","filename":"dagbag.py","lineno":469}
{"timestamp":"2026-06-12T16:49:07.424558Z","level":"info","event":"Filling up the DagBag from /opt/airflow/dags/assets.py","logger":"airflow.dag_processing.dagbag.BundleDagBag","filename":"dagbag.py","lineno":469}
{"timestamp":"2026-06-12T16:49:38.102591Z","level":"info","event":"Filling up the DagBag from /opt/airflow/dags/assets.py","logger":"airflow.dag_processing.dagbag.BundleDagBag","filename":"dagbag.py","lineno":469}
{"timestamp":"2026-06-12T16:50:08.785012Z","level":"info","event":"Filling up the DagBag from /opt/airflow/dags/assets.py","logger":"airflow.dag_processing.dagbag.BundleDagBag","filename":"dagbag.py","lineno":469}
{"timestamp":"2026-06-12T16:50:39.463298Z","level":"info","event":"Filling up the DagBag from /opt/airflow/dags/assets.py","logger":"airflow.dag_processing.dagbag.BundleDagBag","filename":"dagbag.py","lineno":469}
{"timestamp":"2026-06-12T16:51:10.144925Z","level":"info","event":"Filling up the DagBag from /opt/airflow/dags/assets.py","logger":"airflow.dag_processing.dagbag.BundleDagBag","filename":"dagbag.py","lineno":469}
{"timestamp":"2026-06-12T16:51:40.848452Z","level":"info","event":"Filling up the DagBag from /opt/airflow/dags/assets.py","logger":"airflow.dag_processing.dagbag.BundleDagBag","filename":"dagbag.py","lineno":469}
{"timestamp":"2026-06-12T16:52:11.535341Z","level":"info","event":"Filling up the DagBag from /opt/airflow/dags/assets.py","logger":"airflow.dag_processing.dagbag.BundleDagBag","filename":"dagbag.py","lineno":469}
{"timestamp":"2026-06-12T16:52:42.241401Z","level":"info","event":"Filling up the DagBag from /opt/airflow/dags/assets.py","logger":"airflow.dag_processing.dagbag.BundleDagBag","filename":"dagbag.py","lineno":469}
{"timestamp":"2026-06-12T16:53:12.919673Z","level":"info","event":"Filling up the DagBag from /opt/airflow/dags/assets.py","logger":"airflow.dag_processing.dagbag.BundleDagBag","filename":"dagbag.py","lineno":469}
{"timestamp":"2026-06-12T16:53:43.679839Z","level":"info","event":"Filling up the DagBag from /opt/airflow/dags/assets.py","logger":"airflow.dag_processing.dagbag.BundleDagBag","filename":"dagbag.py","lineno":469}
{"timestamp":"2026-06-12T16:54:14.369576Z","level":"info","event":"Filling up the DagBag from /opt/airflow/dags/assets.py","logger":"airflow.dag_processing.dagbag.BundleDagBag","filename":"dagbag.py","lineno":469}
{"timestamp":"2026-06-12T16:54:45.074911Z","level":"info","event":"Filling up the DagBag from /opt/airflow/dags/assets.py","logger":"airflow.dag_processing.dagbag.BundleDagBag","filename":"dagbag.py","lineno":469}
{"timestamp":"2026-06-12T16:55:15.749467Z","level":"info","event":"Filling up the DagBag from /opt/airflow/dags/assets.py","logger":"airflow.dag_processing.dagbag.BundleDagBag","filename":"dagbag.py","lineno":469}
{"timestamp":"2026-06-12T16:55:46.429593Z","level":"info","event":"Filling up the DagBag from /opt/airflow/dags/assets.py","logger":"airflow.dag_processing.dagbag.BundleDagBag","filename":"dagbag.py","lineno":469}
{"timestamp":"2026-06-12T16:56:17.102702Z","level":"info","event":"Filling up the DagBag from /opt/airflow/dags/assets.py","logger":"airflow.dag_processing.dagbag.BundleDagBag","filename":"dagbag.py","lineno":469}
{"timestamp":"2026-06-12T16:56:47.867526Z","level":"info","event":"Filling up the DagBag from /opt/airflow/dags/assets.py","logger":"airflow.dag_processing.dagbag.BundleDagBag","filename":"dagbag.py","lineno":469}
{"timestamp":"2026-06-12T16:57:18.554135Z","level":"info","event":"Filling up the DagBag from /opt/airflow/dags/assets.py","logger":"airflow.dag_processing.dagbag.BundleDagBag","filename":"dagbag.py","lineno":469}
{"timestamp":"2026-06-12T16:57:49.212711Z","level":"info","event":"Filling up the DagBag from /opt/airflow/dags/assets.py","logger":"airflow.dag_processing.dagbag.BundleDagBag","filename":"dagbag.py","lineno":469}
{"timestamp":"2026-06-12T16:58:20.303009Z","level":"info","event":"Filling up the DagBag from /opt/airflow/dags/assets.py","logger":"airflow.dag_processing.dagbag.BundleDagBag","filename":"dagbag.py","lineno":469}
{"timestamp":"2026-06-12T16:58:51.222411Z","level":"info","event":"Filling up the DagBag from /opt/airflow/dags/assets.py","logger":"airflow.dag_processing.dagbag.BundleDagBag","filename":"dagbag.py","lineno":469}
{"timestamp":"2026-06-12T16:59:21.910561Z","level":"info","event":"Filling up the DagBag from /opt/airflow/dags/assets.py","logger":"airflow.dag_processing.dagbag.BundleDagBag","filename":"dagbag.py","lineno":469}
{"timestamp":"2026-06-12T16:59:52.625682Z","level":"info","event":"Filling up the DagBag from /opt/airflow/dags/assets.py","logger":"airflow.dag_processing.dagbag.BundleDagBag","filename":"dagbag.py","lineno":469}
{"timestamp":"2026-06-12T17:00:23.347361Z","level":"info","event":"Filling up the DagBag from /opt/airflow/dags/assets.py","logger":"airflow.dag_processing.dagbag.BundleDagBag","filename":"dagbag.py","lineno":469}
{"timestamp":"2026-06-12T17:00:54.067835Z","level":"info","event":"Filling up the DagBag from /opt/airflow/dags/assets.py","logger":"airflow.dag_processing.dagbag.BundleDagBag","filename":"dagbag.py","lineno":469}
{"timestamp":"2026-06-12T17:01:24.640816Z","level":"info","event":"Filling up the DagBag from /opt/airflow/dags/assets.py","logger":"airflow.dag_processing.dagbag.BundleDagBag","filename":"dagbag.py","lineno":469}
{"timestamp":"2026-06-12T17:01:55.308780Z","level":"info","event":"Filling up the DagBag from /opt/airflow/dags/assets.py","logger":"airflow.dag_processing.dagbag.BundleDagBag","filename":"dagbag.py","lineno":469}
{"timestamp":"2026-06-12T17:02:25.951600Z","level":"info","event":"Filling up the DagBag from /opt/airflow/dags/assets.py","logger":"airflow.dag_processing.dagbag.BundleDagBag","filename":"dagbag.py","lineno":469}
{"timestamp":"2026-06-12T17:02:56.603638Z","level":"info","event":"Filling up the DagBag from /opt/airflow/dags/assets.py","logger":"airflow.dag_processing.dagbag.BundleDagBag","filename":"dagbag.py","lineno":469}
{"timestamp":"2026-06-12T17:03:27.333095Z","level":"info","event":"Filling up the DagBag from /opt/airflow/dags/assets.py","logger":"airflow.dag_processing.dagbag.BundleDagBag","filename":"dagbag.py","lineno":469}
{"timestamp":"2026-06-12T17:03:58.029261Z","level":"info","event":"Filling up the DagBag from /opt/airflow/dags/assets.py","logger":"airflow.dag_processing.dagbag.BundleDagBag","filename":"dagbag.py","lineno":469}
{"timestamp":"2026-06-12T17:04:28.693996Z","level":"info","event":"Filling up the DagBag from /opt/airflow/dags/assets.py","logger":"airflow.dag_processing.dagbag.BundleDagBag","filename":"dagbag.py","lineno":469}
{"timestamp":"2026-06-12T17:04:59.330479Z","level":"info","event":"Filling up the DagBag from /opt/airflow/dags/assets.py","logger":"airflow.dag_processing.dagbag.BundleDagBag","filename":"dagbag.py","lineno":469}
{"timestamp":"2026-06-12T17:05:29.994361Z","level":"info","event":"Filling up the DagBag from /opt/airflow/dags/assets.py","logger":"airflow.dag_processing.dagbag.BundleDagBag","filename":"dagbag.py","lineno":469}
{"timestamp":"2026-06-12T17:06:00.660163Z","level":"info","event":"Filling up the DagBag from /opt/airflow/dags/assets.py","logger":"airflow.dag_processing.dagbag.BundleDagBag","filename":"dagbag.py","lineno":469}
{"timestamp":"2026-06-12T17:06:30.961917Z","level":"info","event":"Filling up the DagBag from /opt/airflow/dags/assets.py","logger":"airflow.dag_processing.dagbag.BundleDagBag","filename":"dagbag.py","lineno":469}
{"timestamp":"2026-06-12T17:07:01.352367Z","level":"info","event":"Filling up the DagBag from /opt/airflow/dags/assets.py","logger":"airflow.dag_processing.dagbag.BundleDagBag","filename":"dagbag.py","lineno":469}
{"timestamp":"2026-06-12T17:07:31.653092Z","level":"info","event":"Filling up the DagBag from /opt/airflow/dags/assets.py","logger":"airflow.dag_processing.dagbag.BundleDagBag","filename":"dagbag.py","lineno":469}
{"timestamp":"2026-06-12T17:08:01.958481Z","level":"info","event":"Filling up the DagBag from /opt/airflow/dags/assets.py","logger":"airflow.dag_processing.dagbag.BundleDagBag","filename":"dagbag.py","lineno":469}
{"timestamp":"2026-06-12T17:08:32.266470Z","level":"info","event":"Filling up the DagBag from /opt/airflow/dags/assets.py","logger":"airflow.dag_processing.dagbag.BundleDagBag","filename":"dagbag.py","lineno":469}
{"timestamp":"2026-06-12T17:09:02.569889Z","level":"info","event":"Filling up the DagBag from /opt/airflow/dags/assets.py","logger":"airflow.dag_processing.dagbag.BundleDagBag","filename":"dagbag.py","lineno":469}
{"timestamp":"2026-06-12T17:09:32.813411Z","level":"info","event":"Filling up the DagBag from /opt/airflow/dags/assets.py","logger":"airflow.dag_processing.dagbag.BundleDagBag","filename":"dagbag.py","lineno":469}
{"timestamp":"2026-06-12T17:10:03.062303Z","level":"info","event":"Filling up the DagBag from /opt/airflow/dags/assets.py","logger":"airflow.dag_processing.dagbag.BundleDagBag","filename":"dagbag.py","lineno":469}
{"timestamp":"2026-06-12T17:10:33.366533Z","level":"info","event":"Filling up the DagBag from /opt/airflow/dags/assets.py","logger":"airflow.dag_processing.dagbag.BundleDagBag","filename":"dagbag.py","lineno":469}
{"timestamp":"2026-06-12T17:11:03.606929Z","level":"info","event":"Filling up the DagBag from /opt/airflow/dags/assets.py","logger":"airflow.dag_processing.dagbag.BundleDagBag","filename":"dagbag.py","lineno":469}
{"timestamp":"2026-06-12T17:11:33.908465Z","level":"info","event":"Filling up the DagBag from /opt/airflow/dags/assets.py","logger":"airflow.dag_processing.dagbag.BundleDagBag","filename":"dagbag.py","lineno":469}
{"timestamp":"2026-06-12T17:12:04.244728Z","level":"info","event":"Filling up the DagBag from /opt/airflow/dags/assets.py","logger":"airflow.dag_processing.dagbag.BundleDagBag","filename":"dagbag.py","lineno":469}
{"timestamp":"2026-06-12T17:12:34.706740Z","level":"info","event":"Filling up the DagBag from /opt/airflow/dags/assets.py","logger":"airflow.dag_processing.dagbag.BundleDagBag","filename":"dagbag.py","lineno":469}
{"timestamp":"2026-06-12T17:13:04.937816Z","level":"info","event":"Filling up the DagBag from /opt/airflow/dags/assets.py","logger":"airflow.dag_processing.dagbag.BundleDagBag","filename":"dagbag.py","lineno":469}
{"timestamp":"2026-06-12T17:13:35.249177Z","level":"info","event":"Filling up the DagBag from /opt/airflow/dags/assets.py","logger":"airflow.dag_processing.dagbag.BundleDagBag","filename":"dagbag.py","lineno":469}
{"timestamp":"2026-06-12T17:14:05.497622Z","level":"info","event":"Filling up the DagBag from /opt/airflow/dags/assets.py","logger":"airflow.dag_processing.dagbag.BundleDagBag","filename":"dagbag.py","lineno":469}
{"timestamp":"2026-06-12T17:14:35.763077Z","level":"info","event":"Filling up the DagBag from /opt/airflow/dags/assets.py","logger":"airflow.dag_processing.dagbag.BundleDagBag","filename":"dagbag.py","lineno":469}
{"timestamp":"2026-06-12T17:15:06.031122Z","level":"info","event":"Filling up the DagBag from /opt/airflow/dags/assets.py","logger":"airflow.dag_processing.dagbag.BundleDagBag","filename":"dagbag.py","lineno":469}
{"timestamp":"2026-06-12T17:15:36.249830Z","level":"info","event":"Filling up the DagBag from /opt/airflow/dags/assets.py","logger":"airflow.dag_processing.dagbag.BundleDagBag","filename":"dagbag.py","lineno":469}
{"timestamp":"2026-06-12T17:16:06.511219Z","level":"info","event":"Filling up the DagBag from /opt/airflow/dags/assets.py","logger":"airflow.dag_processing.dagbag.BundleDagBag","filename":"dagbag.py","lineno":469}
{"timestamp":"2026-06-12T17:16:36.764304Z","level":"info","event":"Filling up the DagBag from /opt/airflow/dags/assets.py","logger":"airflow.dag_processing.dagbag.BundleDagBag","filename":"dagbag.py","lineno":469}
{"timestamp":"2026-06-12T17:17:07.005824Z","level":"info","event":"Filling up the DagBag from /opt/airflow/dags/assets.py","logger":"airflow.dag_processing.dagbag.BundleDagBag","filename":"dagbag.py","lineno":469}
{"timestamp":"2026-06-12T17:17:37.273789Z","level":"info","event":"Filling up the DagBag from /opt/airflow/dags/assets.py","logger":"airflow.dag_processing.dagbag.BundleDagBag","filename":"dagbag.py","lineno":469}
{"timestamp":"2026-06-12T17:18:07.490654Z","level":"info","event":"Filling up the DagBag from /opt/airflow/dags/assets.py","logger":"airflow.dag_processing.dagbag.BundleDagBag","filename":"dagbag.py","lineno":469}
{"timestamp":"2026-06-12T17:18:38.624187Z","level":"info","event":"Filling up the DagBag from /opt/airflow/dags/assets.py","logger":"airflow.dag_processing.dagbag.BundleDagBag","filename":"dagbag.py","lineno":469}
{"timestamp":"2026-06-12T17:19:09.252960Z","level":"info","event":"Filling up the DagBag from /opt/airflow/dags/assets.py","logger":"airflow.dag_processing.dagbag.BundleDagBag","filename":"dagbag.py","lineno":469}
{"timestamp":"2026-06-12T17:19:40.371271Z","level":"info","event":"Filling up the DagBag from /opt/airflow/dags/assets.py","logger":"airflow.dag_processing.dagbag.BundleDagBag","filename":"dagbag.py","lineno":469}
{"timestamp":"2026-06-12T17:20:10.639454Z","level":"info","event":"Filling up the DagBag from /opt/airflow/dags/assets.py","logger":"airflow.dag_processing.dagbag.BundleDagBag","filename":"dagbag.py","lineno":469}
{"timestamp":"2026-06-12T17:20:40.848789Z","level":"info","event":"Filling up the DagBag from /opt/airflow/dags/assets.py","logger":"airflow.dag_processing.dagbag.BundleDagBag","filename":"dagbag.py","lineno":469}
{"timestamp":"2026-06-12T17:21:11.021993Z","level":"info","event":"Filling up the DagBag from /opt/airflow/dags/assets.py","logger":"airflow.dag_processing.dagbag.BundleDagBag","filename":"dagbag.py","lineno":469}
{"timestamp":"2026-06-12T17:21:41.240397Z","level":"info","event":"Filling up the DagBag from /opt/airflow/dags/assets.py","logger":"airflow.dag_processing.dagbag.BundleDagBag","filename":"dagbag.py","lineno":469}
{"timestamp":"2026-06-12T17:22:11.440982Z","level":"info","event":"Filling up the DagBag from /opt/airflow/dags/assets.py","logger":"airflow.dag_processing.dagbag.BundleDagBag","filename":"dagbag.py","lineno":469}
{"timestamp":"2026-06-12T17:22:41.617436Z","level":"info","event":"Filling up the DagBag from /opt/airflow/dags/assets.py","logger":"airflow.dag_processing.dagbag.BundleDagBag","filename":"dagbag.py","lineno":469}
{"timestamp":"2026-06-12T17:23:11.805341Z","level":"info","event":"Filling up the DagBag from /opt/airflow/dags/assets.py","logger":"airflow.dag_processing.dagbag.BundleDagBag","filename":"dagbag.py","lineno":469}
{"timestamp":"2026-06-12T17:23:41.982015Z","level":"info","event":"Filling up the DagBag from /opt/airflow/dags/assets.py","logger":"airflow.dag_processing.dagbag.BundleDagBag","filename":"dagbag.py","lineno":469}
{"timestamp":"2026-06-12T17:24:12.184309Z","level":"info","event":"Filling up the DagBag from /opt/airflow/dags/assets.py","logger":"airflow.dag_processing.dagbag.BundleDagBag","filename":"dagbag.py","lineno":469}
{"timestamp":"2026-06-12T17:24:42.492168Z","level":"info","event":"Filling up the DagBag from /opt/airflow/dags/assets.py","logger":"airflow.dag_processing.dagbag.BundleDagBag","filename":"dagbag.py","lineno":469}
{"timestamp":"2026-06-12T17:25:13.596512Z","level":"info","event":"Filling up the DagBag from /opt/airflow/dags/assets.py","logger":"airflow.dag_processing.dagbag.BundleDagBag","filename":"dagbag.py","lineno":469}
{"timestamp":"2026-06-12T17:25:43.809002Z","level":"info","event":"Filling up the DagBag from /opt/airflow/dags/assets.py","logger":"airflow.dag_processing.dagbag.BundleDagBag","filename":"dagbag.py","lineno":469}
{"timestamp":"2026-06-12T17:26:13.986623Z","level":"info","event":"Filling up the DagBag from /opt/airflow/dags/assets.py","logger":"airflow.dag_processing.dagbag.BundleDagBag","filename":"dagbag.py","lineno":469}
{"timestamp":"2026-06-12T17:26:44.219548Z","level":"info","event":"Filling up the DagBag from /opt/airflow/dags/assets.py","logger":"airflow.dag_processing.dagbag.BundleDagBag","filename":"dagbag.py","lineno":469}
{"timestamp":"2026-06-12T17:27:14.389080Z","level":"info","event":"Filling up the DagBag from /opt/airflow/dags/assets.py","logger":"airflow.dag_processing.dagbag.BundleDagBag","filename":"dagbag.py","lineno":469}
{"timestamp":"2026-06-12T17:27:44.602812Z","level":"info","event":"Filling up the DagBag from /opt/airflow/dags/assets.py","logger":"airflow.dag_processing.dagbag.BundleDagBag","filename":"dagbag.py","lineno":469}
{"timestamp":"2026-06-12T17:28:14.792770Z","level":"info","event":"Filling up the DagBag from /opt/airflow/dags/assets.py","logger":"airflow.dag_processing.dagbag.BundleDagBag","filename":"dagbag.py","lineno":469}
{"timestamp":"2026-06-12T17:28:44.970283Z","level":"info","event":"Filling up the DagBag from /opt/airflow/dags/assets.py","logger":"airflow.dag_processing.dagbag.BundleDagBag","filename":"dagbag.py","lineno":469}
{"timestamp":"2026-06-12T17:29:16.058516Z","level":"info","event":"Filling up the DagBag from /opt/airflow/dags/assets.py","logger":"airflow.dag_processing.dagbag.BundleDagBag","filename":"dagbag.py","lineno":469}
{"timestamp":"2026-06-12T17:29:47.177954Z","level":"info","event":"Filling up the DagBag from /opt/airflow/dags/assets.py","logger":"airflow.dag_processing.dagbag.BundleDagBag","filename":"dagbag.py","lineno":469}
{"timestamp":"2026-06-12T17:30:18.288249Z","level":"info","event":"Filling up the DagBag from /opt/airflow/dags/assets.py","logger":"airflow.dag_processing.dagbag.BundleDagBag","filename":"dagbag.py","lineno":469}
{"timestamp":"2026-06-12T17:30:48.549857Z","level":"info","event":"Filling up the DagBag from /opt/airflow/dags/assets.py","logger":"airflow.dag_processing.dagbag.BundleDagBag","filename":"dagbag.py","lineno":469}
{"timestamp":"2026-06-12T17:31:19.716221Z","level":"info","event":"Filling up the DagBag from /opt/airflow/dags/assets.py","logger":"airflow.dag_processing.dagbag.BundleDagBag","filename":"dagbag.py","lineno":469}
{"timestamp":"2026-06-12T17:31:49.883392Z","level":"info","event":"Filling up the DagBag from /opt/airflow/dags/assets.py","logger":"airflow.dag_processing.dagbag.BundleDagBag","filename":"dagbag.py","lineno":469}
{"timestamp":"2026-06-12T17:32:20.183578Z","level":"info","event":"Filling up the DagBag from /opt/airflow/dags/assets.py","logger":"airflow.dag_processing.dagbag.BundleDagBag","filename":"dagbag.py","lineno":469}
{"timestamp":"2026-06-12T17:32:51.323675Z","level":"info","event":"Filling up the DagBag from /opt/airflow/dags/assets.py","logger":"airflow.dag_processing.dagbag.BundleDagBag","filename":"dagbag.py","lineno":469}
{"timestamp":"2026-06-12T17:33:21.498953Z","level":"info","event":"Filling up the DagBag from /opt/airflow/dags/assets.py","logger":"airflow.dag_processing.dagbag.BundleDagBag","filename":"dagbag.py","lineno":469}
{"timestamp":"2026-06-12T17:33:52.569726Z","level":"info","event":"Filling up the DagBag from /opt/airflow/dags/assets.py","logger":"airflow.dag_processing.dagbag.BundleDagBag","filename":"dagbag.py","lineno":469}
{"timestamp":"2026-06-12T17:34:23.707126Z","level":"info","event":"Filling up the DagBag from /opt/airflow/dags/assets.py","logger":"airflow.dag_processing.dagbag.BundleDagBag","filename":"dagbag.py","lineno":469}
{"timestamp":"2026-06-12T17:34:54.762023Z","level":"info","event":"Filling up the DagBag from /opt/airflow/dags/assets.py","logger":"airflow.dag_processing.dagbag.BundleDagBag","filename":"dagbag.py","lineno":469}
{"timestamp":"2026-06-12T17:35:25.903221Z","level":"info","event":"Filling up the DagBag from /opt/airflow/dags/assets.py","logger":"airflow.dag_processing.dagbag.BundleDagBag","filename":"dagbag.py","lineno":469}
{"timestamp":"2026-06-12T17:35:56.964209Z","level":"info","event":"Filling up the DagBag from /opt/airflow/dags/assets.py","logger":"airflow.dag_processing.dagbag.BundleDagBag","filename":"dagbag.py","lineno":469}
{"timestamp":"2026-06-12T17:36:28.061408Z","level":"info","event":"Filling up the DagBag from /opt/airflow/dags/assets.py","logger":"airflow.dag_processing.dagbag.BundleDagBag","filename":"dagbag.py","lineno":469}
{"timestamp":"2026-06-12T17:36:59.249012Z","level":"info","event":"Filling up the DagBag from /opt/airflow/dags/assets.py","logger":"airflow.dag_processing.dagbag.BundleDagBag","filename":"dagbag.py","lineno":469}
{"timestamp":"2026-06-12T17:37:30.310605Z","level":"info","event":"Filling up the DagBag from /opt/airflow/dags/assets.py","logger":"airflow.dag_processing.dagbag.BundleDagBag","filename":"dagbag.py","lineno":469}
{"timestamp":"2026-06-12T17:38:01.383675Z","level":"info","event":"Filling up the DagBag from /opt/airflow/dags/assets.py","logger":"airflow.dag_processing.dagbag.BundleDagBag","filename":"dagbag.py","lineno":469}
{"timestamp":"2026-06-12T17:38:32.357378Z","level":"info","event":"Filling up the DagBag from /opt/airflow/dags/assets.py","logger":"airflow.dag_processing.dagbag.BundleDagBag","filename":"dagbag.py","lineno":469}
{"timestamp":"2026-06-12T17:39:03.418270Z","level":"info","event":"Filling up the DagBag from /opt/airflow/dags/assets.py","logger":"airflow.dag_processing.dagbag.BundleDagBag","filename":"dagbag.py","lineno":469}
{"timestamp":"2026-06-12T17:39:34.470831Z","level":"info","event":"Filling up the DagBag from /opt/airflow/dags/assets.py","logger":"airflow.dag_processing.dagbag.BundleDagBag","filename":"dagbag.py","lineno":469}
{"timestamp":"2026-06-12T17:40:05.578192Z","level":"info","event":"Filling up the DagBag from /opt/airflow/dags/assets.py","logger":"airflow.dag_processing.dagbag.BundleDagBag","filename":"dagbag.py","lineno":469}
{"timestamp":"2026-06-12T17:40:36.078661Z","level":"info","event":"Filling up the DagBag from /opt/airflow/dags/assets.py","logger":"airflow.dag_processing.dagbag.BundleDagBag","filename":"dagbag.py","lineno":469}
{"timestamp":"2026-06-12T17:41:06.354353Z","level":"info","event":"Filling up the DagBag from /opt/airflow/dags/assets.py","logger":"airflow.dag_processing.dagbag.BundleDagBag","filename":"dagbag.py","lineno":469}
{"timestamp":"2026-06-12T17:41:36.485801Z","level":"info","event":"Filling up the DagBag from /opt/airflow/dags/assets.py","logger":"airflow.dag_processing.dagbag.BundleDagBag","filename":"dagbag.py","lineno":469}
{"timestamp":"2026-06-12T17:42:06.663442Z","level":"info","event":"Filling up the DagBag from /opt/airflow/dags/assets.py","logger":"airflow.dag_processing.dagbag.BundleDagBag","filename":"dagbag.py","lineno":469}
{"timestamp":"2026-06-12T17:42:36.908329Z","level":"info","event":"Filling up the DagBag from /opt/airflow/dags/assets.py","logger":"airflow.dag_processing.dagbag.BundleDagBag","filename":"dagbag.py","lineno":469}
{"timestamp":"2026-06-12T17:43:07.071847Z","level":"info","event":"Filling up the DagBag from /opt/airflow/dags/assets.py","logger":"airflow.dag_processing.dagbag.BundleDagBag","filename":"dagbag.py","lineno":469}
{"timestamp":"2026-06-12T17:43:37.229784Z","level":"info","event":"Filling up the DagBag from /opt/airflow/dags/assets.py","logger":"airflow.dag_processing.dagbag.BundleDagBag","filename":"dagbag.py","lineno":469}
{"timestamp":"2026-06-12T17:44:08.254967Z","level":"info","event":"Filling up the DagBag from /opt/airflow/dags/assets.py","logger":"airflow.dag_processing.dagbag.BundleDagBag","filename":"dagbag.py","lineno":469}
{"timestamp":"2026-06-12T17:44:39.341557Z","level":"info","event":"Filling up the DagBag from /opt/airflow/dags/assets.py","logger":"airflow.dag_processing.dagbag.BundleDagBag","filename":"dagbag.py","lineno":469}
{"timestamp":"2026-06-12T17:45:09.559433Z","level":"info","event":"Filling up the DagBag from /opt/airflow/dags/assets.py","logger":"airflow.dag_processing.dagbag.BundleDagBag","filename":"dagbag.py","lineno":469}
{"timestamp":"2026-06-12T17:45:40.517361Z","level":"info","event":"Filling up the DagBag from /opt/airflow/dags/assets.py","logger":"airflow.dag_processing.dagbag.BundleDagBag","filename":"dagbag.py","lineno":469}
{"timestamp":"2026-06-12T17:46:10.776092Z","level":"info","event":"Filling up the DagBag from /opt/airflow/dags/assets.py","logger":"airflow.dag_processing.dagbag.BundleDagBag","filename":"dagbag.py","lineno":469}
{"timestamp":"2026-06-12T17:46:41.766026Z","level":"info","event":"Filling up the DagBag from /opt/airflow/dags/assets.py","logger":"airflow.dag_processing.dagbag.BundleDagBag","filename":"dagbag.py","lineno":469}
{"timestamp":"2026-06-12T17:47:12.758532Z","level":"info","event":"Filling up the DagBag from /opt/airflow/dags/assets.py","logger":"airflow.dag_processing.dagbag.BundleDagBag","filename":"dagbag.py","lineno":469}
{"timestamp":"2026-06-12T17:47:43.761495Z","level":"info","event":"Filling up the DagBag from /opt/airflow/dags/assets.py","logger":"airflow.dag_processing.dagbag.BundleDagBag","filename":"dagbag.py","lineno":469}
{"timestamp":"2026-06-12T17:48:14.814617Z","level":"info","event":"Filling up the DagBag from /opt/airflow/dags/assets.py","logger":"airflow.dag_processing.dagbag.BundleDagBag","filename":"dagbag.py","lineno":469}
{"timestamp":"2026-06-12T17:48:45.843371Z","level":"info","event":"Filling up the DagBag from /opt/airflow/dags/assets.py","logger":"airflow.dag_processing.dagbag.BundleDagBag","filename":"dagbag.py","lineno":469}
{"timestamp":"2026-06-12T17:49:16.942862Z","level":"info","event":"Filling up the DagBag from /opt/airflow/dags/assets.py","logger":"airflow.dag_processing.dagbag.BundleDagBag","filename":"dagbag.py","lineno":469}
{"timestamp":"2026-06-12T17:49:47.919847Z","level":"info","event":"Filling up the DagBag from /opt/airflow/dags/assets.py","logger":"airflow.dag_processing.dagbag.BundleDagBag","filename":"dagbag.py","lineno":469}
{"timestamp":"2026-06-12T17:50:18.947690Z","level":"info","event":"Filling up the DagBag from /opt/airflow/dags/assets.py","logger":"airflow.dag_processing.dagbag.BundleDagBag","filename":"dagbag.py","lineno":469}
{"timestamp":"2026-06-12T17:50:49.160254Z","level":"info","event":"Filling up the DagBag from /opt/airflow/dags/assets.py","logger":"airflow.dag_processing.dagbag.BundleDagBag","filename":"dagbag.py","lineno":469}
{"timestamp":"2026-06-12T17:51:20.195012Z","level":"info","event":"Filling up the DagBag from /opt/airflow/dags/assets.py","logger":"airflow.dag_processing.dagbag.BundleDagBag","filename":"dagbag.py","lineno":469}
{"timestamp":"2026-06-12T17:51:51.204737Z","level":"info","event":"Filling up the DagBag from /opt/airflow/dags/assets.py","logger":"airflow.dag_processing.dagbag.BundleDagBag","filename":"dagbag.py","lineno":469}
{"timestamp":"2026-06-12T17:52:22.228174Z","level":"info","event":"Filling up the DagBag from /opt/airflow/dags/assets.py","logger":"airflow.dag_processing.dagbag.BundleDagBag","filename":"dagbag.py","lineno":469}
{"timestamp":"2026-06-12T17:52:53.238749Z","level":"info","event":"Filling up the DagBag from /opt/airflow/dags/assets.py","logger":"airflow.dag_processing.dagbag.BundleDagBag","filename":"dagbag.py","lineno":469}
{"timestamp":"2026-06-12T17:53:24.239788Z","level":"info","event":"Filling up the DagBag from /opt/airflow/dags/assets.py","logger":"airflow.dag_processing.dagbag.BundleDagBag","filename":"dagbag.py","lineno":469}
{"timestamp":"2026-06-12T17:53:55.274749Z","level":"info","event":"Filling up the DagBag from /opt/airflow/dags/assets.py","logger":"airflow.dag_processing.dagbag.BundleDagBag","filename":"dagbag.py","lineno":469}
{"timestamp":"2026-06-12T17:54:26.172827Z","level":"info","event":"Filling up the DagBag from /opt/airflow/dags/assets.py","logger":"airflow.dag_processing.dagbag.BundleDagBag","filename":"dagbag.py","lineno":469}
{"timestamp":"2026-06-12T17:54:57.123000Z","level":"info","event":"Filling up the DagBag from /opt/airflow/dags/assets.py","logger":"airflow.dag_processing.dagbag.BundleDagBag","filename":"dagbag.py","lineno":469}
{"timestamp":"2026-06-12T17:55:28.143328Z","level":"info","event":"Filling up the DagBag from /opt/airflow/dags/assets.py","logger":"airflow.dag_processing.dagbag.BundleDagBag","filename":"dagbag.py","lineno":469}
{"timestamp":"2026-06-12T17:55:59.088733Z","level":"info","event":"Filling up the DagBag from /opt/airflow/dags/assets.py","logger":"airflow.dag_processing.dagbag.BundleDagBag","filename":"dagbag.py","lineno":469}
{"timestamp":"2026-06-12T17:56:30.063759Z","level":"info","event":"Filling up the DagBag from /opt/airflow/dags/assets.py","logger":"airflow.dag_processing.dagbag.BundleDagBag","filename":"dagbag.py","lineno":469}
{"timestamp":"2026-06-12T17:57:01.083717Z","level":"info","event":"Filling up the DagBag from /opt/airflow/dags/assets.py","logger":"airflow.dag_processing.dagbag.BundleDagBag","filename":"dagbag.py","lineno":469}
{"timestamp":"2026-06-12T17:57:32.016275Z","level":"info","event":"Filling up the DagBag from /opt/airflow/dags/assets.py","logger":"airflow.dag_processing.dagbag.BundleDagBag","filename":"dagbag.py","lineno":469}
{"timestamp":"2026-06-12T17:58:02.990255Z","level":"info","event":"Filling up the DagBag from /opt/airflow/dags/assets.py","logger":"airflow.dag_processing.dagbag.BundleDagBag","filename":"dagbag.py","lineno":469}
{"timestamp":"2026-06-12T17:58:33.865010Z","level":"info","event":"Filling up the DagBag from /opt/airflow/dags/assets.py","logger":"airflow.dag_processing.dagbag.BundleDagBag","filename":"dagbag.py","lineno":469}
{"timestamp":"2026-06-12T17:59:04.977633Z","level":"info","event":"Filling up the DagBag from /opt/airflow/dags/assets.py","logger":"airflow.dag_processing.dagbag.BundleDagBag","filename":"dagbag.py","lineno":469}
{"timestamp":"2026-06-12T17:59:35.928778Z","level":"info","event":"Filling up the DagBag from /opt/airflow/dags/assets.py","logger":"airflow.dag_processing.dagbag.BundleDagBag","filename":"dagbag.py","lineno":469}
{"timestamp":"2026-06-12T18:00:07.001133Z","level":"info","event":"Filling up the DagBag from /opt/airflow/dags/assets.py","logger":"airflow.dag_processing.dagbag.BundleDagBag","filename":"dagbag.py","lineno":469}
{"timestamp":"2026-06-12T18:00:37.868013Z","level":"info","event":"Filling up the DagBag from /opt/airflow/dags/assets.py","logger":"airflow.dag_processing.dagbag.BundleDagBag","filename":"dagbag.py","lineno":469}
{"timestamp":"2026-06-12T18:01:08.862290Z","level":"info","event":"Filling up the DagBag from /opt/airflow/dags/assets.py","logger":"airflow.dag_processing.dagbag.BundleDagBag","filename":"dagbag.py","lineno":469}
{"timestamp":"2026-06-12T18:01:39.871625Z","level":"info","event":"Filling up the DagBag from /opt/airflow/dags/assets.py","logger":"airflow.dag_processing.dagbag.BundleDagBag","filename":"dagbag.py","lineno":469}
{"timestamp":"2026-06-12T18:02:10.154622Z","level":"info","event":"Filling up the DagBag from /opt/airflow/dags/assets.py","logger":"airflow.dag_processing.dagbag.BundleDagBag","filename":"dagbag.py","lineno":469}
{"timestamp":"2026-06-12T18:02:41.185965Z","level":"info","event":"Filling up the DagBag from /opt/airflow/dags/assets.py","logger":"airflow.dag_processing.dagbag.BundleDagBag","filename":"dagbag.py","lineno":469}
{"timestamp":"2026-06-12T18:03:12.211957Z","level":"info","event":"Filling up the DagBag from /opt/airflow/dags/assets.py","logger":"airflow.dag_processing.dagbag.BundleDagBag","filename":"dagbag.py","lineno":469}
{"timestamp":"2026-06-12T18:03:43.195835Z","level":"info","event":"Filling up the DagBag from /opt/airflow/dags/assets.py","logger":"airflow.dag_processing.dagbag.BundleDagBag","filename":"dagbag.py","lineno":469}
{"timestamp":"2026-06-12T18:04:14.193629Z","level":"info","event":"Filling up the DagBag from /opt/airflow/dags/assets.py","logger":"airflow.dag_processing.dagbag.BundleDagBag","filename":"dagbag.py","lineno":469}
{"timestamp":"2026-06-12T18:04:45.116244Z","level":"info","event":"Filling up the DagBag from /opt/airflow/dags/assets.py","logger":"airflow.dag_processing.dagbag.BundleDagBag","filename":"dagbag.py","lineno":469}
{"timestamp":"2026-06-12T18:05:16.102529Z","level":"info","event":"Filling up the DagBag from /opt/airflow/dags/assets.py","logger":"airflow.dag_processing.dagbag.BundleDagBag","filename":"dagbag.py","lineno":469}
{"timestamp":"2026-06-12T18:05:47.048024Z","level":"info","event":"Filling up the DagBag from /opt/airflow/dags/assets.py","logger":"airflow.dag_processing.dagbag.BundleDagBag","filename":"dagbag.py","lineno":469}
{"timestamp":"2026-06-12T18:06:18.087870Z","level":"info","event":"Filling up the DagBag from /opt/airflow/dags/assets.py","logger":"airflow.dag_processing.dagbag.BundleDagBag","filename":"dagbag.py","lineno":469}
{"timestamp":"2026-06-12T18:06:48.005114Z","level":"info","event":"Filling up the DagBag from /opt/airflow/dags/assets.py","logger":"airflow.dag_processing.dagbag.BundleDagBag","filename":"dagbag.py","lineno":469}
{"timestamp":"2026-06-12T18:07:18.899672Z","level":"info","event":"Filling up the DagBag from /opt/airflow/dags/assets.py","logger":"airflow.dag_processing.dagbag.BundleDagBag","filename":"dagbag.py","lineno":469}
{"timestamp":"2026-06-12T18:07:50.018570Z","level":"info","event":"Filling up the DagBag from /opt/airflow/dags/assets.py","logger":"airflow.dag_processing.dagbag.BundleDagBag","filename":"dagbag.py","lineno":469}
{"timestamp":"2026-06-12T18:08:20.944827Z","level":"info","event":"Filling up the DagBag from /opt/airflow/dags/assets.py","logger":"airflow.dag_processing.dagbag.BundleDagBag","filename":"dagbag.py","lineno":469}
{"timestamp":"2026-06-12T18:08:51.847408Z","level":"info","event":"Filling up the DagBag from /opt/airflow/dags/assets.py","logger":"airflow.dag_processing.dagbag.BundleDagBag","filename":"dagbag.py","lineno":469}
{"timestamp":"2026-06-12T18:09:22.829286Z","level":"info","event":"Filling up the DagBag from /opt/airflow/dags/assets.py","logger":"airflow.dag_processing.dagbag.BundleDagBag","filename":"dagbag.py","lineno":469}
{"timestamp":"2026-06-12T18:09:53.774148Z","level":"info","event":"Filling up the DagBag from /opt/airflow/dags/assets.py","logger":"airflow.dag_processing.dagbag.BundleDagBag","filename":"dagbag.py","lineno":469}
{"timestamp":"2026-06-12T18:10:24.735848Z","level":"info","event":"Filling up the DagBag from /opt/airflow/dags/assets.py","logger":"airflow.dag_processing.dagbag.BundleDagBag","filename":"dagbag.py","lineno":469}
{"timestamp":"2026-06-12T18:10:55.600117Z","level":"info","event":"Filling up the DagBag from /opt/airflow/dags/assets.py","logger":"airflow.dag_processing.dagbag.BundleDagBag","filename":"dagbag.py","lineno":469}
{"timestamp":"2026-06-12T18:11:26.504006Z","level":"info","event":"Filling up the DagBag from /opt/airflow/dags/assets.py","logger":"airflow.dag_processing.dagbag.BundleDagBag","filename":"dagbag.py","lineno":469}
{"timestamp":"2026-06-12T18:11:57.439660Z","level":"info","event":"Filling up the DagBag from /opt/airflow/dags/assets.py","logger":"airflow.dag_processing.dagbag.BundleDagBag","filename":"dagbag.py","lineno":469}
{"timestamp":"2026-06-12T18:12:28.302721Z","level":"info","event":"Filling up the DagBag from /opt/airflow/dags/assets.py","logger":"airflow.dag_processing.dagbag.BundleDagBag","filename":"dagbag.py","lineno":469}
{"timestamp":"2026-06-12T18:12:59.174878Z","level":"info","event":"Filling up the DagBag from /opt/airflow/dags/assets.py","logger":"airflow.dag_processing.dagbag.BundleDagBag","filename":"dagbag.py","lineno":469}
{"timestamp":"2026-06-12T18:13:30.038137Z","level":"info","event":"Filling up the DagBag from /opt/airflow/dags/assets.py","logger":"airflow.dag_processing.dagbag.BundleDagBag","filename":"dagbag.py","lineno":469}
{"timestamp":"2026-06-12T18:14:00.949626Z","level":"info","event":"Filling up the DagBag from /opt/airflow/dags/assets.py","logger":"airflow.dag_processing.dagbag.BundleDagBag","filename":"dagbag.py","lineno":469}
{"timestamp":"2026-06-12T18:14:32.004319Z","level":"info","event":"Filling up the DagBag from /opt/airflow/dags/assets.py","logger":"airflow.dag_processing.dagbag.BundleDagBag","filename":"dagbag.py","lineno":469}
{"timestamp":"2026-06-12T18:15:02.911202Z","level":"info","event":"Filling up the DagBag from /opt/airflow/dags/assets.py","logger":"airflow.dag_processing.dagbag.BundleDagBag","filename":"dagbag.py","lineno":469}
{"timestamp":"2026-06-12T18:15:33.780027Z","level":"info","event":"Filling up the DagBag from /opt/airflow/dags/assets.py","logger":"airflow.dag_processing.dagbag.BundleDagBag","filename":"dagbag.py","lineno":469}
{"timestamp":"2026-06-12T18:16:04.648719Z","level":"info","event":"Filling up the DagBag from /opt/airflow/dags/assets.py","logger":"airflow.dag_processing.dagbag.BundleDagBag","filename":"dagbag.py","lineno":469}
{"timestamp":"2026-06-12T18:16:35.574829Z","level":"info","event":"Filling up the DagBag from /opt/airflow/dags/assets.py","logger":"airflow.dag_processing.dagbag.BundleDagBag","filename":"dagbag.py","lineno":469}
{"timestamp":"2026-06-12T18:17:06.539401Z","level":"info","event":"Filling up the DagBag from /opt/airflow/dags/assets.py","logger":"airflow.dag_processing.dagbag.BundleDagBag","filename":"dagbag.py","lineno":469}
{"timestamp":"2026-06-12T18:17:37.045218Z","level":"info","event":"Filling up the DagBag from /opt/airflow/dags/assets.py","logger":"airflow.dag_processing.dagbag.BundleDagBag","filename":"dagbag.py","lineno":469}
{"timestamp":"2026-06-12T18:18:07.955920Z","level":"info","event":"Filling up the DagBag from /opt/airflow/dags/assets.py","logger":"airflow.dag_processing.dagbag.BundleDagBag","filename":"dagbag.py","lineno":469}
{"timestamp":"2026-06-12T18:18:38.872309Z","level":"info","event":"Filling up the DagBag from /opt/airflow/dags/assets.py","logger":"airflow.dag_processing.dagbag.BundleDagBag","filename":"dagbag.py","lineno":469}
{"timestamp":"2026-06-12T18:19:09.733632Z","level":"info","event":"Filling up the DagBag from /opt/airflow/dags/assets.py","logger":"airflow.dag_processing.dagbag.BundleDagBag","filename":"dagbag.py","lineno":469}
{"timestamp":"2026-06-12T18:19:40.564822Z","level":"info","event":"Filling up the DagBag from /opt/airflow/dags/assets.py","logger":"airflow.dag_processing.dagbag.BundleDagBag","filename":"dagbag.py","lineno":469}
{"timestamp":"2026-06-12T18:20:11.457981Z","level":"info","event":"Filling up the DagBag from /opt/airflow/dags/assets.py","logger":"airflow.dag_processing.dagbag.BundleDagBag","filename":"dagbag.py","lineno":469}
{"timestamp":"2026-06-12T18:20:42.356299Z","level":"info","event":"Filling up the DagBag from /opt/airflow/dags/assets.py","logger":"airflow.dag_processing.dagbag.BundleDagBag","filename":"dagbag.py","lineno":469}
{"timestamp":"2026-06-12T18:21:13.209445Z","level":"info","event":"Filling up the DagBag from /opt/airflow/dags/assets.py","logger":"airflow.dag_processing.dagbag.BundleDagBag","filename":"dagbag.py","lineno":469}
{"timestamp":"2026-06-12T18:21:44.098537Z","level":"info","event":"Filling up the DagBag from /opt/airflow/dags/assets.py","logger":"airflow.dag_processing.dagbag.BundleDagBag","filename":"dagbag.py","lineno":469}
{"timestamp":"2026-06-12T18:22:14.875512Z","level":"info","event":"Filling up the DagBag from /opt/airflow/dags/assets.py","logger":"airflow.dag_processing.dagbag.BundleDagBag","filename":"dagbag.py","lineno":469}
{"timestamp":"2026-06-12T18:22:45.754378Z","level":"info","event":"Filling up the DagBag from /opt/airflow/dags/assets.py","logger":"airflow.dag_processing.dagbag.BundleDagBag","filename":"dagbag.py","lineno":469}
{"timestamp":"2026-06-12T18:23:16.607240Z","level":"info","event":"Filling up the DagBag from /opt/airflow/dags/assets.py","logger":"airflow.dag_processing.dagbag.BundleDagBag","filename":"dagbag.py","lineno":469}
{"timestamp":"2026-06-12T18:23:47.505972Z","level":"info","event":"Filling up the DagBag from /opt/airflow/dags/assets.py","logger":"airflow.dag_processing.dagbag.BundleDagBag","filename":"dagbag.py","lineno":469}
{"timestamp":"2026-06-12T18:24:18.309142Z","level":"info","event":"Filling up the DagBag from /opt/airflow/dags/assets.py","logger":"airflow.dag_processing.dagbag.BundleDagBag","filename":"dagbag.py","lineno":469}
{"timestamp":"2026-06-12T18:24:49.121605Z","level":"info","event":"Filling up the DagBag from /opt/airflow/dags/assets.py","logger":"airflow.dag_processing.dagbag.BundleDagBag","filename":"dagbag.py","lineno":469}
{"timestamp":"2026-06-12T18:25:19.951177Z","level":"info","event":"Filling up the DagBag from /opt/airflow/dags/assets.py","logger":"airflow.dag_processing.dagbag.BundleDagBag","filename":"dagbag.py","lineno":469}
{"timestamp":"2026-06-12T18:25:50.761474Z","level":"info","event":"Filling up the DagBag from /opt/airflow/dags/assets.py","logger":"airflow.dag_processing.dagbag.BundleDagBag","filename":"dagbag.py","lineno":469}
{"timestamp":"2026-06-12T18:26:21.579912Z","level":"info","event":"Filling up the DagBag from /opt/airflow/dags/assets.py","logger":"airflow.dag_processing.dagbag.BundleDagBag","filename":"dagbag.py","lineno":469}
{"timestamp":"2026-06-12T18:26:52.367450Z","level":"info","event":"Filling up the DagBag from /opt/airflow/dags/assets.py","logger":"airflow.dag_processing.dagbag.BundleDagBag","filename":"dagbag.py","lineno":469}
{"timestamp":"2026-06-12T18:27:23.252783Z","level":"info","event":"Filling up the DagBag from /opt/airflow/dags/assets.py","logger":"airflow.dag_processing.dagbag.BundleDagBag","filename":"dagbag.py","lineno":469}
{"timestamp":"2026-06-12T18:27:54.091752Z","level":"info","event":"Filling up the DagBag from /opt/airflow/dags/assets.py","logger":"airflow.dag_processing.dagbag.BundleDagBag","filename":"dagbag.py","lineno":469}
{"timestamp":"2026-06-12T18:28:24.952454Z","level":"info","event":"Filling up the DagBag from /opt/airflow/dags/assets.py","logger":"airflow.dag_processing.dagbag.BundleDagBag","filename":"dagbag.py","lineno":469}
{"timestamp":"2026-06-12T18:28:55.811677Z","level":"info","event":"Filling up the DagBag from /opt/airflow/dags/assets.py","logger":"airflow.dag_processing.dagbag.BundleDagBag","filename":"dagbag.py","lineno":469}
{"timestamp":"2026-06-12T18:29:26.589399Z","level":"info","event":"Filling up the DagBag from /opt/airflow/dags/assets.py","logger":"airflow.dag_processing.dagbag.BundleDagBag","filename":"dagbag.py","lineno":469}
{"timestamp":"2026-06-12T18:29:57.395940Z","level":"info","event":"Filling up the DagBag from /opt/airflow/dags/assets.py","logger":"airflow.dag_processing.dagbag.BundleDagBag","filename":"dagbag.py","lineno":469}
{"timestamp":"2026-06-12T18:30:28.223966Z","level":"info","event":"Filling up the DagBag from /opt/airflow/dags/assets.py","logger":"airflow.dag_processing.dagbag.BundleDagBag","filename":"dagbag.py","lineno":469}
{"timestamp":"2026-06-12T18:30:57.967450Z","level":"info","event":"Filling up the DagBag from /opt/airflow/dags/assets.py","logger":"airflow.dag_processing.dagbag.BundleDagBag","filename":"dagbag.py","lineno":469}
{"timestamp":"2026-06-12T18:31:28.547783Z","level":"info","event":"Filling up the DagBag from /opt/airflow/dags/assets.py","logger":"airflow.dag_processing.dagbag.BundleDagBag","filename":"dagbag.py","lineno":469}
{"timestamp":"2026-06-12T18:31:59.292374Z","level":"info","event":"Filling up the DagBag from /opt/airflow/dags/assets.py","logger":"airflow.dag_processing.dagbag.BundleDagBag","filename":"dagbag.py","lineno":469}
{"timestamp":"2026-06-12T18:32:30.039347Z","level":"info","event":"Filling up the DagBag from /opt/airflow/dags/assets.py","logger":"airflow.dag_processing.dagbag.BundleDagBag","filename":"dagbag.py","lineno":469}
{"timestamp":"2026-06-12T18:33:00.747814Z","level":"info","event":"Filling up the DagBag from /opt/airflow/dags/assets.py","logger":"airflow.dag_processing.dagbag.BundleDagBag","filename":"dagbag.py","lineno":469}
{"timestamp":"2026-06-12T18:33:31.527097Z","level":"info","event":"Filling up the DagBag from /opt/airflow/dags/assets.py","logger":"airflow.dag_processing.dagbag.BundleDagBag","filename":"dagbag.py","lineno":469}
{"timestamp":"2026-06-12T18:34:02.136821Z","level":"info","event":"Filling up the DagBag from /opt/airflow/dags/assets.py","logger":"airflow.dag_processing.dagbag.BundleDagBag","filename":"dagbag.py","lineno":469}
{"timestamp":"2026-06-12T18:34:32.933297Z","level":"info","event":"Filling up the DagBag from /opt/airflow/dags/assets.py","logger":"airflow.dag_processing.dagbag.BundleDagBag","filename":"dagbag.py","lineno":469}
{"timestamp":"2026-06-12T18:35:03.693656Z","level":"info","event":"Filling up the DagBag from /opt/airflow/dags/assets.py","logger":"airflow.dag_processing.dagbag.BundleDagBag","filename":"dagbag.py","lineno":469}
{"timestamp":"2026-06-12T18:35:34.427326Z","level":"info","event":"Filling up the DagBag from /opt/airflow/dags/assets.py","logger":"airflow.dag_processing.dagbag.BundleDagBag","filename":"dagbag.py","lineno":469}
{"timestamp":"2026-06-12T18:36:05.311526Z","level":"info","event":"Filling up the DagBag from /opt/airflow/dags/assets.py","logger":"airflow.dag_processing.dagbag.BundleDagBag","filename":"dagbag.py","lineno":469}
{"timestamp":"2026-06-12T18:36:36.053619Z","level":"info","event":"Filling up the DagBag from /opt/airflow/dags/assets.py","logger":"airflow.dag_processing.dagbag.BundleDagBag","filename":"dagbag.py","lineno":469}
{"timestamp":"2026-06-12T18:37:06.877612Z","level":"info","event":"Filling up the DagBag from /opt/airflow/dags/assets.py","logger":"airflow.dag_processing.dagbag.BundleDagBag","filename":"dagbag.py","lineno":469}
{"timestamp":"2026-06-12T18:37:37.719513Z","level":"info","event":"Filling up the DagBag from /opt/airflow/dags/assets.py","logger":"airflow.dag_processing.dagbag.BundleDagBag","filename":"dagbag.py","lineno":469}
{"timestamp":"2026-06-12T18:38:08.450992Z","level":"info","event":"Filling up the DagBag from /opt/airflow/dags/assets.py","logger":"airflow.dag_processing.dagbag.BundleDagBag","filename":"dagbag.py","lineno":469}
{"timestamp":"2026-06-12T18:38:39.155976Z","level":"info","event":"Filling up the DagBag from /opt/airflow/dags/assets.py","logger":"airflow.dag_processing.dagbag.BundleDagBag","filename":"dagbag.py","lineno":469}
{"timestamp":"2026-06-12T18:39:09.781350Z","level":"info","event":"Filling up the DagBag from /opt/airflow/dags/assets.py","logger":"airflow.dag_processing.dagbag.BundleDagBag","filename":"dagbag.py","lineno":469}
{"timestamp":"2026-06-12T18:39:40.370699Z","level":"info","event":"Filling up the DagBag from /opt/airflow/dags/assets.py","logger":"airflow.dag_processing.dagbag.BundleDagBag","filename":"dagbag.py","lineno":469}
{"timestamp":"2026-06-12T18:40:11.013786Z","level":"info","event":"Filling up the DagBag from /opt/airflow/dags/assets.py","logger":"airflow.dag_processing.dagbag.BundleDagBag","filename":"dagbag.py","lineno":469}
{"timestamp":"2026-06-12T18:40:41.750400Z","level":"info","event":"Filling up the DagBag from /opt/airflow/dags/assets.py","logger":"airflow.dag_processing.dagbag.BundleDagBag","filename":"dagbag.py","lineno":469}
{"timestamp":"2026-06-12T18:41:12.456517Z","level":"info","event":"Filling up the DagBag from /opt/airflow/dags/assets.py","logger":"airflow.dag_processing.dagbag.BundleDagBag","filename":"dagbag.py","lineno":469}
{"timestamp":"2026-06-12T18:41:43.187188Z","level":"info","event":"Filling up the DagBag from /opt/airflow/dags/assets.py","logger":"airflow.dag_processing.dagbag.BundleDagBag","filename":"dagbag.py","lineno":469}
{"timestamp":"2026-06-12T18:42:13.828789Z","level":"info","event":"Filling up the DagBag from /opt/airflow/dags/assets.py","logger":"airflow.dag_processing.dagbag.BundleDagBag","filename":"dagbag.py","lineno":469}
{"timestamp":"2026-06-12T18:42:44.507119Z","level":"info","event":"Filling up the DagBag from /opt/airflow/dags/assets.py","logger":"airflow.dag_processing.dagbag.BundleDagBag","filename":"dagbag.py","lineno":469}
{"timestamp":"2026-06-12T18:43:15.177399Z","level":"info","event":"Filling up the DagBag from /opt/airflow/dags/assets.py","logger":"airflow.dag_processing.dagbag.BundleDagBag","filename":"dagbag.py","lineno":469}
{"timestamp":"2026-06-12T18:43:45.824212Z","level":"info","event":"Filling up the DagBag from /opt/airflow/dags/assets.py","logger":"airflow.dag_processing.dagbag.BundleDagBag","filename":"dagbag.py","lineno":469}
{"timestamp":"2026-06-12T18:44:16.504321Z","level":"info","event":"Filling up the DagBag from /opt/airflow/dags/assets.py","logger":"airflow.dag_processing.dagbag.BundleDagBag","filename":"dagbag.py","lineno":469}
{"timestamp":"2026-06-12T18:44:47.131465Z","level":"info","event":"Filling up the DagBag from /opt/airflow/dags/assets.py","logger":"airflow.dag_processing.dagbag.BundleDagBag","filename":"dagbag.py","lineno":469}
{"timestamp":"2026-06-12T18:45:17.851780Z","level":"info","event":"Filling up the DagBag from /opt/airflow/dags/assets.py","logger":"airflow.dag_processing.dagbag.BundleDagBag","filename":"dagbag.py","lineno":469}
{"timestamp":"2026-06-12T18:45:48.558459Z","level":"info","event":"Filling up the DagBag from /opt/airflow/dags/assets.py","logger":"airflow.dag_processing.dagbag.BundleDagBag","filename":"dagbag.py","lineno":469}
{"timestamp":"2026-06-12T18:46:19.322533Z","level":"info","event":"Filling up the DagBag from /opt/airflow/dags/assets.py","logger":"airflow.dag_processing.dagbag.BundleDagBag","filename":"dagbag.py","lineno":469}
{"timestamp":"2026-06-12T18:46:50.090799Z","level":"info","event":"Filling up the DagBag from /opt/airflow/dags/assets.py","logger":"airflow.dag_processing.dagbag.BundleDagBag","filename":"dagbag.py","lineno":469}
{"timestamp":"2026-06-12T18:47:20.747401Z","level":"info","event":"Filling up the DagBag from /opt/airflow/dags/assets.py","logger":"airflow.dag_processing.dagbag.BundleDagBag","filename":"dagbag.py","lineno":469}
{"timestamp":"2026-06-12T18:47:51.319457Z","level":"info","event":"Filling up the DagBag from /opt/airflow/dags/assets.py","logger":"airflow.dag_processing.dagbag.BundleDagBag","filename":"dagbag.py","lineno":469}
{"timestamp":"2026-06-12T18:48:22.041563Z","level":"info","event":"Filling up the DagBag from /opt/airflow/dags/assets.py","logger":"airflow.dag_processing.dagbag.BundleDagBag","filename":"dagbag.py","lineno":469}
{"timestamp":"2026-06-12T18:48:52.719333Z","level":"info","event":"Filling up the DagBag from /opt/airflow/dags/assets.py","logger":"airflow.dag_processing.dagbag.BundleDagBag","filename":"dagbag.py","lineno":469}
{"timestamp":"2026-06-12T18:49:23.369615Z","level":"info","event":"Filling up the DagBag from /opt/airflow/dags/assets.py","logger":"airflow.dag_processing.dagbag.BundleDagBag","filename":"dagbag.py","lineno":469}
{"timestamp":"2026-06-12T18:49:54.013722Z","level":"info","event":"Filling up the DagBag from /opt/airflow/dags/assets.py","logger":"airflow.dag_processing.dagbag.BundleDagBag","filename":"dagbag.py","lineno":469}
{"timestamp":"2026-06-12T18:50:24.699038Z","level":"info","event":"Filling up the DagBag from /opt/airflow/dags/assets.py","logger":"airflow.dag_processing.dagbag.BundleDagBag","filename":"dagbag.py","lineno":469}
{"timestamp":"2026-06-12T18:50:55.388339Z","level":"info","event":"Filling up the DagBag from /opt/airflow/dags/assets.py","logger":"airflow.dag_processing.dagbag.BundleDagBag","filename":"dagbag.py","lineno":469}
{"timestamp":"2026-06-12T18:51:26.114855Z","level":"info","event":"Filling up the DagBag from /opt/airflow/dags/assets.py","logger":"airflow.dag_processing.dagbag.BundleDagBag","filename":"dagbag.py","lineno":469}
{"timestamp":"2026-06-12T18:51:56.813500Z","level":"info","event":"Filling up the DagBag from /opt/airflow/dags/assets.py","logger":"airflow.dag_processing.dagbag.BundleDagBag","filename":"dagbag.py","lineno":469}
{"timestamp":"2026-06-12T18:52:27.505863Z","level":"info","event":"Filling up the DagBag from /opt/airflow/dags/assets.py","logger":"airflow.dag_processing.dagbag.BundleDagBag","filename":"dagbag.py","lineno":469}
{"timestamp":"2026-06-12T18:52:58.041820Z","level":"info","event":"Filling up the DagBag from /opt/airflow/dags/assets.py","logger":"airflow.dag_processing.dagbag.BundleDagBag","filename":"dagbag.py","lineno":469}
{"timestamp":"2026-06-12T18:53:28.721441Z","level":"info","event":"Filling up the DagBag from /opt/airflow/dags/assets.py","logger":"airflow.dag_processing.dagbag.BundleDagBag","filename":"dagbag.py","lineno":469}
{"timestamp":"2026-06-12T18:53:59.439133Z","level":"info","event":"Filling up the DagBag from /opt/airflow/dags/assets.py","logger":"airflow.dag_processing.dagbag.BundleDagBag","filename":"dagbag.py","lineno":469}
{"timestamp":"2026-06-12T18:54:30.057935Z","level":"info","event":"Filling up the DagBag from /opt/airflow/dags/assets.py","logger":"airflow.dag_processing.dagbag.BundleDagBag","filename":"dagbag.py","lineno":469}
{"timestamp":"2026-06-12T18:55:00.699452Z","level":"info","event":"Filling up the DagBag from /opt/airflow/dags/assets.py","logger":"airflow.dag_processing.dagbag.BundleDagBag","filename":"dagbag.py","lineno":469}
{"timestamp":"2026-06-12T18:55:31.317798Z","level":"info","event":"Filling up the DagBag from /opt/airflow/dags/assets.py","logger":"airflow.dag_processing.dagbag.BundleDagBag","filename":"dagbag.py","lineno":469}
{"timestamp":"2026-06-12T18:56:01.805241Z","level":"info","event":"Filling up the DagBag from /opt/airflow/dags/assets.py","logger":"airflow.dag_processing.dagbag.BundleDagBag","filename":"dagbag.py","lineno":469}
{"timestamp":"2026-06-12T18:56:32.431995Z","level":"info","event":"Filling up the DagBag from /opt/airflow/dags/assets.py","logger":"airflow.dag_processing.dagbag.BundleDagBag","filename":"dagbag.py","lineno":469}
{"timestamp":"2026-06-12T18:57:03.057380Z","level":"info","event":"Filling up the DagBag from /opt/airflow/dags/assets.py","logger":"airflow.dag_processing.dagbag.BundleDagBag","filename":"dagbag.py","lineno":469}
{"timestamp":"2026-06-12T18:57:33.767770Z","level":"info","event":"Filling up the DagBag from /opt/airflow/dags/assets.py","logger":"airflow.dag_processing.dagbag.BundleDagBag","filename":"dagbag.py","lineno":469}
{"timestamp":"2026-06-12T18:58:04.313783Z","level":"info","event":"Filling up the DagBag from /opt/airflow/dags/assets.py","logger":"airflow.dag_processing.dagbag.BundleDagBag","filename":"dagbag.py","lineno":469}
{"timestamp":"2026-06-12T18:58:34.918787Z","level":"info","event":"Filling up the DagBag from /opt/airflow/dags/assets.py","logger":"airflow.dag_processing.dagbag.BundleDagBag","filename":"dagbag.py","lineno":469}
{"timestamp":"2026-06-12T18:59:05.552192Z","level":"info","event":"Filling up the DagBag from /opt/airflow/dags/assets.py","logger":"airflow.dag_processing.dagbag.BundleDagBag","filename":"dagbag.py","lineno":469}
{"timestamp":"2026-06-12T18:59:36.148663Z","level":"info","event":"Filling up the DagBag from /opt/airflow/dags/assets.py","logger":"airflow.dag_processing.dagbag.BundleDagBag","filename":"dagbag.py","lineno":469}
{"timestamp":"2026-06-12T19:00:06.738878Z","level":"info","event":"Filling up the DagBag from /opt/airflow/dags/assets.py","logger":"airflow.dag_processing.dagbag.BundleDagBag","filename":"dagbag.py","lineno":469}
{"timestamp":"2026-06-12T19:00:37.323849Z","level":"info","event":"Filling up the DagBag from /opt/airflow/dags/assets.py","logger":"airflow.dag_processing.dagbag.BundleDagBag","filename":"dagbag.py","lineno":469}
{"timestamp":"2026-06-12T19:01:07.896627Z","level":"info","event":"Filling up the DagBag from /opt/airflow/dags/assets.py","logger":"airflow.dag_processing.dagbag.BundleDagBag","filename":"dagbag.py","lineno":469}
{"timestamp":"2026-06-12T19:01:38.595520Z","level":"info","event":"Filling up the DagBag from /opt/airflow/dags/assets.py","logger":"airflow.dag_processing.dagbag.BundleDagBag","filename":"dagbag.py","lineno":469}
{"timestamp":"2026-06-12T19:02:09.140442Z","level":"info","event":"Filling up the DagBag from /opt/airflow/dags/assets.py","logger":"airflow.dag_processing.dagbag.BundleDagBag","filename":"dagbag.py","lineno":469}
{"timestamp":"2026-06-12T19:02:39.706862Z","level":"info","event":"Filling up the DagBag from /opt/airflow/dags/assets.py","logger":"airflow.dag_processing.dagbag.BundleDagBag","filename":"dagbag.py","lineno":469}
{"timestamp":"2026-06-12T19:03:10.313660Z","level":"info","event":"Filling up the DagBag from /opt/airflow/dags/assets.py","logger":"airflow.dag_processing.dagbag.BundleDagBag","filename":"dagbag.py","lineno":469}
{"timestamp":"2026-06-12T19:03:40.955112Z","level":"info","event":"Filling up the DagBag from /opt/airflow/dags/assets.py","logger":"airflow.dag_processing.dagbag.BundleDagBag","filename":"dagbag.py","lineno":469}
{"timestamp":"2026-06-12T19:04:11.368300Z","level":"info","event":"Filling up the DagBag from /opt/airflow/dags/assets.py","logger":"airflow.dag_processing.dagbag.BundleDagBag","filename":"dagbag.py","lineno":469}
{"timestamp":"2026-06-12T19:04:42.005585Z","level":"info","event":"Filling up the DagBag from /opt/airflow/dags/assets.py","logger":"airflow.dag_processing.dagbag.BundleDagBag","filename":"dagbag.py","lineno":469}
{"timestamp":"2026-06-12T19:05:12.536915Z","level":"info","event":"Filling up the DagBag from /opt/airflow/dags/assets.py","logger":"airflow.dag_processing.dagbag.BundleDagBag","filename":"dagbag.py","lineno":469}
{"timestamp":"2026-06-12T19:05:43.126371Z","level":"info","event":"Filling up the DagBag from /opt/airflow/dags/assets.py","logger":"airflow.dag_processing.dagbag.BundleDagBag","filename":"dagbag.py","lineno":469}
{"timestamp":"2026-06-12T19:06:13.692934Z","level":"info","event":"Filling up the DagBag from /opt/airflow/dags/assets.py","logger":"airflow.dag_processing.dagbag.BundleDagBag","filename":"dagbag.py","lineno":469}
{"timestamp":"2026-06-12T19:06:44.229175Z","level":"info","event":"Filling up the DagBag from /opt/airflow/dags/assets.py","logger":"airflow.dag_processing.dagbag.BundleDagBag","filename":"dagbag.py","lineno":469}
{"timestamp":"2026-06-12T19:07:14.859706Z","level":"info","event":"Filling up the DagBag from /opt/airflow/dags/assets.py","logger":"airflow.dag_processing.dagbag.BundleDagBag","filename":"dagbag.py","lineno":469}
{"timestamp":"2026-06-12T19:07:45.403637Z","level":"info","event":"Filling up the DagBag from /opt/airflow/dags/assets.py","logger":"airflow.dag_processing.dagbag.BundleDagBag","filename":"dagbag.py","lineno":469}
{"timestamp":"2026-06-12T19:08:15.941526Z","level":"info","event":"Filling up the DagBag from /opt/airflow/dags/assets.py","logger":"airflow.dag_processing.dagbag.BundleDagBag","filename":"dagbag.py","lineno":469}
{"timestamp":"2026-06-12T19:08:46.443336Z","level":"info","event":"Filling up the DagBag from /opt/airflow/dags/assets.py","logger":"airflow.dag_processing.dagbag.BundleDagBag","filename":"dagbag.py","lineno":469}
{"timestamp":"2026-06-12T19:09:16.995124Z","level":"info","event":"Filling up the DagBag from /opt/airflow/dags/assets.py","logger":"airflow.dag_processing.dagbag.BundleDagBag","filename":"dagbag.py","lineno":469}
{"timestamp":"2026-06-12T19:09:47.579156Z","level":"info","event":"Filling up the DagBag from /opt/airflow/dags/assets.py","logger":"airflow.dag_processing.dagbag.BundleDagBag","filename":"dagbag.py","lineno":469}
{"timestamp":"2026-06-12T19:10:18.048663Z","level":"info","event":"Filling up the DagBag from /opt/airflow/dags/assets.py","logger":"airflow.dag_processing.dagbag.BundleDagBag","filename":"dagbag.py","lineno":469}
{"timestamp":"2026-06-12T19:10:48.596511Z","level":"info","event":"Filling up the DagBag from /opt/airflow/dags/assets.py","logger":"airflow.dag_processing.dagbag.BundleDagBag","filename":"dagbag.py","lineno":469}
{"timestamp":"2026-06-12T19:11:19.090963Z","level":"info","event":"Filling up the DagBag from /opt/airflow/dags/assets.py","logger":"airflow.dag_processing.dagbag.BundleDagBag","filename":"dagbag.py","lineno":469}
{"timestamp":"2026-06-12T19:11:49.641373Z","level":"info","event":"Filling up the DagBag from /opt/airflow/dags/assets.py","logger":"airflow.dag_processing.dagbag.BundleDagBag","filename":"dagbag.py","lineno":469}
{"timestamp":"2026-06-12T19:12:19.945458Z","level":"info","event":"Filling up the DagBag from /opt/airflow/dags/assets.py","logger":"airflow.dag_processing.dagbag.BundleDagBag","filename":"dagbag.py","lineno":469}
{"timestamp":"2026-06-12T19:12:50.488496Z","level":"info","event":"Filling up the DagBag from /opt/airflow/dags/assets.py","logger":"airflow.dag_processing.dagbag.BundleDagBag","filename":"dagbag.py","lineno":469}
{"timestamp":"2026-06-12T19:13:20.963247Z","level":"info","event":"Filling up the DagBag from /opt/airflow/dags/assets.py","logger":"airflow.dag_processing.dagbag.BundleDagBag","filename":"dagbag.py","lineno":469}
{"timestamp":"2026-06-12T19:13:51.463006Z","level":"info","event":"Filling up the DagBag from /opt/airflow/dags/assets.py","logger":"airflow.dag_processing.dagbag.BundleDagBag","filename":"dagbag.py","lineno":469}
{"timestamp":"2026-06-12T19:14:21.966234Z","level":"info","event":"Filling up the DagBag from /opt/airflow/dags/assets.py","logger":"airflow.dag_processing.dagbag.BundleDagBag","filename":"dagbag.py","lineno":469}
{"timestamp":"2026-06-12T19:14:52.497053Z","level":"info","event":"Filling up the DagBag from /opt/airflow/dags/assets.py","logger":"airflow.dag_processing.dagbag.BundleDagBag","filename":"dagbag.py","lineno":469}
{"timestamp":"2026-06-12T19:15:23.066203Z","level":"info","event":"Filling up the DagBag from /opt/airflow/dags/assets.py","logger":"airflow.dag_processing.dagbag.BundleDagBag","filename":"dagbag.py","lineno":469}
{"timestamp":"2026-06-12T19:15:53.620077Z","level":"info","event":"Filling up the DagBag from /opt/airflow/dags/assets.py","logger":"airflow.dag_processing.dagbag.BundleDagBag","filename":"dagbag.py","lineno":469}
{"timestamp":"2026-06-12T19:16:24.176625Z","level":"info","event":"Filling up the DagBag from /opt/airflow/dags/assets.py","logger":"airflow.dag_processing.dagbag.BundleDagBag","filename":"dagbag.py","lineno":469}
{"timestamp":"2026-06-12T19:16:54.664506Z","level":"info","event":"Filling up the DagBag from /opt/airflow/dags/assets.py","logger":"airflow.dag_processing.dagbag.BundleDagBag","filename":"dagbag.py","lineno":469}
{"timestamp":"2026-06-12T19:17:25.182224Z","level":"info","event":"Filling up the DagBag from /opt/airflow/dags/assets.py","logger":"airflow.dag_processing.dagbag.BundleDagBag","filename":"dagbag.py","lineno":469}
{"timestamp":"2026-06-12T19:17:55.653526Z","level":"info","event":"Filling up the DagBag from /opt/airflow/dags/assets.py","logger":"airflow.dag_processing.dagbag.BundleDagBag","filename":"dagbag.py","lineno":469}
{"timestamp":"2026-06-12T19:18:26.244096Z","level":"info","event":"Filling up the DagBag from /opt/airflow/dags/assets.py","logger":"airflow.dag_processing.dagbag.BundleDagBag","filename":"dagbag.py","lineno":469}
{"timestamp":"2026-06-12T19:18:56.716896Z","level":"info","event":"Filling up the DagBag from /opt/airflow/dags/assets.py","logger":"airflow.dag_processing.dagbag.BundleDagBag","filename":"dagbag.py","lineno":469}
{"timestamp":"2026-06-12T19:19:27.260016Z","level":"info","event":"Filling up the DagBag from /opt/airflow/dags/assets.py","logger":"airflow.dag_processing.dagbag.BundleDagBag","filename":"dagbag.py","lineno":469}
{"timestamp":"2026-06-12T19:19:57.781525Z","level":"info","event":"Filling up the DagBag from /opt/airflow/dags/assets.py","logger":"airflow.dag_processing.dagbag.BundleDagBag","filename":"dagbag.py","lineno":469}
{"timestamp":"2026-06-12T19:20:28.012756Z","level":"info","event":"Filling up the DagBag from /opt/airflow/dags/assets.py","logger":"airflow.dag_processing.dagbag.BundleDagBag","filename":"dagbag.py","lineno":469}
{"timestamp":"2026-06-12T19:20:58.500574Z","level":"info","event":"Filling up the DagBag from /opt/airflow/dags/assets.py","logger":"airflow.dag_processing.dagbag.BundleDagBag","filename":"dagbag.py","lineno":469}
{"timestamp":"2026-06-12T19:21:29.037040Z","level":"info","event":"Filling up the DagBag from /opt/airflow/dags/assets.py","logger":"airflow.dag_processing.dagbag.BundleDagBag","filename":"dagbag.py","lineno":469}
{"timestamp":"2026-06-12T19:21:59.477964Z","level":"info","event":"Filling up the DagBag from /opt/airflow/dags/assets.py","logger":"airflow.dag_processing.dagbag.BundleDagBag","filename":"dagbag.py","lineno":469}
{"timestamp":"2026-06-12T19:22:29.997869Z","level":"info","event":"Filling up the DagBag from /opt/airflow/dags/assets.py","logger":"airflow.dag_processing.dagbag.BundleDagBag","filename":"dagbag.py","lineno":469}
{"timestamp":"2026-06-12T19:23:00.568210Z","level":"info","event":"Filling up the DagBag from /opt/airflow/dags/assets.py","logger":"airflow.dag_processing.dagbag.BundleDagBag","filename":"dagbag.py","lineno":469}
{"timestamp":"2026-06-12T19:23:31.037529Z","level":"info","event":"Filling up the DagBag from /opt/airflow/dags/assets.py","logger":"airflow.dag_processing.dagbag.BundleDagBag","filename":"dagbag.py","lineno":469}
{"timestamp":"2026-06-12T19:24:01.521343Z","level":"info","event":"Filling up the DagBag from /opt/airflow/dags/assets.py","logger":"airflow.dag_processing.dagbag.BundleDagBag","filename":"dagbag.py","lineno":469}
{"timestamp":"2026-06-12T19:24:32.014940Z","level":"info","event":"Filling up the DagBag from /opt/airflow/dags/assets.py","logger":"airflow.dag_processing.dagbag.BundleDagBag","filename":"dagbag.py","lineno":469}
{"timestamp":"2026-06-12T19:25:02.506933Z","level":"info","event":"Filling up the DagBag from /opt/airflow/dags/assets.py","logger":"airflow.dag_processing.dagbag.BundleDagBag","filename":"dagbag.py","lineno":469}
{"timestamp":"2026-06-12T19:25:32.949865Z","level":"info","event":"Filling up the DagBag from /opt/airflow/dags/assets.py","logger":"airflow.dag_processing.dagbag.BundleDagBag","filename":"dagbag.py","lineno":469}
{"timestamp":"2026-06-12T19:26:03.457929Z","level":"info","event":"Filling up the DagBag from /opt/airflow/dags/assets.py","logger":"airflow.dag_processing.dagbag.BundleDagBag","filename":"dagbag.py","lineno":469}
{"timestamp":"2026-06-12T19:26:33.880158Z","level":"info","event":"Filling up the DagBag from /opt/airflow/dags/assets.py","logger":"airflow.dag_processing.dagbag.BundleDagBag","filename":"dagbag.py","lineno":469}
{"timestamp":"2026-06-12T19:27:04.411713Z","level":"info","event":"Filling up the DagBag from /opt/airflow/dags/assets.py","logger":"airflow.dag_processing.dagbag.BundleDagBag","filename":"dagbag.py","lineno":469}
{"timestamp":"2026-06-12T19:27:34.955491Z","level":"info","event":"Filling up the DagBag from /opt/airflow/dags/assets.py","logger":"airflow.dag_processing.dagbag.BundleDagBag","filename":"dagbag.py","lineno":469}
{"timestamp":"2026-06-12T19:28:05.422572Z","level":"info","event":"Filling up the DagBag from /opt/airflow/dags/assets.py","logger":"airflow.dag_processing.dagbag.BundleDagBag","filename":"dagbag.py","lineno":469}
{"timestamp":"2026-06-12T19:28:35.546055Z","level":"info","event":"Filling up the DagBag from /opt/airflow/dags/assets.py","logger":"airflow.dag_processing.dagbag.BundleDagBag","filename":"dagbag.py","lineno":469}
{"timestamp":"2026-06-12T19:29:06.080575Z","level":"info","event":"Filling up the DagBag from /opt/airflow/dags/assets.py","logger":"airflow.dag_processing.dagbag.BundleDagBag","filename":"dagbag.py","lineno":469}
{"timestamp":"2026-06-12T19:29:36.477765Z","level":"info","event":"Filling up the DagBag from /opt/airflow/dags/assets.py","logger":"airflow.dag_processing.dagbag.BundleDagBag","filename":"dagbag.py","lineno":469}
{"timestamp":"2026-06-12T19:30:06.965416Z","level":"info","event":"Filling up the DagBag from /opt/airflow/dags/assets.py","logger":"airflow.dag_processing.dagbag.BundleDagBag","filename":"dagbag.py","lineno":469}
{"timestamp":"2026-06-12T19:30:37.422950Z","level":"info","event":"Filling up the DagBag from /opt/airflow/dags/assets.py","logger":"airflow.dag_processing.dagbag.BundleDagBag","filename":"dagbag.py","lineno":469}
{"timestamp":"2026-06-12T19:31:07.926889Z","level":"info","event":"Filling up the DagBag from /opt/airflow/dags/assets.py","logger":"airflow.dag_processing.dagbag.BundleDagBag","filename":"dagbag.py","lineno":469}
{"timestamp":"2026-06-12T19:31:38.379406Z","level":"info","event":"Filling up the DagBag from /opt/airflow/dags/assets.py","logger":"airflow.dag_processing.dagbag.BundleDagBag","filename":"dagbag.py","lineno":469}
{"timestamp":"2026-06-12T19:32:08.935841Z","level":"info","event":"Filling up the DagBag from /opt/airflow/dags/assets.py","logger":"airflow.dag_processing.dagbag.BundleDagBag","filename":"dagbag.py","lineno":469}
{"timestamp":"2026-06-12T19:32:39.450264Z","level":"info","event":"Filling up the DagBag from /opt/airflow/dags/assets.py","logger":"airflow.dag_processing.dagbag.BundleDagBag","filename":"dagbag.py","lineno":469}
{"timestamp":"2026-06-12T19:33:09.868855Z","level":"info","event":"Filling up the DagBag from /opt/airflow/dags/assets.py","logger":"airflow.dag_processing.dagbag.BundleDagBag","filename":"dagbag.py","lineno":469}
{"timestamp":"2026-06-12T19:33:40.327149Z","level":"info","event":"Filling up the DagBag from /opt/airflow/dags/assets.py","logger":"airflow.dag_processing.dagbag.BundleDagBag","filename":"dagbag.py","lineno":469}
{"timestamp":"2026-06-12T19:34:10.704280Z","level":"info","event":"Filling up the DagBag from /opt/airflow/dags/assets.py","logger":"airflow.dag_processing.dagbag.BundleDagBag","filename":"dagbag.py","lineno":469}
{"timestamp":"2026-06-12T19:34:41.199736Z","level":"info","event":"Filling up the DagBag from /opt/airflow/dags/assets.py","logger":"airflow.dag_processing.dagbag.BundleDagBag","filename":"dagbag.py","lineno":469}
{"timestamp":"2026-06-12T19:35:11.651397Z","level":"info","event":"Filling up the DagBag from /opt/airflow/dags/assets.py","logger":"airflow.dag_processing.dagbag.BundleDagBag","filename":"dagbag.py","lineno":469}
{"timestamp":"2026-06-12T19:35:42.072221Z","level":"info","event":"Filling up the DagBag from /opt/airflow/dags/assets.py","logger":"airflow.dag_processing.dagbag.BundleDagBag","filename":"dagbag.py","lineno":469}
{"timestamp":"2026-06-12T19:36:12.626240Z","level":"info","event":"Filling up the DagBag from /opt/airflow/dags/assets.py","logger":"airflow.dag_processing.dagbag.BundleDagBag","filename":"dagbag.py","lineno":469}
{"timestamp":"2026-06-12T19:36:42.863742Z","level":"info","event":"Filling up the DagBag from /opt/airflow/dags/assets.py","logger":"airflow.dag_processing.dagbag.BundleDagBag","filename":"dagbag.py","lineno":469}
{"timestamp":"2026-06-12T19:37:13.328135Z","level":"info","event":"Filling up the DagBag from /opt/airflow/dags/assets.py","logger":"airflow.dag_processing.dagbag.BundleDagBag","filename":"dagbag.py","lineno":469}
{"timestamp":"2026-06-12T19:37:43.458481Z","level":"info","event":"Filling up the DagBag from /opt/airflow/dags/assets.py","logger":"airflow.dag_processing.dagbag.BundleDagBag","filename":"dagbag.py","lineno":469}
{"timestamp":"2026-06-12T19:38:14.014960Z","level":"info","event":"Filling up the DagBag from /opt/airflow/dags/assets.py","logger":"airflow.dag_processing.dagbag.BundleDagBag","filename":"dagbag.py","lineno":469}
{"timestamp":"2026-06-12T19:38:44.470629Z","level":"info","event":"Filling up the DagBag from /opt/airflow/dags/assets.py","logger":"airflow.dag_processing.dagbag.BundleDagBag","filename":"dagbag.py","lineno":469}
{"timestamp":"2026-06-12T19:39:14.885909Z","level":"info","event":"Filling up the DagBag from /opt/airflow/dags/assets.py","logger":"airflow.dag_processing.dagbag.BundleDagBag","filename":"dagbag.py","lineno":469}
{"timestamp":"2026-06-12T19:39:45.298000Z","level":"info","event":"Filling up the DagBag from /opt/airflow/dags/assets.py","logger":"airflow.dag_processing.dagbag.BundleDagBag","filename":"dagbag.py","lineno":469}
{"timestamp":"2026-06-12T19:40:15.695732Z","level":"info","event":"Filling up the DagBag from /opt/airflow/dags/assets.py","logger":"airflow.dag_processing.dagbag.BundleDagBag","filename":"dagbag.py","lineno":469}
{"timestamp":"2026-06-12T19:40:46.095982Z","level":"info","event":"Filling up the DagBag from /opt/airflow/dags/assets.py","logger":"airflow.dag_processing.dagbag.BundleDagBag","filename":"dagbag.py","lineno":469}
{"timestamp":"2026-06-12T19:41:16.554700Z","level":"info","event":"Filling up the DagBag from /opt/airflow/dags/assets.py","logger":"airflow.dag_processing.dagbag.BundleDagBag","filename":"dagbag.py","lineno":469}
{"timestamp":"2026-06-12T19:41:46.918089Z","level":"info","event":"Filling up the DagBag from /opt/airflow/dags/assets.py","logger":"airflow.dag_processing.dagbag.BundleDagBag","filename":"dagbag.py","lineno":469}
{"timestamp":"2026-06-12T19:42:17.332577Z","level":"info","event":"Filling up the DagBag from /opt/airflow/dags/assets.py","logger":"airflow.dag_processing.dagbag.BundleDagBag","filename":"dagbag.py","lineno":469}
{"timestamp":"2026-06-12T19:42:47.661663Z","level":"info","event":"Filling up the DagBag from /opt/airflow/dags/assets.py","logger":"airflow.dag_processing.dagbag.BundleDagBag","filename":"dagbag.py","lineno":469}
{"timestamp":"2026-06-12T19:43:18.043862Z","level":"info","event":"Filling up the DagBag from /opt/airflow/dags/assets.py","logger":"airflow.dag_processing.dagbag.BundleDagBag","filename":"dagbag.py","lineno":469}
{"timestamp":"2026-06-12T19:43:48.360483Z","level":"info","event":"Filling up the DagBag from /opt/airflow/dags/assets.py","logger":"airflow.dag_processing.dagbag.BundleDagBag","filename":"dagbag.py","lineno":469}
{"timestamp":"2026-06-12T19:44:18.741376Z","level":"info","event":"Filling up the DagBag from /opt/airflow/dags/assets.py","logger":"airflow.dag_processing.dagbag.BundleDagBag","filename":"dagbag.py","lineno":469}
{"timestamp":"2026-06-12T19:44:49.738141Z","level":"info","event":"Filling up the DagBag from /opt/airflow/dags/assets.py","logger":"airflow.dag_processing.dagbag.BundleDagBag","filename":"dagbag.py","lineno":469}
{"timestamp":"2026-06-12T19:45:20.120161Z","level":"info","event":"Filling up the DagBag from /opt/airflow/dags/assets.py","logger":"airflow.dag_processing.dagbag.BundleDagBag","filename":"dagbag.py","lineno":469}
{"timestamp":"2026-06-12T19:45:50.501924Z","level":"info","event":"Filling up the DagBag from /opt/airflow/dags/assets.py","logger":"airflow.dag_processing.dagbag.BundleDagBag","filename":"dagbag.py","lineno":469}
{"timestamp":"2026-06-12T19:46:20.873849Z","level":"info","event":"Filling up the DagBag from /opt/airflow/dags/assets.py","logger":"airflow.dag_processing.dagbag.BundleDagBag","filename":"dagbag.py","lineno":469}
{"timestamp":"2026-06-12T19:46:51.224433Z","level":"info","event":"Filling up the DagBag from /opt/airflow/dags/assets.py","logger":"airflow.dag_processing.dagbag.BundleDagBag","filename":"dagbag.py","lineno":469}
{"timestamp":"2026-06-12T19:47:21.679573Z","level":"info","event":"Filling up the DagBag from /opt/airflow/dags/assets.py","logger":"airflow.dag_processing.dagbag.BundleDagBag","filename":"dagbag.py","lineno":469}
{"timestamp":"2026-06-12T19:47:51.970420Z","level":"info","event":"Filling up the DagBag from /opt/airflow/dags/assets.py","logger":"airflow.dag_processing.dagbag.BundleDagBag","filename":"dagbag.py","lineno":469}
{"timestamp":"2026-06-12T19:48:22.337441Z","level":"info","event":"Filling up the DagBag from /opt/airflow/dags/assets.py","logger":"airflow.dag_processing.dagbag.BundleDagBag","filename":"dagbag.py","lineno":469}
{"timestamp":"2026-06-12T19:48:52.685785Z","level":"info","event":"Filling up the DagBag from /opt/airflow/dags/assets.py","logger":"airflow.dag_processing.dagbag.BundleDagBag","filename":"dagbag.py","lineno":469}
{"timestamp":"2026-06-12T19:49:23.043192Z","level":"info","event":"Filling up the DagBag from /opt/airflow/dags/assets.py","logger":"airflow.dag_processing.dagbag.BundleDagBag","filename":"dagbag.py","lineno":469}
{"timestamp":"2026-06-12T19:49:53.407049Z","level":"info","event":"Filling up the DagBag from /opt/airflow/dags/assets.py","logger":"airflow.dag_processing.dagbag.BundleDagBag","filename":"dagbag.py","lineno":469}
{"timestamp":"2026-06-12T19:50:23.776102Z","level":"info","event":"Filling up the DagBag from /opt/airflow/dags/assets.py","logger":"airflow.dag_processing.dagbag.BundleDagBag","filename":"dagbag.py","lineno":469}
{"timestamp":"2026-06-12T19:50:54.151463Z","level":"info","event":"Filling up the DagBag from /opt/airflow/dags/assets.py","logger":"airflow.dag_processing.dagbag.BundleDagBag","filename":"dagbag.py","lineno":469}
{"timestamp":"2026-06-12T19:51:24.620123Z","level":"info","event":"Filling up the DagBag from /opt/airflow/dags/assets.py","logger":"airflow.dag_processing.dagbag.BundleDagBag","filename":"dagbag.py","lineno":469}
{"timestamp":"2026-06-12T19:51:55.003083Z","level":"info","event":"Filling up the DagBag from /opt/airflow/dags/assets.py","logger":"airflow.dag_processing.dagbag.BundleDagBag","filename":"dagbag.py","lineno":469}
{"timestamp":"2026-06-12T19:52:25.964597Z","level":"info","event":"Filling up the DagBag from /opt/airflow/dags/assets.py","logger":"airflow.dag_processing.dagbag.BundleDagBag","filename":"dagbag.py","lineno":469}
{"timestamp":"2026-06-12T19:52:56.377027Z","level":"info","event":"Filling up the DagBag from /opt/airflow/dags/assets.py","logger":"airflow.dag_processing.dagbag.BundleDagBag","filename":"dagbag.py","lineno":469}
{"timestamp":"2026-06-12T19:53:26.732488Z","level":"info","event":"Filling up the DagBag from /opt/airflow/dags/assets.py","logger":"airflow.dag_processing.dagbag.BundleDagBag","filename":"dagbag.py","lineno":469}
{"timestamp":"2026-06-12T19:53:57.033061Z","level":"info","event":"Filling up the DagBag from /opt/airflow/dags/assets.py","logger":"airflow.dag_processing.dagbag.BundleDagBag","filename":"dagbag.py","lineno":469}
{"timestamp":"2026-06-12T19:54:27.416812Z","level":"info","event":"Filling up the DagBag from /opt/airflow/dags/assets.py","logger":"airflow.dag_processing.dagbag.BundleDagBag","filename":"dagbag.py","lineno":469}
{"timestamp":"2026-06-12T19:54:57.729410Z","level":"info","event":"Filling up the DagBag from /opt/airflow/dags/assets.py","logger":"airflow.dag_processing.dagbag.BundleDagBag","filename":"dagbag.py","lineno":469}
{"timestamp":"2026-06-12T19:55:28.105487Z","level":"info","event":"Filling up the DagBag from /opt/airflow/dags/assets.py","logger":"airflow.dag_processing.dagbag.BundleDagBag","filename":"dagbag.py","lineno":469}
{"timestamp":"2026-06-12T19:55:58.423220Z","level":"info","event":"Filling up the DagBag from /opt/airflow/dags/assets.py","logger":"airflow.dag_processing.dagbag.BundleDagBag","filename":"dagbag.py","lineno":469}
{"timestamp":"2026-06-12T19:56:28.723210Z","level":"info","event":"Filling up the DagBag from /opt/airflow/dags/assets.py","logger":"airflow.dag_processing.dagbag.BundleDagBag","filename":"dagbag.py","lineno":469}
{"timestamp":"2026-06-12T19:56:59.061339Z","level":"info","event":"Filling up the DagBag from /opt/airflow/dags/assets.py","logger":"airflow.dag_processing.dagbag.BundleDagBag","filename":"dagbag.py","lineno":469}
{"timestamp":"2026-06-12T19:57:29.285880Z","level":"info","event":"Filling up the DagBag from /opt/airflow/dags/assets.py","logger":"airflow.dag_processing.dagbag.BundleDagBag","filename":"dagbag.py","lineno":469}
{"timestamp":"2026-06-12T19:57:59.702352Z","level":"info","event":"Filling up the DagBag from /opt/airflow/dags/assets.py","logger":"airflow.dag_processing.dagbag.BundleDagBag","filename":"dagbag.py","lineno":469}
{"timestamp":"2026-06-12T19:58:30.037064Z","level":"info","event":"Filling up the DagBag from /opt/airflow/dags/assets.py","logger":"airflow.dag_processing.dagbag.BundleDagBag","filename":"dagbag.py","lineno":469}
{"timestamp":"2026-06-12T19:59:00.404349Z","level":"info","event":"Filling up the DagBag from /opt/airflow/dags/assets.py","logger":"airflow.dag_processing.dagbag.BundleDagBag","filename":"dagbag.py","lineno":469}
{"timestamp":"2026-06-12T19:59:30.687642Z","level":"info","event":"Filling up the DagBag from /opt/airflow/dags/assets.py","logger":"airflow.dag_processing.dagbag.BundleDagBag","filename":"dagbag.py","lineno":469}
{"timestamp":"2026-06-12T19:59:59.507076Z","level":"info","event":"Filling up the DagBag from /opt/airflow/dags/assets.py","logger":"airflow.dag_processing.dagbag.BundleDagBag","filename":"dagbag.py","lineno":469}
{"timestamp":"2026-06-12T20:00:29.874538Z","level":"info","event":"Filling up the DagBag from /opt/airflow/dags/assets.py","logger":"airflow.dag_processing.dagbag.BundleDagBag","filename":"dagbag.py","lineno":469}
{"timestamp":"2026-06-12T20:01:00.131113Z","level":"info","event":"Filling up the DagBag from /opt/airflow/dags/assets.py","logger":"airflow.dag_processing.dagbag.BundleDagBag","filename":"dagbag.py","lineno":469}
{"timestamp":"2026-06-12T20:01:30.409163Z","level":"info","event":"Filling up the DagBag from /opt/airflow/dags/assets.py","logger":"airflow.dag_processing.dagbag.BundleDagBag","filename":"dagbag.py","lineno":469}
{"timestamp":"2026-06-12T20:02:00.727078Z","level":"info","event":"Filling up the DagBag from /opt/airflow/dags/assets.py","logger":"airflow.dag_processing.dagbag.BundleDagBag","filename":"dagbag.py","lineno":469}
{"timestamp":"2026-06-12T20:02:30.955860Z","level":"info","event":"Filling up the DagBag from /opt/airflow/dags/assets.py","logger":"airflow.dag_processing.dagbag.BundleDagBag","filename":"dagbag.py","lineno":469}
{"timestamp":"2026-06-12T20:03:01.262011Z","level":"info","event":"Filling up the DagBag from /opt/airflow/dags/assets.py","logger":"airflow.dag_processing.dagbag.BundleDagBag","filename":"dagbag.py","lineno":469}
{"timestamp":"2026-06-12T20:03:31.570846Z","level":"info","event":"Filling up the DagBag from /opt/airflow/dags/assets.py","logger":"airflow.dag_processing.dagbag.BundleDagBag","filename":"dagbag.py","lineno":469}
{"timestamp":"2026-06-12T20:04:01.949433Z","level":"info","event":"Filling up the DagBag from /opt/airflow/dags/assets.py","logger":"airflow.dag_processing.dagbag.BundleDagBag","filename":"dagbag.py","lineno":469}
{"timestamp":"2026-06-12T20:04:32.208566Z","level":"info","event":"Filling up the DagBag from /opt/airflow/dags/assets.py","logger":"airflow.dag_processing.dagbag.BundleDagBag","filename":"dagbag.py","lineno":469}
{"timestamp":"2026-06-12T20:05:02.571447Z","level":"info","event":"Filling up the DagBag from /opt/airflow/dags/assets.py","logger":"airflow.dag_processing.dagbag.BundleDagBag","filename":"dagbag.py","lineno":469}
{"timestamp":"2026-06-12T20:05:32.900253Z","level":"info","event":"Filling up the DagBag from /opt/airflow/dags/assets.py","logger":"airflow.dag_processing.dagbag.BundleDagBag","filename":"dagbag.py","lineno":469}
{"timestamp":"2026-06-12T20:06:03.239933Z","level":"info","event":"Filling up the DagBag from /opt/airflow/dags/assets.py","logger":"airflow.dag_processing.dagbag.BundleDagBag","filename":"dagbag.py","lineno":469}
{"timestamp":"2026-06-12T20:06:33.531653Z","level":"info","event":"Filling up the DagBag from /opt/airflow/dags/assets.py","logger":"airflow.dag_processing.dagbag.BundleDagBag","filename":"dagbag.py","lineno":469}
{"timestamp":"2026-06-12T20:07:03.815696Z","level":"info","event":"Filling up the DagBag from /opt/airflow/dags/assets.py","logger":"airflow.dag_processing.dagbag.BundleDagBag","filename":"dagbag.py","lineno":469}
{"timestamp":"2026-06-12T20:07:34.135116Z","level":"info","event":"Filling up the DagBag from /opt/airflow/dags/assets.py","logger":"airflow.dag_processing.dagbag.BundleDagBag","filename":"dagbag.py","lineno":469}
{"timestamp":"2026-06-12T20:08:04.423947Z","level":"info","event":"Filling up the DagBag from /opt/airflow/dags/assets.py","logger":"airflow.dag_processing.dagbag.BundleDagBag","filename":"dagbag.py","lineno":469}
{"timestamp":"2026-06-12T20:08:35.184382Z","level":"info","event":"Filling up the DagBag from /opt/airflow/dags/assets.py","logger":"airflow.dag_processing.dagbag.BundleDagBag","filename":"dagbag.py","lineno":469}
{"timestamp":"2026-06-12T20:09:05.464703Z","level":"info","event":"Filling up the DagBag from /opt/airflow/dags/assets.py","logger":"airflow.dag_processing.dagbag.BundleDagBag","filename":"dagbag.py","lineno":469}
{"timestamp":"2026-06-12T20:09:35.722312Z","level":"info","event":"Filling up the DagBag from /opt/airflow/dags/assets.py","logger":"airflow.dag_processing.dagbag.BundleDagBag","filename":"dagbag.py","lineno":469}
{"timestamp":"2026-06-12T20:10:06.054601Z","level":"info","event":"Filling up the DagBag from /opt/airflow/dags/assets.py","logger":"airflow.dag_processing.dagbag.BundleDagBag","filename":"dagbag.py","lineno":469}
{"timestamp":"2026-06-12T20:10:36.296699Z","level":"info","event":"Filling up the DagBag from /opt/airflow/dags/assets.py","logger":"airflow.dag_processing.dagbag.BundleDagBag","filename":"dagbag.py","lineno":469}
{"timestamp":"2026-06-12T20:11:06.621600Z","level":"info","event":"Filling up the DagBag from /opt/airflow/dags/assets.py","logger":"airflow.dag_processing.dagbag.BundleDagBag","filename":"dagbag.py","lineno":469}
{"timestamp":"2026-06-12T20:11:36.822298Z","level":"info","event":"Filling up the DagBag from /opt/airflow/dags/assets.py","logger":"airflow.dag_processing.dagbag.BundleDagBag","filename":"dagbag.py","lineno":469}
{"timestamp":"2026-06-12T20:12:07.205040Z","level":"info","event":"Filling up the DagBag from /opt/airflow/dags/assets.py","logger":"airflow.dag_processing.dagbag.BundleDagBag","filename":"dagbag.py","lineno":469}
{"timestamp":"2026-06-12T20:12:37.440666Z","level":"info","event":"Filling up the DagBag from /opt/airflow/dags/assets.py","logger":"airflow.dag_processing.dagbag.BundleDagBag","filename":"dagbag.py","lineno":469}
{"timestamp":"2026-06-12T20:13:07.739202Z","level":"info","event":"Filling up the DagBag from /opt/airflow/dags/assets.py","logger":"airflow.dag_processing.dagbag.BundleDagBag","filename":"dagbag.py","lineno":469}
{"timestamp":"2026-06-12T20:13:38.001928Z","level":"info","event":"Filling up the DagBag from /opt/airflow/dags/assets.py","logger":"airflow.dag_processing.dagbag.BundleDagBag","filename":"dagbag.py","lineno":469}
{"timestamp":"2026-06-12T20:14:08.226671Z","level":"info","event":"Filling up the DagBag from /opt/airflow/dags/assets.py","logger":"airflow.dag_processing.dagbag.BundleDagBag","filename":"dagbag.py","lineno":469}
{"timestamp":"2026-06-12T20:14:38.473033Z","level":"info","event":"Filling up the DagBag from /opt/airflow/dags/assets.py","logger":"airflow.dag_processing.dagbag.BundleDagBag","filename":"dagbag.py","lineno":469}
{"timestamp":"2026-06-12T20:15:08.800258Z","level":"info","event":"Filling up the DagBag from /opt/airflow/dags/assets.py","logger":"airflow.dag_processing.dagbag.BundleDagBag","filename":"dagbag.py","lineno":469}
{"timestamp":"2026-06-12T20:15:39.032133Z","level":"info","event":"Filling up the DagBag from /opt/airflow/dags/assets.py","logger":"airflow.dag_processing.dagbag.BundleDagBag","filename":"dagbag.py","lineno":469}
{"timestamp":"2026-06-12T20:16:09.667010Z","level":"info","event":"Filling up the DagBag from /opt/airflow/dags/assets.py","logger":"airflow.dag_processing.dagbag.BundleDagBag","filename":"dagbag.py","lineno":469}
{"timestamp":"2026-06-12T20:16:39.885891Z","level":"info","event":"Filling up the DagBag from /opt/airflow/dags/assets.py","logger":"airflow.dag_processing.dagbag.BundleDagBag","filename":"dagbag.py","lineno":469}
{"timestamp":"2026-06-12T20:17:10.098455Z","level":"info","event":"Filling up the DagBag from /opt/airflow/dags/assets.py","logger":"airflow.dag_processing.dagbag.BundleDagBag","filename":"dagbag.py","lineno":469}
{"timestamp":"2026-06-12T20:17:40.378201Z","level":"info","event":"Filling up the DagBag from /opt/airflow/dags/assets.py","logger":"airflow.dag_processing.dagbag.BundleDagBag","filename":"dagbag.py","lineno":469}
{"timestamp":"2026-06-12T20:18:10.665845Z","level":"info","event":"Filling up the DagBag from /opt/airflow/dags/assets.py","logger":"airflow.dag_processing.dagbag.BundleDagBag","filename":"dagbag.py","lineno":469}
{"timestamp":"2026-06-12T20:18:41.307766Z","level":"info","event":"Filling up the DagBag from /opt/airflow/dags/assets.py","logger":"airflow.dag_processing.dagbag.BundleDagBag","filename":"dagbag.py","lineno":469}
{"timestamp":"2026-06-12T20:19:11.549041Z","level":"info","event":"Filling up the DagBag from /opt/airflow/dags/assets.py","logger":"airflow.dag_processing.dagbag.BundleDagBag","filename":"dagbag.py","lineno":469}
{"timestamp":"2026-06-12T20:19:41.784886Z","level":"info","event":"Filling up the DagBag from /opt/airflow/dags/assets.py","logger":"airflow.dag_processing.dagbag.BundleDagBag","filename":"dagbag.py","lineno":469}
{"timestamp":"2026-06-12T20:20:12.044526Z","level":"info","event":"Filling up the DagBag from /opt/airflow/dags/assets.py","logger":"airflow.dag_processing.dagbag.BundleDagBag","filename":"dagbag.py","lineno":469}
{"timestamp":"2026-06-12T20:20:42.249201Z","level":"info","event":"Filling up the DagBag from /opt/airflow/dags/assets.py","logger":"airflow.dag_processing.dagbag.BundleDagBag","filename":"dagbag.py","lineno":469}
{"timestamp":"2026-06-12T20:21:12.466002Z","level":"info","event":"Filling up the DagBag from /opt/airflow/dags/assets.py","logger":"airflow.dag_processing.dagbag.BundleDagBag","filename":"dagbag.py","lineno":469}
{"timestamp":"2026-06-12T20:21:42.671881Z","level":"info","event":"Filling up the DagBag from /opt/airflow/dags/assets.py","logger":"airflow.dag_processing.dagbag.BundleDagBag","filename":"dagbag.py","lineno":469}
{"timestamp":"2026-06-12T20:22:12.928889Z","level":"info","event":"Filling up the DagBag from /opt/airflow/dags/assets.py","logger":"airflow.dag_processing.dagbag.BundleDagBag","filename":"dagbag.py","lineno":469}
{"timestamp":"2026-06-12T20:22:43.143035Z","level":"info","event":"Filling up the DagBag from /opt/airflow/dags/assets.py","logger":"airflow.dag_processing.dagbag.BundleDagBag","filename":"dagbag.py","lineno":469}
{"timestamp":"2026-06-12T20:23:13.419276Z","level":"info","event":"Filling up the DagBag from /opt/airflow/dags/assets.py","logger":"airflow.dag_processing.dagbag.BundleDagBag","filename":"dagbag.py","lineno":469}
{"timestamp":"2026-06-12T20:23:44.025451Z","level":"info","event":"Filling up the DagBag from /opt/airflow/dags/assets.py","logger":"airflow.dag_processing.dagbag.BundleDagBag","filename":"dagbag.py","lineno":469}
{"timestamp":"2026-06-12T20:24:14.170300Z","level":"info","event":"Filling up the DagBag from /opt/airflow/dags/assets.py","logger":"airflow.dag_processing.dagbag.BundleDagBag","filename":"dagbag.py","lineno":469}
{"timestamp":"2026-06-12T20:24:44.362423Z","level":"info","event":"Filling up the DagBag from /opt/airflow/dags/assets.py","logger":"airflow.dag_processing.dagbag.BundleDagBag","filename":"dagbag.py","lineno":469}
{"timestamp":"2026-06-12T20:25:14.481115Z","level":"info","event":"Filling up the DagBag from /opt/airflow/dags/assets.py","logger":"airflow.dag_processing.dagbag.BundleDagBag","filename":"dagbag.py","lineno":469}
{"timestamp":"2026-06-12T20:25:44.766302Z","level":"info","event":"Filling up the DagBag from /opt/airflow/dags/assets.py","logger":"airflow.dag_processing.dagbag.BundleDagBag","filename":"dagbag.py","lineno":469}
{"timestamp":"2026-06-12T20:26:14.869198Z","level":"info","event":"Filling up the DagBag from /opt/airflow/dags/assets.py","logger":"airflow.dag_processing.dagbag.BundleDagBag","filename":"dagbag.py","lineno":469}
{"timestamp":"2026-06-12T20:26:45.134811Z","level":"info","event":"Filling up the DagBag from /opt/airflow/dags/assets.py","logger":"airflow.dag_processing.dagbag.BundleDagBag","filename":"dagbag.py","lineno":469}
{"timestamp":"2026-06-12T20:27:15.400295Z","level":"info","event":"Filling up the DagBag from /opt/airflow/dags/assets.py","logger":"airflow.dag_processing.dagbag.BundleDagBag","filename":"dagbag.py","lineno":469}
{"timestamp":"2026-06-12T20:27:45.604203Z","level":"info","event":"Filling up the DagBag from /opt/airflow/dags/assets.py","logger":"airflow.dag_processing.dagbag.BundleDagBag","filename":"dagbag.py","lineno":469}
{"timestamp":"2026-06-12T20:28:15.689576Z","level":"info","event":"Filling up the DagBag from /opt/airflow/dags/assets.py","logger":"airflow.dag_processing.dagbag.BundleDagBag","filename":"dagbag.py","lineno":469}
{"timestamp":"2026-06-12T20:28:45.949164Z","level":"info","event":"Filling up the DagBag from /opt/airflow/dags/assets.py","logger":"airflow.dag_processing.dagbag.BundleDagBag","filename":"dagbag.py","lineno":469}
{"timestamp":"2026-06-12T20:29:16.116299Z","level":"info","event":"Filling up the DagBag from /opt/airflow/dags/assets.py","logger":"airflow.dag_processing.dagbag.BundleDagBag","filename":"dagbag.py","lineno":469}
{"timestamp":"2026-06-12T20:29:46.293637Z","level":"info","event":"Filling up the DagBag from /opt/airflow/dags/assets.py","logger":"airflow.dag_processing.dagbag.BundleDagBag","filename":"dagbag.py","lineno":469}
{"timestamp":"2026-06-12T20:30:16.487381Z","level":"info","event":"Filling up the DagBag from /opt/airflow/dags/assets.py","logger":"airflow.dag_processing.dagbag.BundleDagBag","filename":"dagbag.py","lineno":469}
{"timestamp":"2026-06-12T20:30:46.609461Z","level":"info","event":"Filling up the DagBag from /opt/airflow/dags/assets.py","logger":"airflow.dag_processing.dagbag.BundleDagBag","filename":"dagbag.py","lineno":469}
{"timestamp":"2026-06-12T20:31:17.164654Z","level":"info","event":"Filling up the DagBag from /opt/airflow/dags/assets.py","logger":"airflow.dag_processing.dagbag.BundleDagBag","filename":"dagbag.py","lineno":469}
{"timestamp":"2026-06-12T20:31:47.413790Z","level":"info","event":"Filling up the DagBag from /opt/airflow/dags/assets.py","logger":"airflow.dag_processing.dagbag.BundleDagBag","filename":"dagbag.py","lineno":469}
{"timestamp":"2026-06-12T20:32:17.511078Z","level":"info","event":"Filling up the DagBag from /opt/airflow/dags/assets.py","logger":"airflow.dag_processing.dagbag.BundleDagBag","filename":"dagbag.py","lineno":469}
{"timestamp":"2026-06-12T20:32:47.735581Z","level":"info","event":"Filling up the DagBag from /opt/airflow/dags/assets.py","logger":"airflow.dag_processing.dagbag.BundleDagBag","filename":"dagbag.py","lineno":469}
{"timestamp":"2026-06-12T20:33:17.937450Z","level":"info","event":"Filling up the DagBag from /opt/airflow/dags/assets.py","logger":"airflow.dag_processing.dagbag.BundleDagBag","filename":"dagbag.py","lineno":469}
{"timestamp":"2026-06-12T20:33:48.057479Z","level":"info","event":"Filling up the DagBag from /opt/airflow/dags/assets.py","logger":"airflow.dag_processing.dagbag.BundleDagBag","filename":"dagbag.py","lineno":469}
{"timestamp":"2026-06-12T20:34:18.343263Z","level":"info","event":"Filling up the DagBag from /opt/airflow/dags/assets.py","logger":"airflow.dag_processing.dagbag.BundleDagBag","filename":"dagbag.py","lineno":469}
{"timestamp":"2026-06-12T20:34:48.545764Z","level":"info","event":"Filling up the DagBag from /opt/airflow/dags/assets.py","logger":"airflow.dag_processing.dagbag.BundleDagBag","filename":"dagbag.py","lineno":469}
{"timestamp":"2026-06-12T20:35:18.690351Z","level":"info","event":"Filling up the DagBag from /opt/airflow/dags/assets.py","logger":"airflow.dag_processing.dagbag.BundleDagBag","filename":"dagbag.py","lineno":469}
{"timestamp":"2026-06-12T20:35:48.983168Z","level":"info","event":"Filling up the DagBag from /opt/airflow/dags/assets.py","logger":"airflow.dag_processing.dagbag.BundleDagBag","filename":"dagbag.py","lineno":469}
{"timestamp":"2026-06-12T20:36:19.195537Z","level":"info","event":"Filling up the DagBag from /opt/airflow/dags/assets.py","logger":"airflow.dag_processing.dagbag.BundleDagBag","filename":"dagbag.py","lineno":469}
{"timestamp":"2026-06-12T20:36:49.342204Z","level":"info","event":"Filling up the DagBag from /opt/airflow/dags/assets.py","logger":"airflow.dag_processing.dagbag.BundleDagBag","filename":"dagbag.py","lineno":469}
{"timestamp":"2026-06-12T20:37:19.456531Z","level":"info","event":"Filling up the DagBag from /opt/airflow/dags/assets.py","logger":"airflow.dag_processing.dagbag.BundleDagBag","filename":"dagbag.py","lineno":469}
{"timestamp":"2026-06-12T20:37:49.807992Z","level":"info","event":"Filling up the DagBag from /opt/airflow/dags/assets.py","logger":"airflow.dag_processing.dagbag.BundleDagBag","filename":"dagbag.py","lineno":469}
{"timestamp":"2026-06-12T20:38:19.981221Z","level":"info","event":"Filling up the DagBag from /opt/airflow/dags/assets.py","logger":"airflow.dag_processing.dagbag.BundleDagBag","filename":"dagbag.py","lineno":469}
{"timestamp":"2026-06-12T20:38:50.476028Z","level":"info","event":"Filling up the DagBag from /opt/airflow/dags/assets.py","logger":"airflow.dag_processing.dagbag.BundleDagBag","filename":"dagbag.py","lineno":469}
{"timestamp":"2026-06-12T20:39:20.722817Z","level":"info","event":"Filling up the DagBag from /opt/airflow/dags/assets.py","logger":"airflow.dag_processing.dagbag.BundleDagBag","filename":"dagbag.py","lineno":469}
{"timestamp":"2026-06-12T20:39:50.886879Z","level":"info","event":"Filling up the DagBag from /opt/airflow/dags/assets.py","logger":"airflow.dag_processing.dagbag.BundleDagBag","filename":"dagbag.py","lineno":469}
{"timestamp":"2026-06-12T20:40:21.069418Z","level":"info","event":"Filling up the DagBag from /opt/airflow/dags/assets.py","logger":"airflow.dag_processing.dagbag.BundleDagBag","filename":"dagbag.py","lineno":469}
{"timestamp":"2026-06-12T20:40:51.238045Z","level":"info","event":"Filling up the DagBag from /opt/airflow/dags/assets.py","logger":"airflow.dag_processing.dagbag.BundleDagBag","filename":"dagbag.py","lineno":469}
{"timestamp":"2026-06-12T20:41:21.324699Z","level":"info","event":"Filling up the DagBag from /opt/airflow/dags/assets.py","logger":"airflow.dag_processing.dagbag.BundleDagBag","filename":"dagbag.py","lineno":469}
{"timestamp":"2026-06-12T20:41:51.629025Z","level":"info","event":"Filling up the DagBag from /opt/airflow/dags/assets.py","logger":"airflow.dag_processing.dagbag.BundleDagBag","filename":"dagbag.py","lineno":469}
{"timestamp":"2026-06-12T20:42:21.747903Z","level":"info","event":"Filling up the DagBag from /opt/airflow/dags/assets.py","logger":"airflow.dag_processing.dagbag.BundleDagBag","filename":"dagbag.py","lineno":469}
{"timestamp":"2026-06-12T20:42:52.004638Z","level":"info","event":"Filling up the DagBag from /opt/airflow/dags/assets.py","logger":"airflow.dag_processing.dagbag.BundleDagBag","filename":"dagbag.py","lineno":469}
{"timestamp":"2026-06-12T20:43:22.186936Z","level":"info","event":"Filling up the DagBag from /opt/airflow/dags/assets.py","logger":"airflow.dag_processing.dagbag.BundleDagBag","filename":"dagbag.py","lineno":469}
{"timestamp":"2026-06-12T20:43:52.363119Z","level":"info","event":"Filling up the DagBag from /opt/airflow/dags/assets.py","logger":"airflow.dag_processing.dagbag.BundleDagBag","filename":"dagbag.py","lineno":469}
{"timestamp":"2026-06-12T20:44:22.517607Z","level":"info","event":"Filling up the DagBag from /opt/airflow/dags/assets.py","logger":"airflow.dag_processing.dagbag.BundleDagBag","filename":"dagbag.py","lineno":469}
{"timestamp":"2026-06-12T20:44:52.599461Z","level":"info","event":"Filling up the DagBag from /opt/airflow/dags/assets.py","logger":"airflow.dag_processing.dagbag.BundleDagBag","filename":"dagbag.py","lineno":469}
{"timestamp":"2026-06-12T20:45:22.900465Z","level":"info","event":"Filling up the DagBag from /opt/airflow/dags/assets.py","logger":"airflow.dag_processing.dagbag.BundleDagBag","filename":"dagbag.py","lineno":469}
{"timestamp":"2026-06-12T20:45:53.014767Z","level":"info","event":"Filling up the DagBag from /opt/airflow/dags/assets.py","logger":"airflow.dag_processing.dagbag.BundleDagBag","filename":"dagbag.py","lineno":469}
{"timestamp":"2026-06-12T20:46:23.489383Z","level":"info","event":"Filling up the DagBag from /opt/airflow/dags/assets.py","logger":"airflow.dag_processing.dagbag.BundleDagBag","filename":"dagbag.py","lineno":469}
{"timestamp":"2026-06-12T20:46:53.673792Z","level":"info","event":"Filling up the DagBag from /opt/airflow/dags/assets.py","logger":"airflow.dag_processing.dagbag.BundleDagBag","filename":"dagbag.py","lineno":469}
{"timestamp":"2026-06-12T20:47:23.942084Z","level":"info","event":"Filling up the DagBag from /opt/airflow/dags/assets.py","logger":"airflow.dag_processing.dagbag.BundleDagBag","filename":"dagbag.py","lineno":469}
{"timestamp":"2026-06-12T20:47:54.046224Z","level":"info","event":"Filling up the DagBag from /opt/airflow/dags/assets.py","logger":"airflow.dag_processing.dagbag.BundleDagBag","filename":"dagbag.py","lineno":469}
{"timestamp":"2026-06-12T20:48:24.225381Z","level":"info","event":"Filling up the DagBag from /opt/airflow/dags/assets.py","logger":"airflow.dag_processing.dagbag.BundleDagBag","filename":"dagbag.py","lineno":469}
{"timestamp":"2026-06-12T20:48:54.383448Z","level":"info","event":"Filling up the DagBag from /opt/airflow/dags/assets.py","logger":"airflow.dag_processing.dagbag.BundleDagBag","filename":"dagbag.py","lineno":469}
{"timestamp":"2026-06-12T20:49:24.525534Z","level":"info","event":"Filling up the DagBag from /opt/airflow/dags/assets.py","logger":"airflow.dag_processing.dagbag.BundleDagBag","filename":"dagbag.py","lineno":469}
{"timestamp":"2026-06-12T20:49:54.775418Z","level":"info","event":"Filling up the DagBag from /opt/airflow/dags/assets.py","logger":"airflow.dag_processing.dagbag.BundleDagBag","filename":"dagbag.py","lineno":469}
{"timestamp":"2026-06-12T20:50:24.873223Z","level":"info","event":"Filling up the DagBag from /opt/airflow/dags/assets.py","logger":"airflow.dag_processing.dagbag.BundleDagBag","filename":"dagbag.py","lineno":469}
{"timestamp":"2026-06-12T20:50:55.229814Z","level":"info","event":"Filling up the DagBag from /opt/airflow/dags/assets.py","logger":"airflow.dag_processing.dagbag.BundleDagBag","filename":"dagbag.py","lineno":469}
{"timestamp":"2026-06-12T20:51:25.322095Z","level":"info","event":"Filling up the DagBag from /opt/airflow/dags/assets.py","logger":"airflow.dag_processing.dagbag.BundleDagBag","filename":"dagbag.py","lineno":469}
{"timestamp":"2026-06-12T20:51:55.448602Z","level":"info","event":"Filling up the DagBag from /opt/airflow/dags/assets.py","logger":"airflow.dag_processing.dagbag.BundleDagBag","filename":"dagbag.py","lineno":469}
{"timestamp":"2026-06-12T20:52:25.729707Z","level":"info","event":"Filling up the DagBag from /opt/airflow/dags/assets.py","logger":"airflow.dag_processing.dagbag.BundleDagBag","filename":"dagbag.py","lineno":469}
{"timestamp":"2026-06-12T20:52:55.929050Z","level":"info","event":"Filling up the DagBag from /opt/airflow/dags/assets.py","logger":"airflow.dag_processing.dagbag.BundleDagBag","filename":"dagbag.py","lineno":469}
{"timestamp":"2026-06-12T20:53:24.352604Z","level":"info","event":"Filling up the DagBag from /opt/airflow/dags/assets.py","logger":"airflow.dag_processing.dagbag.BundleDagBag","filename":"dagbag.py","lineno":469}
{"timestamp":"2026-06-12T20:53:54.532361Z","level":"info","event":"Filling up the DagBag from /opt/airflow/dags/assets.py","logger":"airflow.dag_processing.dagbag.BundleDagBag","filename":"dagbag.py","lineno":469}
{"timestamp":"2026-06-12T20:54:24.732218Z","level":"info","event":"Filling up the DagBag from /opt/airflow/dags/assets.py","logger":"airflow.dag_processing.dagbag.BundleDagBag","filename":"dagbag.py","lineno":469}
{"timestamp":"2026-06-12T20:54:54.955403Z","level":"info","event":"Filling up the DagBag from /opt/airflow/dags/assets.py","logger":"airflow.dag_processing.dagbag.BundleDagBag","filename":"dagbag.py","lineno":469}
{"timestamp":"2026-06-12T20:55:25.055980Z","level":"info","event":"Filling up the DagBag from /opt/airflow/dags/assets.py","logger":"airflow.dag_processing.dagbag.BundleDagBag","filename":"dagbag.py","lineno":469}
{"timestamp":"2026-06-12T20:55:55.295872Z","level":"info","event":"Filling up the DagBag from /opt/airflow/dags/assets.py","logger":"airflow.dag_processing.dagbag.BundleDagBag","filename":"dagbag.py","lineno":469}
{"timestamp":"2026-06-12T20:56:25.472136Z","level":"info","event":"Filling up the DagBag from /opt/airflow/dags/assets.py","logger":"airflow.dag_processing.dagbag.BundleDagBag","filename":"dagbag.py","lineno":469}
{"timestamp":"2026-06-12T20:56:55.576748Z","level":"info","event":"Filling up the DagBag from /opt/airflow/dags/assets.py","logger":"airflow.dag_processing.dagbag.BundleDagBag","filename":"dagbag.py","lineno":469}
{"timestamp":"2026-06-12T20:57:25.843085Z","level":"info","event":"Filling up the DagBag from /opt/airflow/dags/assets.py","logger":"airflow.dag_processing.dagbag.BundleDagBag","filename":"dagbag.py","lineno":469}
{"timestamp":"2026-06-12T20:57:56.021192Z","level":"info","event":"Filling up the DagBag from /opt/airflow/dags/assets.py","logger":"airflow.dag_processing.dagbag.BundleDagBag","filename":"dagbag.py","lineno":469}
{"timestamp":"2026-06-12T20:58:26.146978Z","level":"info","event":"Filling up the DagBag from /opt/airflow/dags/assets.py","logger":"airflow.dag_processing.dagbag.BundleDagBag","filename":"dagbag.py","lineno":469}
{"timestamp":"2026-06-12T20:58:56.308578Z","level":"info","event":"Filling up the DagBag from /opt/airflow/dags/assets.py","logger":"airflow.dag_processing.dagbag.BundleDagBag","filename":"dagbag.py","lineno":469}
{"timestamp":"2026-06-12T20:59:26.420888Z","level":"info","event":"Filling up the DagBag from /opt/airflow/dags/assets.py","logger":"airflow.dag_processing.dagbag.BundleDagBag","filename":"dagbag.py","lineno":469}
{"timestamp":"2026-06-12T20:59:56.684839Z","level":"info","event":"Filling up the DagBag from /opt/airflow/dags/assets.py","logger":"airflow.dag_processing.dagbag.BundleDagBag","filename":"dagbag.py","lineno":469}
{"timestamp":"2026-06-12T21:00:26.860147Z","level":"info","event":"Filling up the DagBag from /opt/airflow/dags/assets.py","logger":"airflow.dag_processing.dagbag.BundleDagBag","filename":"dagbag.py","lineno":469}
{"timestamp":"2026-06-12T21:00:57.029480Z","level":"info","event":"Filling up the DagBag from /opt/airflow/dags/assets.py","logger":"airflow.dag_processing.dagbag.BundleDagBag","filename":"dagbag.py","lineno":469}
{"timestamp":"2026-06-12T21:01:27.437957Z","level":"info","event":"Filling up the DagBag from /opt/airflow/dags/assets.py","logger":"airflow.dag_processing.dagbag.BundleDagBag","filename":"dagbag.py","lineno":469}
{"timestamp":"2026-06-12T21:01:57.694138Z","level":"info","event":"Filling up the DagBag from /opt/airflow/dags/assets.py","logger":"airflow.dag_processing.dagbag.BundleDagBag","filename":"dagbag.py","lineno":469}
{"timestamp":"2026-06-12T21:02:27.864402Z","level":"info","event":"Filling up the DagBag from /opt/airflow/dags/assets.py","logger":"airflow.dag_processing.dagbag.BundleDagBag","filename":"dagbag.py","lineno":469}
{"timestamp":"2026-06-12T21:02:58.110515Z","level":"info","event":"Filling up the DagBag from /opt/airflow/dags/assets.py","logger":"airflow.dag_processing.dagbag.BundleDagBag","filename":"dagbag.py","lineno":469}
{"timestamp":"2026-06-12T21:03:28.338279Z","level":"info","event":"Filling up the DagBag from /opt/airflow/dags/assets.py","logger":"airflow.dag_processing.dagbag.BundleDagBag","filename":"dagbag.py","lineno":469}
{"timestamp":"2026-06-12T21:03:58.451294Z","level":"info","event":"Filling up the DagBag from /opt/airflow/dags/assets.py","logger":"airflow.dag_processing.dagbag.BundleDagBag","filename":"dagbag.py","lineno":469}
{"timestamp":"2026-06-12T21:04:28.706404Z","level":"info","event":"Filling up the DagBag from /opt/airflow/dags/assets.py","logger":"airflow.dag_processing.dagbag.BundleDagBag","filename":"dagbag.py","lineno":469}
{"timestamp":"2026-06-12T21:04:58.826134Z","level":"info","event":"Filling up the DagBag from /opt/airflow/dags/assets.py","logger":"airflow.dag_processing.dagbag.BundleDagBag","filename":"dagbag.py","lineno":469}
{"timestamp":"2026-06-12T21:05:29.003257Z","level":"info","event":"Filling up the DagBag from /opt/airflow/dags/assets.py","logger":"airflow.dag_processing.dagbag.BundleDagBag","filename":"dagbag.py","lineno":469}
{"timestamp":"2026-06-12T21:05:59.177117Z","level":"info","event":"Filling up the DagBag from /opt/airflow/dags/assets.py","logger":"airflow.dag_processing.dagbag.BundleDagBag","filename":"dagbag.py","lineno":469}
{"timestamp":"2026-06-12T21:06:29.423636Z","level":"info","event":"Filling up the DagBag from /opt/airflow/dags/assets.py","logger":"airflow.dag_processing.dagbag.BundleDagBag","filename":"dagbag.py","lineno":469}
{"timestamp":"2026-06-12T21:06:59.604492Z","level":"info","event":"Filling up the DagBag from /opt/airflow/dags/assets.py","logger":"airflow.dag_processing.dagbag.BundleDagBag","filename":"dagbag.py","lineno":469}
{"timestamp":"2026-06-12T21:07:30.603639Z","level":"info","event":"Filling up the DagBag from /opt/airflow/dags/assets.py","logger":"airflow.dag_processing.dagbag.BundleDagBag","filename":"dagbag.py","lineno":469}
{"timestamp":"2026-06-12T21:08:00.741929Z","level":"info","event":"Filling up the DagBag from /opt/airflow/dags/assets.py","logger":"airflow.dag_processing.dagbag.BundleDagBag","filename":"dagbag.py","lineno":469}
{"timestamp":"2026-06-12T21:08:31.257358Z","level":"info","event":"Filling up the DagBag from /opt/airflow/dags/assets.py","logger":"airflow.dag_processing.dagbag.BundleDagBag","filename":"dagbag.py","lineno":469}
{"timestamp":"2026-06-12T21:09:01.371737Z","level":"info","event":"Filling up the DagBag from /opt/airflow/dags/assets.py","logger":"airflow.dag_processing.dagbag.BundleDagBag","filename":"dagbag.py","lineno":469}
{"timestamp":"2026-06-12T21:09:31.512916Z","level":"info","event":"Filling up the DagBag from /opt/airflow/dags/assets.py","logger":"airflow.dag_processing.dagbag.BundleDagBag","filename":"dagbag.py","lineno":469}
{"timestamp":"2026-06-12T21:10:01.709845Z","level":"info","event":"Filling up the DagBag from /opt/airflow/dags/assets.py","logger":"airflow.dag_processing.dagbag.BundleDagBag","filename":"dagbag.py","lineno":469}
{"timestamp":"2026-06-12T21:10:31.850682Z","level":"info","event":"Filling up the DagBag from /opt/airflow/dags/assets.py","logger":"airflow.dag_processing.dagbag.BundleDagBag","filename":"dagbag.py","lineno":469}
{"timestamp":"2026-06-12T21:11:02.800679Z","level":"info","event":"Filling up the DagBag from /opt/airflow/dags/assets.py","logger":"airflow.dag_processing.dagbag.BundleDagBag","filename":"dagbag.py","lineno":469}
{"timestamp":"2026-06-12T21:11:32.898674Z","level":"info","event":"Filling up the DagBag from /opt/airflow/dags/assets.py","logger":"airflow.dag_processing.dagbag.BundleDagBag","filename":"dagbag.py","lineno":469}
{"timestamp":"2026-06-12T21:12:03.931889Z","level":"info","event":"Filling up the DagBag from /opt/airflow/dags/assets.py","logger":"airflow.dag_processing.dagbag.BundleDagBag","filename":"dagbag.py","lineno":469}
{"timestamp":"2026-06-12T21:12:34.136164Z","level":"info","event":"Filling up the DagBag from /opt/airflow/dags/assets.py","logger":"airflow.dag_processing.dagbag.BundleDagBag","filename":"dagbag.py","lineno":469}
{"timestamp":"2026-06-12T21:13:04.948474Z","level":"info","event":"Filling up the DagBag from /opt/airflow/dags/assets.py","logger":"airflow.dag_processing.dagbag.BundleDagBag","filename":"dagbag.py","lineno":469}
{"timestamp":"2026-06-12T21:13:35.049314Z","level":"info","event":"Filling up the DagBag from /opt/airflow/dags/assets.py","logger":"airflow.dag_processing.dagbag.BundleDagBag","filename":"dagbag.py","lineno":469}
{"timestamp":"2026-06-12T21:14:06.094071Z","level":"info","event":"Filling up the DagBag from /opt/airflow/dags/assets.py","logger":"airflow.dag_processing.dagbag.BundleDagBag","filename":"dagbag.py","lineno":469}
{"timestamp":"2026-06-12T21:14:36.280150Z","level":"info","event":"Filling up the DagBag from /opt/airflow/dags/assets.py","logger":"airflow.dag_processing.dagbag.BundleDagBag","filename":"dagbag.py","lineno":469}
{"timestamp":"2026-06-12T21:15:07.257371Z","level":"info","event":"Filling up the DagBag from /opt/airflow/dags/assets.py","logger":"airflow.dag_processing.dagbag.BundleDagBag","filename":"dagbag.py","lineno":469}
{"timestamp":"2026-06-12T21:15:38.175486Z","level":"info","event":"Filling up the DagBag from /opt/airflow/dags/assets.py","logger":"airflow.dag_processing.dagbag.BundleDagBag","filename":"dagbag.py","lineno":469}
{"timestamp":"2026-06-12T21:16:09.122329Z","level":"info","event":"Filling up the DagBag from /opt/airflow/dags/assets.py","logger":"airflow.dag_processing.dagbag.BundleDagBag","filename":"dagbag.py","lineno":469}
{"timestamp":"2026-06-12T21:16:40.191823Z","level":"info","event":"Filling up the DagBag from /opt/airflow/dags/assets.py","logger":"airflow.dag_processing.dagbag.BundleDagBag","filename":"dagbag.py","lineno":469}
{"timestamp":"2026-06-12T21:17:11.217176Z","level":"info","event":"Filling up the DagBag from /opt/airflow/dags/assets.py","logger":"airflow.dag_processing.dagbag.BundleDagBag","filename":"dagbag.py","lineno":469}
{"timestamp":"2026-06-12T21:17:41.350974Z","level":"info","event":"Filling up the DagBag from /opt/airflow/dags/assets.py","logger":"airflow.dag_processing.dagbag.BundleDagBag","filename":"dagbag.py","lineno":469}
{"timestamp":"2026-06-12T21:18:11.467937Z","level":"info","event":"Filling up the DagBag from /opt/airflow/dags/assets.py","logger":"airflow.dag_processing.dagbag.BundleDagBag","filename":"dagbag.py","lineno":469}
{"timestamp":"2026-06-12T21:18:41.585855Z","level":"info","event":"Filling up the DagBag from /opt/airflow/dags/assets.py","logger":"airflow.dag_processing.dagbag.BundleDagBag","filename":"dagbag.py","lineno":469}
{"timestamp":"2026-06-12T21:19:11.721218Z","level":"info","event":"Filling up the DagBag from /opt/airflow/dags/assets.py","logger":"airflow.dag_processing.dagbag.BundleDagBag","filename":"dagbag.py","lineno":469}
{"timestamp":"2026-06-12T21:19:41.849901Z","level":"info","event":"Filling up the DagBag from /opt/airflow/dags/assets.py","logger":"airflow.dag_processing.dagbag.BundleDagBag","filename":"dagbag.py","lineno":469}
{"timestamp":"2026-06-12T21:20:12.056040Z","level":"info","event":"Filling up the DagBag from /opt/airflow/dags/assets.py","logger":"airflow.dag_processing.dagbag.BundleDagBag","filename":"dagbag.py","lineno":469}
{"timestamp":"2026-06-12T21:20:42.330899Z","level":"info","event":"Filling up the DagBag from /opt/airflow/dags/assets.py","logger":"airflow.dag_processing.dagbag.BundleDagBag","filename":"dagbag.py","lineno":469}
{"timestamp":"2026-06-12T21:21:13.313495Z","level":"info","event":"Filling up the DagBag from /opt/airflow/dags/assets.py","logger":"airflow.dag_processing.dagbag.BundleDagBag","filename":"dagbag.py","lineno":469}
{"timestamp":"2026-06-12T21:21:44.324088Z","level":"info","event":"Filling up the DagBag from /opt/airflow/dags/assets.py","logger":"airflow.dag_processing.dagbag.BundleDagBag","filename":"dagbag.py","lineno":469}
{"timestamp":"2026-06-12T21:22:15.234940Z","level":"info","event":"Filling up the DagBag from /opt/airflow/dags/assets.py","logger":"airflow.dag_processing.dagbag.BundleDagBag","filename":"dagbag.py","lineno":469}
{"timestamp":"2026-06-12T21:22:45.452780Z","level":"info","event":"Filling up the DagBag from /opt/airflow/dags/assets.py","logger":"airflow.dag_processing.dagbag.BundleDagBag","filename":"dagbag.py","lineno":469}
{"timestamp":"2026-06-12T21:23:15.593913Z","level":"info","event":"Filling up the DagBag from /opt/airflow/dags/assets.py","logger":"airflow.dag_processing.dagbag.BundleDagBag","filename":"dagbag.py","lineno":469}
{"timestamp":"2026-06-12T21:23:45.743172Z","level":"info","event":"Filling up the DagBag from /opt/airflow/dags/assets.py","logger":"airflow.dag_processing.dagbag.BundleDagBag","filename":"dagbag.py","lineno":469}
{"timestamp":"2026-06-12T21:24:15.841063Z","level":"info","event":"Filling up the DagBag from /opt/airflow/dags/assets.py","logger":"airflow.dag_processing.dagbag.BundleDagBag","filename":"dagbag.py","lineno":469}
{"timestamp":"2026-06-12T21:24:45.960923Z","level":"info","event":"Filling up the DagBag from /opt/airflow/dags/assets.py","logger":"airflow.dag_processing.dagbag.BundleDagBag","filename":"dagbag.py","lineno":469}
{"timestamp":"2026-06-12T21:25:16.245146Z","level":"info","event":"Filling up the DagBag from /opt/airflow/dags/assets.py","logger":"airflow.dag_processing.dagbag.BundleDagBag","filename":"dagbag.py","lineno":469}
{"timestamp":"2026-06-12T21:25:47.219614Z","level":"info","event":"Filling up the DagBag from /opt/airflow/dags/assets.py","logger":"airflow.dag_processing.dagbag.BundleDagBag","filename":"dagbag.py","lineno":469}
{"timestamp":"2026-06-12T21:26:17.324150Z","level":"info","event":"Filling up the DagBag from /opt/airflow/dags/assets.py","logger":"airflow.dag_processing.dagbag.BundleDagBag","filename":"dagbag.py","lineno":469}
{"timestamp":"2026-06-12T21:26:48.331206Z","level":"info","event":"Filling up the DagBag from /opt/airflow/dags/assets.py","logger":"airflow.dag_processing.dagbag.BundleDagBag","filename":"dagbag.py","lineno":469}
{"timestamp":"2026-06-12T21:27:19.239690Z","level":"info","event":"Filling up the DagBag from /opt/airflow/dags/assets.py","logger":"airflow.dag_processing.dagbag.BundleDagBag","filename":"dagbag.py","lineno":469}
{"timestamp":"2026-06-12T21:27:49.355725Z","level":"info","event":"Filling up the DagBag from /opt/airflow/dags/assets.py","logger":"airflow.dag_processing.dagbag.BundleDagBag","filename":"dagbag.py","lineno":469}
{"timestamp":"2026-06-12T21:28:20.343303Z","level":"info","event":"Filling up the DagBag from /opt/airflow/dags/assets.py","logger":"airflow.dag_processing.dagbag.BundleDagBag","filename":"dagbag.py","lineno":469}
{"timestamp":"2026-06-12T21:28:51.263564Z","level":"info","event":"Filling up the DagBag from /opt/airflow/dags/assets.py","logger":"airflow.dag_processing.dagbag.BundleDagBag","filename":"dagbag.py","lineno":469}
{"timestamp":"2026-06-12T21:29:22.173158Z","level":"info","event":"Filling up the DagBag from /opt/airflow/dags/assets.py","logger":"airflow.dag_processing.dagbag.BundleDagBag","filename":"dagbag.py","lineno":469}
{"timestamp":"2026-06-12T21:29:53.178095Z","level":"info","event":"Filling up the DagBag from /opt/airflow/dags/assets.py","logger":"airflow.dag_processing.dagbag.BundleDagBag","filename":"dagbag.py","lineno":469}
{"timestamp":"2026-06-12T21:30:24.135515Z","level":"info","event":"Filling up the DagBag from /opt/airflow/dags/assets.py","logger":"airflow.dag_processing.dagbag.BundleDagBag","filename":"dagbag.py","lineno":469}
{"timestamp":"2026-06-12T21:30:55.141921Z","level":"info","event":"Filling up the DagBag from /opt/airflow/dags/assets.py","logger":"airflow.dag_processing.dagbag.BundleDagBag","filename":"dagbag.py","lineno":469}
{"timestamp":"2026-06-12T21:31:26.043201Z","level":"info","event":"Filling up the DagBag from /opt/airflow/dags/assets.py","logger":"airflow.dag_processing.dagbag.BundleDagBag","filename":"dagbag.py","lineno":469}
{"timestamp":"2026-06-12T21:31:57.041572Z","level":"info","event":"Filling up the DagBag from /opt/airflow/dags/assets.py","logger":"airflow.dag_processing.dagbag.BundleDagBag","filename":"dagbag.py","lineno":469}
{"timestamp":"2026-06-12T21:32:27.968678Z","level":"info","event":"Filling up the DagBag from /opt/airflow/dags/assets.py","logger":"airflow.dag_processing.dagbag.BundleDagBag","filename":"dagbag.py","lineno":469}
{"timestamp":"2026-06-12T21:32:58.962410Z","level":"info","event":"Filling up the DagBag from /opt/airflow/dags/assets.py","logger":"airflow.dag_processing.dagbag.BundleDagBag","filename":"dagbag.py","lineno":469}
{"timestamp":"2026-06-12T21:33:29.048066Z","level":"info","event":"Filling up the DagBag from /opt/airflow/dags/assets.py","logger":"airflow.dag_processing.dagbag.BundleDagBag","filename":"dagbag.py","lineno":469}
{"timestamp":"2026-06-12T21:34:00.085848Z","level":"info","event":"Filling up the DagBag from /opt/airflow/dags/assets.py","logger":"airflow.dag_processing.dagbag.BundleDagBag","filename":"dagbag.py","lineno":469}
{"timestamp":"2026-06-12T21:34:31.080076Z","level":"info","event":"Filling up the DagBag from /opt/airflow/dags/assets.py","logger":"airflow.dag_processing.dagbag.BundleDagBag","filename":"dagbag.py","lineno":469}
{"timestamp":"2026-06-12T21:35:02.022440Z","level":"info","event":"Filling up the DagBag from /opt/airflow/dags/assets.py","logger":"airflow.dag_processing.dagbag.BundleDagBag","filename":"dagbag.py","lineno":469}
{"timestamp":"2026-06-12T21:35:32.932733Z","level":"info","event":"Filling up the DagBag from /opt/airflow/dags/assets.py","logger":"airflow.dag_processing.dagbag.BundleDagBag","filename":"dagbag.py","lineno":469}
{"timestamp":"2026-06-12T21:36:03.832328Z","level":"info","event":"Filling up the DagBag from /opt/airflow/dags/assets.py","logger":"airflow.dag_processing.dagbag.BundleDagBag","filename":"dagbag.py","lineno":469}
{"timestamp":"2026-06-12T21:36:34.679015Z","level":"info","event":"Filling up the DagBag from /opt/airflow/dags/assets.py","logger":"airflow.dag_processing.dagbag.BundleDagBag","filename":"dagbag.py","lineno":469}
{"timestamp":"2026-06-12T21:37:05.658819Z","level":"info","event":"Filling up the DagBag from /opt/airflow/dags/assets.py","logger":"airflow.dag_processing.dagbag.BundleDagBag","filename":"dagbag.py","lineno":469}
{"timestamp":"2026-06-12T21:37:36.594627Z","level":"info","event":"Filling up the DagBag from /opt/airflow/dags/assets.py","logger":"airflow.dag_processing.dagbag.BundleDagBag","filename":"dagbag.py","lineno":469}
{"timestamp":"2026-06-12T21:38:07.485771Z","level":"info","event":"Filling up the DagBag from /opt/airflow/dags/assets.py","logger":"airflow.dag_processing.dagbag.BundleDagBag","filename":"dagbag.py","lineno":469}
{"timestamp":"2026-06-12T21:38:38.418162Z","level":"info","event":"Filling up the DagBag from /opt/airflow/dags/assets.py","logger":"airflow.dag_processing.dagbag.BundleDagBag","filename":"dagbag.py","lineno":469}
{"timestamp":"2026-06-12T21:39:09.229940Z","level":"info","event":"Filling up the DagBag from /opt/airflow/dags/assets.py","logger":"airflow.dag_processing.dagbag.BundleDagBag","filename":"dagbag.py","lineno":469}
{"timestamp":"2026-06-12T21:39:40.186220Z","level":"info","event":"Filling up the DagBag from /opt/airflow/dags/assets.py","logger":"airflow.dag_processing.dagbag.BundleDagBag","filename":"dagbag.py","lineno":469}
{"timestamp":"2026-06-12T21:40:11.121033Z","level":"info","event":"Filling up the DagBag from /opt/airflow/dags/assets.py","logger":"airflow.dag_processing.dagbag.BundleDagBag","filename":"dagbag.py","lineno":469}
{"timestamp":"2026-06-12T21:40:42.007590Z","level":"info","event":"Filling up the DagBag from /opt/airflow/dags/assets.py","logger":"airflow.dag_processing.dagbag.BundleDagBag","filename":"dagbag.py","lineno":469}
{"timestamp":"2026-06-12T21:41:12.970690Z","level":"info","event":"Filling up the DagBag from /opt/airflow/dags/assets.py","logger":"airflow.dag_processing.dagbag.BundleDagBag","filename":"dagbag.py","lineno":469}
{"timestamp":"2026-06-12T21:41:44.007516Z","level":"info","event":"Filling up the DagBag from /opt/airflow/dags/assets.py","logger":"airflow.dag_processing.dagbag.BundleDagBag","filename":"dagbag.py","lineno":469}
{"timestamp":"2026-06-12T21:42:14.872628Z","level":"info","event":"Filling up the DagBag from /opt/airflow/dags/assets.py","logger":"airflow.dag_processing.dagbag.BundleDagBag","filename":"dagbag.py","lineno":469}
{"timestamp":"2026-06-12T21:42:45.703252Z","level":"info","event":"Filling up the DagBag from /opt/airflow/dags/assets.py","logger":"airflow.dag_processing.dagbag.BundleDagBag","filename":"dagbag.py","lineno":469}
{"timestamp":"2026-06-12T21:43:16.603319Z","level":"info","event":"Filling up the DagBag from /opt/airflow/dags/assets.py","logger":"airflow.dag_processing.dagbag.BundleDagBag","filename":"dagbag.py","lineno":469}
{"timestamp":"2026-06-12T21:43:47.664644Z","level":"info","event":"Filling up the DagBag from /opt/airflow/dags/assets.py","logger":"airflow.dag_processing.dagbag.BundleDagBag","filename":"dagbag.py","lineno":469}
{"timestamp":"2026-06-12T21:44:18.517071Z","level":"info","event":"Filling up the DagBag from /opt/airflow/dags/assets.py","logger":"airflow.dag_processing.dagbag.BundleDagBag","filename":"dagbag.py","lineno":469}
{"timestamp":"2026-06-12T21:44:49.409812Z","level":"info","event":"Filling up the DagBag from /opt/airflow/dags/assets.py","logger":"airflow.dag_processing.dagbag.BundleDagBag","filename":"dagbag.py","lineno":469}
{"timestamp":"2026-06-12T21:45:20.208982Z","level":"info","event":"Filling up the DagBag from /opt/airflow/dags/assets.py","logger":"airflow.dag_processing.dagbag.BundleDagBag","filename":"dagbag.py","lineno":469}
{"timestamp":"2026-06-12T21:45:51.092752Z","level":"info","event":"Filling up the DagBag from /opt/airflow/dags/assets.py","logger":"airflow.dag_processing.dagbag.BundleDagBag","filename":"dagbag.py","lineno":469}
{"timestamp":"2026-06-12T21:46:21.955539Z","level":"info","event":"Filling up the DagBag from /opt/airflow/dags/assets.py","logger":"airflow.dag_processing.dagbag.BundleDagBag","filename":"dagbag.py","lineno":469}
{"timestamp":"2026-06-12T21:46:52.928594Z","level":"info","event":"Filling up the DagBag from /opt/airflow/dags/assets.py","logger":"airflow.dag_processing.dagbag.BundleDagBag","filename":"dagbag.py","lineno":469}
{"timestamp":"2026-06-12T21:47:23.770290Z","level":"info","event":"Filling up the DagBag from /opt/airflow/dags/assets.py","logger":"airflow.dag_processing.dagbag.BundleDagBag","filename":"dagbag.py","lineno":469}
{"timestamp":"2026-06-12T21:47:54.668927Z","level":"info","event":"Filling up the DagBag from /opt/airflow/dags/assets.py","logger":"airflow.dag_processing.dagbag.BundleDagBag","filename":"dagbag.py","lineno":469}
{"timestamp":"2026-06-12T21:48:25.617550Z","level":"info","event":"Filling up the DagBag from /opt/airflow/dags/assets.py","logger":"airflow.dag_processing.dagbag.BundleDagBag","filename":"dagbag.py","lineno":469}
{"timestamp":"2026-06-12T21:48:56.517107Z","level":"info","event":"Filling up the DagBag from /opt/airflow/dags/assets.py","logger":"airflow.dag_processing.dagbag.BundleDagBag","filename":"dagbag.py","lineno":469}
{"timestamp":"2026-06-12T21:49:27.430425Z","level":"info","event":"Filling up the DagBag from /opt/airflow/dags/assets.py","logger":"airflow.dag_processing.dagbag.BundleDagBag","filename":"dagbag.py","lineno":469}
{"timestamp":"2026-06-12T21:49:58.351655Z","level":"info","event":"Filling up the DagBag from /opt/airflow/dags/assets.py","logger":"airflow.dag_processing.dagbag.BundleDagBag","filename":"dagbag.py","lineno":469}
{"timestamp":"2026-06-12T21:50:29.210588Z","level":"info","event":"Filling up the DagBag from /opt/airflow/dags/assets.py","logger":"airflow.dag_processing.dagbag.BundleDagBag","filename":"dagbag.py","lineno":469}
{"timestamp":"2026-06-12T21:51:00.123186Z","level":"info","event":"Filling up the DagBag from /opt/airflow/dags/assets.py","logger":"airflow.dag_processing.dagbag.BundleDagBag","filename":"dagbag.py","lineno":469}
{"timestamp":"2026-06-12T21:51:30.927561Z","level":"info","event":"Filling up the DagBag from /opt/airflow/dags/assets.py","logger":"airflow.dag_processing.dagbag.BundleDagBag","filename":"dagbag.py","lineno":469}
{"timestamp":"2026-06-12T21:52:01.740910Z","level":"info","event":"Filling up the DagBag from /opt/airflow/dags/assets.py","logger":"airflow.dag_processing.dagbag.BundleDagBag","filename":"dagbag.py","lineno":469}
{"timestamp":"2026-06-12T21:52:32.683349Z","level":"info","event":"Filling up the DagBag from /opt/airflow/dags/assets.py","logger":"airflow.dag_processing.dagbag.BundleDagBag","filename":"dagbag.py","lineno":469}
{"timestamp":"2026-06-12T21:53:03.511998Z","level":"info","event":"Filling up the DagBag from /opt/airflow/dags/assets.py","logger":"airflow.dag_processing.dagbag.BundleDagBag","filename":"dagbag.py","lineno":469}
{"timestamp":"2026-06-12T21:53:34.514438Z","level":"info","event":"Filling up the DagBag from /opt/airflow/dags/assets.py","logger":"airflow.dag_processing.dagbag.BundleDagBag","filename":"dagbag.py","lineno":469}
{"timestamp":"2026-06-12T21:54:05.372719Z","level":"info","event":"Filling up the DagBag from /opt/airflow/dags/assets.py","logger":"airflow.dag_processing.dagbag.BundleDagBag","filename":"dagbag.py","lineno":469}
{"timestamp":"2026-06-12T21:54:36.205339Z","level":"info","event":"Filling up the DagBag from /opt/airflow/dags/assets.py","logger":"airflow.dag_processing.dagbag.BundleDagBag","filename":"dagbag.py","lineno":469}
{"timestamp":"2026-06-12T21:55:06.980817Z","level":"info","event":"Filling up the DagBag from /opt/airflow/dags/assets.py","logger":"airflow.dag_processing.dagbag.BundleDagBag","filename":"dagbag.py","lineno":469}
{"timestamp":"2026-06-12T21:55:37.856524Z","level":"info","event":"Filling up the DagBag from /opt/airflow/dags/assets.py","logger":"airflow.dag_processing.dagbag.BundleDagBag","filename":"dagbag.py","lineno":469}
{"timestamp":"2026-06-12T21:56:08.722081Z","level":"info","event":"Filling up the DagBag from /opt/airflow/dags/assets.py","logger":"airflow.dag_processing.dagbag.BundleDagBag","filename":"dagbag.py","lineno":469}
{"timestamp":"2026-06-12T21:56:39.572526Z","level":"info","event":"Filling up the DagBag from /opt/airflow/dags/assets.py","logger":"airflow.dag_processing.dagbag.BundleDagBag","filename":"dagbag.py","lineno":469}
{"timestamp":"2026-06-12T21:57:09.674939Z","level":"info","event":"Filling up the DagBag from /opt/airflow/dags/assets.py","logger":"airflow.dag_processing.dagbag.BundleDagBag","filename":"dagbag.py","lineno":469}
{"timestamp":"2026-06-12T21:57:40.593026Z","level":"info","event":"Filling up the DagBag from /opt/airflow/dags/assets.py","logger":"airflow.dag_processing.dagbag.BundleDagBag","filename":"dagbag.py","lineno":469}
{"timestamp":"2026-06-12T21:58:11.460887Z","level":"info","event":"Filling up the DagBag from /opt/airflow/dags/assets.py","logger":"airflow.dag_processing.dagbag.BundleDagBag","filename":"dagbag.py","lineno":469}
{"timestamp":"2026-06-12T21:58:42.402204Z","level":"info","event":"Filling up the DagBag from /opt/airflow/dags/assets.py","logger":"airflow.dag_processing.dagbag.BundleDagBag","filename":"dagbag.py","lineno":469}
{"timestamp":"2026-06-12T21:59:13.286980Z","level":"info","event":"Filling up the DagBag from /opt/airflow/dags/assets.py","logger":"airflow.dag_processing.dagbag.BundleDagBag","filename":"dagbag.py","lineno":469}
{"timestamp":"2026-06-12T21:59:44.247140Z","level":"info","event":"Filling up the DagBag from /opt/airflow/dags/assets.py","logger":"airflow.dag_processing.dagbag.BundleDagBag","filename":"dagbag.py","lineno":469}
{"timestamp":"2026-06-12T22:00:15.170173Z","level":"info","event":"Filling up the DagBag from /opt/airflow/dags/assets.py","logger":"airflow.dag_processing.dagbag.BundleDagBag","filename":"dagbag.py","lineno":469}
{"timestamp":"2026-06-12T22:00:46.145013Z","level":"info","event":"Filling up the DagBag from /opt/airflow/dags/assets.py","logger":"airflow.dag_processing.dagbag.BundleDagBag","filename":"dagbag.py","lineno":469}
{"timestamp":"2026-06-12T22:01:17.013284Z","level":"info","event":"Filling up the DagBag from /opt/airflow/dags/assets.py","logger":"airflow.dag_processing.dagbag.BundleDagBag","filename":"dagbag.py","lineno":469}
{"timestamp":"2026-06-12T22:01:47.885524Z","level":"info","event":"Filling up the DagBag from /opt/airflow/dags/assets.py","logger":"airflow.dag_processing.dagbag.BundleDagBag","filename":"dagbag.py","lineno":469}
{"timestamp":"2026-06-12T22:02:18.803074Z","level":"info","event":"Filling up the DagBag from /opt/airflow/dags/assets.py","logger":"airflow.dag_processing.dagbag.BundleDagBag","filename":"dagbag.py","lineno":469}
{"timestamp":"2026-06-12T22:02:49.709619Z","level":"info","event":"Filling up the DagBag from /opt/airflow/dags/assets.py","logger":"airflow.dag_processing.dagbag.BundleDagBag","filename":"dagbag.py","lineno":469}
{"timestamp":"2026-06-12T22:03:20.600758Z","level":"info","event":"Filling up the DagBag from /opt/airflow/dags/assets.py","logger":"airflow.dag_processing.dagbag.BundleDagBag","filename":"dagbag.py","lineno":469}
{"timestamp":"2026-06-12T22:03:51.512314Z","level":"info","event":"Filling up the DagBag from /opt/airflow/dags/assets.py","logger":"airflow.dag_processing.dagbag.BundleDagBag","filename":"dagbag.py","lineno":469}
{"timestamp":"2026-06-12T22:04:22.400413Z","level":"info","event":"Filling up the DagBag from /opt/airflow/dags/assets.py","logger":"airflow.dag_processing.dagbag.BundleDagBag","filename":"dagbag.py","lineno":469}
{"timestamp":"2026-06-12T22:04:53.327364Z","level":"info","event":"Filling up the DagBag from /opt/airflow/dags/assets.py","logger":"airflow.dag_processing.dagbag.BundleDagBag","filename":"dagbag.py","lineno":469}
{"timestamp":"2026-06-12T22:05:24.257961Z","level":"info","event":"Filling up the DagBag from /opt/airflow/dags/assets.py","logger":"airflow.dag_processing.dagbag.BundleDagBag","filename":"dagbag.py","lineno":469}
{"timestamp":"2026-06-12T22:05:55.265429Z","level":"info","event":"Filling up the DagBag from /opt/airflow/dags/assets.py","logger":"airflow.dag_processing.dagbag.BundleDagBag","filename":"dagbag.py","lineno":469}
{"timestamp":"2026-06-12T22:06:26.094465Z","level":"info","event":"Filling up the DagBag from /opt/airflow/dags/assets.py","logger":"airflow.dag_processing.dagbag.BundleDagBag","filename":"dagbag.py","lineno":469}
{"timestamp":"2026-06-12T22:06:56.942362Z","level":"info","event":"Filling up the DagBag from /opt/airflow/dags/assets.py","logger":"airflow.dag_processing.dagbag.BundleDagBag","filename":"dagbag.py","lineno":469}
{"timestamp":"2026-06-12T22:07:27.851158Z","level":"info","event":"Filling up the DagBag from /opt/airflow/dags/assets.py","logger":"airflow.dag_processing.dagbag.BundleDagBag","filename":"dagbag.py","lineno":469}
{"timestamp":"2026-06-12T22:07:58.716875Z","level":"info","event":"Filling up the DagBag from /opt/airflow/dags/assets.py","logger":"airflow.dag_processing.dagbag.BundleDagBag","filename":"dagbag.py","lineno":469}
{"timestamp":"2026-06-12T22:08:29.649955Z","level":"info","event":"Filling up the DagBag from /opt/airflow/dags/assets.py","logger":"airflow.dag_processing.dagbag.BundleDagBag","filename":"dagbag.py","lineno":469}
{"timestamp":"2026-06-12T22:09:00.618655Z","level":"info","event":"Filling up the DagBag from /opt/airflow/dags/assets.py","logger":"airflow.dag_processing.dagbag.BundleDagBag","filename":"dagbag.py","lineno":469}
{"timestamp":"2026-06-12T22:09:31.562874Z","level":"info","event":"Filling up the DagBag from /opt/airflow/dags/assets.py","logger":"airflow.dag_processing.dagbag.BundleDagBag","filename":"dagbag.py","lineno":469}
{"timestamp":"2026-06-12T22:10:02.446117Z","level":"info","event":"Filling up the DagBag from /opt/airflow/dags/assets.py","logger":"airflow.dag_processing.dagbag.BundleDagBag","filename":"dagbag.py","lineno":469}
{"timestamp":"2026-06-12T22:10:33.254345Z","level":"info","event":"Filling up the DagBag from /opt/airflow/dags/assets.py","logger":"airflow.dag_processing.dagbag.BundleDagBag","filename":"dagbag.py","lineno":469}
{"timestamp":"2026-06-12T22:11:04.099008Z","level":"info","event":"Filling up the DagBag from /opt/airflow/dags/assets.py","logger":"airflow.dag_processing.dagbag.BundleDagBag","filename":"dagbag.py","lineno":469}
{"timestamp":"2026-06-12T22:11:35.039776Z","level":"info","event":"Filling up the DagBag from /opt/airflow/dags/assets.py","logger":"airflow.dag_processing.dagbag.BundleDagBag","filename":"dagbag.py","lineno":469}
{"timestamp":"2026-06-12T22:12:05.887114Z","level":"info","event":"Filling up the DagBag from /opt/airflow/dags/assets.py","logger":"airflow.dag_processing.dagbag.BundleDagBag","filename":"dagbag.py","lineno":469}
{"timestamp":"2026-06-12T22:12:36.774236Z","level":"info","event":"Filling up the DagBag from /opt/airflow/dags/assets.py","logger":"airflow.dag_processing.dagbag.BundleDagBag","filename":"dagbag.py","lineno":469}
{"timestamp":"2026-06-12T22:13:07.590313Z","level":"info","event":"Filling up the DagBag from /opt/airflow/dags/assets.py","logger":"airflow.dag_processing.dagbag.BundleDagBag","filename":"dagbag.py","lineno":469}
{"timestamp":"2026-06-12T22:13:38.445407Z","level":"info","event":"Filling up the DagBag from /opt/airflow/dags/assets.py","logger":"airflow.dag_processing.dagbag.BundleDagBag","filename":"dagbag.py","lineno":469}
{"timestamp":"2026-06-12T22:14:09.293910Z","level":"info","event":"Filling up the DagBag from /opt/airflow/dags/assets.py","logger":"airflow.dag_processing.dagbag.BundleDagBag","filename":"dagbag.py","lineno":469}
{"timestamp":"2026-06-12T22:14:40.173623Z","level":"info","event":"Filling up the DagBag from /opt/airflow/dags/assets.py","logger":"airflow.dag_processing.dagbag.BundleDagBag","filename":"dagbag.py","lineno":469}
{"timestamp":"2026-06-12T22:15:11.015717Z","level":"info","event":"Filling up the DagBag from /opt/airflow/dags/assets.py","logger":"airflow.dag_processing.dagbag.BundleDagBag","filename":"dagbag.py","lineno":469}
{"timestamp":"2026-06-12T22:15:41.839684Z","level":"info","event":"Filling up the DagBag from /opt/airflow/dags/assets.py","logger":"airflow.dag_processing.dagbag.BundleDagBag","filename":"dagbag.py","lineno":469}
{"timestamp":"2026-06-12T22:16:12.747025Z","level":"info","event":"Filling up the DagBag from /opt/airflow/dags/assets.py","logger":"airflow.dag_processing.dagbag.BundleDagBag","filename":"dagbag.py","lineno":469}
{"timestamp":"2026-06-12T22:16:43.519420Z","level":"info","event":"Filling up the DagBag from /opt/airflow/dags/assets.py","logger":"airflow.dag_processing.dagbag.BundleDagBag","filename":"dagbag.py","lineno":469}
{"timestamp":"2026-06-12T22:17:14.356931Z","level":"info","event":"Filling up the DagBag from /opt/airflow/dags/assets.py","logger":"airflow.dag_processing.dagbag.BundleDagBag","filename":"dagbag.py","lineno":469}
{"timestamp":"2026-06-12T22:17:45.277038Z","level":"info","event":"Filling up the DagBag from /opt/airflow/dags/assets.py","logger":"airflow.dag_processing.dagbag.BundleDagBag","filename":"dagbag.py","lineno":469}
{"timestamp":"2026-06-12T22:18:16.265057Z","level":"info","event":"Filling up the DagBag from /opt/airflow/dags/assets.py","logger":"airflow.dag_processing.dagbag.BundleDagBag","filename":"dagbag.py","lineno":469}
{"timestamp":"2026-06-12T22:18:47.168212Z","level":"info","event":"Filling up the DagBag from /opt/airflow/dags/assets.py","logger":"airflow.dag_processing.dagbag.BundleDagBag","filename":"dagbag.py","lineno":469}
{"timestamp":"2026-06-12T22:19:18.031138Z","level":"info","event":"Filling up the DagBag from /opt/airflow/dags/assets.py","logger":"airflow.dag_processing.dagbag.BundleDagBag","filename":"dagbag.py","lineno":469}
{"timestamp":"2026-06-12T22:19:48.956988Z","level":"info","event":"Filling up the DagBag from /opt/airflow/dags/assets.py","logger":"airflow.dag_processing.dagbag.BundleDagBag","filename":"dagbag.py","lineno":469}
{"timestamp":"2026-06-12T22:20:19.854723Z","level":"info","event":"Filling up the DagBag from /opt/airflow/dags/assets.py","logger":"airflow.dag_processing.dagbag.BundleDagBag","filename":"dagbag.py","lineno":469}
{"timestamp":"2026-06-12T22:20:50.707397Z","level":"info","event":"Filling up the DagBag from /opt/airflow/dags/assets.py","logger":"airflow.dag_processing.dagbag.BundleDagBag","filename":"dagbag.py","lineno":469}
{"timestamp":"2026-06-12T22:21:21.437083Z","level":"info","event":"Filling up the DagBag from /opt/airflow/dags/assets.py","logger":"airflow.dag_processing.dagbag.BundleDagBag","filename":"dagbag.py","lineno":469}
{"timestamp":"2026-06-12T22:21:52.268203Z","level":"info","event":"Filling up the DagBag from /opt/airflow/dags/assets.py","logger":"airflow.dag_processing.dagbag.BundleDagBag","filename":"dagbag.py","lineno":469}
{"timestamp":"2026-06-12T22:22:23.046075Z","level":"info","event":"Filling up the DagBag from /opt/airflow/dags/assets.py","logger":"airflow.dag_processing.dagbag.BundleDagBag","filename":"dagbag.py","lineno":469}
{"timestamp":"2026-06-12T22:22:53.849820Z","level":"info","event":"Filling up the DagBag from /opt/airflow/dags/assets.py","logger":"airflow.dag_processing.dagbag.BundleDagBag","filename":"dagbag.py","lineno":469}
{"timestamp":"2026-06-12T22:23:24.671503Z","level":"info","event":"Filling up the DagBag from /opt/airflow/dags/assets.py","logger":"airflow.dag_processing.dagbag.BundleDagBag","filename":"dagbag.py","lineno":469}
{"timestamp":"2026-06-12T22:23:55.528671Z","level":"info","event":"Filling up the DagBag from /opt/airflow/dags/assets.py","logger":"airflow.dag_processing.dagbag.BundleDagBag","filename":"dagbag.py","lineno":469}
{"timestamp":"2026-06-12T22:24:26.375155Z","level":"info","event":"Filling up the DagBag from /opt/airflow/dags/assets.py","logger":"airflow.dag_processing.dagbag.BundleDagBag","filename":"dagbag.py","lineno":469}
{"timestamp":"2026-06-12T22:24:57.276664Z","level":"info","event":"Filling up the DagBag from /opt/airflow/dags/assets.py","logger":"airflow.dag_processing.dagbag.BundleDagBag","filename":"dagbag.py","lineno":469}
{"timestamp":"2026-06-12T22:25:28.074232Z","level":"info","event":"Filling up the DagBag from /opt/airflow/dags/assets.py","logger":"airflow.dag_processing.dagbag.BundleDagBag","filename":"dagbag.py","lineno":469}
{"timestamp":"2026-06-12T22:25:58.971028Z","level":"info","event":"Filling up the DagBag from /opt/airflow/dags/assets.py","logger":"airflow.dag_processing.dagbag.BundleDagBag","filename":"dagbag.py","lineno":469}
{"timestamp":"2026-06-12T22:26:29.685333Z","level":"info","event":"Filling up the DagBag from /opt/airflow/dags/assets.py","logger":"airflow.dag_processing.dagbag.BundleDagBag","filename":"dagbag.py","lineno":469}
{"timestamp":"2026-06-12T22:27:00.511240Z","level":"info","event":"Filling up the DagBag from /opt/airflow/dags/assets.py","logger":"airflow.dag_processing.dagbag.BundleDagBag","filename":"dagbag.py","lineno":469}
{"timestamp":"2026-06-12T22:27:31.307003Z","level":"info","event":"Filling up the DagBag from /opt/airflow/dags/assets.py","logger":"airflow.dag_processing.dagbag.BundleDagBag","filename":"dagbag.py","lineno":469}
{"timestamp":"2026-06-12T22:28:02.136550Z","level":"info","event":"Filling up the DagBag from /opt/airflow/dags/assets.py","logger":"airflow.dag_processing.dagbag.BundleDagBag","filename":"dagbag.py","lineno":469}
{"timestamp":"2026-06-12T22:28:32.942952Z","level":"info","event":"Filling up the DagBag from /opt/airflow/dags/assets.py","logger":"airflow.dag_processing.dagbag.BundleDagBag","filename":"dagbag.py","lineno":469}
{"timestamp":"2026-06-12T22:29:03.770538Z","level":"info","event":"Filling up the DagBag from /opt/airflow/dags/assets.py","logger":"airflow.dag_processing.dagbag.BundleDagBag","filename":"dagbag.py","lineno":469}
{"timestamp":"2026-06-12T22:29:34.689381Z","level":"info","event":"Filling up the DagBag from /opt/airflow/dags/assets.py","logger":"airflow.dag_processing.dagbag.BundleDagBag","filename":"dagbag.py","lineno":469}
{"timestamp":"2026-06-12T22:30:05.524403Z","level":"info","event":"Filling up the DagBag from /opt/airflow/dags/assets.py","logger":"airflow.dag_processing.dagbag.BundleDagBag","filename":"dagbag.py","lineno":469}
{"timestamp":"2026-06-12T22:30:36.354370Z","level":"info","event":"Filling up the DagBag from /opt/airflow/dags/assets.py","logger":"airflow.dag_processing.dagbag.BundleDagBag","filename":"dagbag.py","lineno":469}
{"timestamp":"2026-06-12T22:31:07.076885Z","level":"info","event":"Filling up the DagBag from /opt/airflow/dags/assets.py","logger":"airflow.dag_processing.dagbag.BundleDagBag","filename":"dagbag.py","lineno":469}
{"timestamp":"2026-06-12T22:31:37.852892Z","level":"info","event":"Filling up the DagBag from /opt/airflow/dags/assets.py","logger":"airflow.dag_processing.dagbag.BundleDagBag","filename":"dagbag.py","lineno":469}
{"timestamp":"2026-06-12T22:32:08.726038Z","level":"info","event":"Filling up the DagBag from /opt/airflow/dags/assets.py","logger":"airflow.dag_processing.dagbag.BundleDagBag","filename":"dagbag.py","lineno":469}
{"timestamp":"2026-06-12T22:32:39.639456Z","level":"info","event":"Filling up the DagBag from /opt/airflow/dags/assets.py","logger":"airflow.dag_processing.dagbag.BundleDagBag","filename":"dagbag.py","lineno":469}
{"timestamp":"2026-06-12T22:33:09.850054Z","level":"info","event":"Filling up the DagBag from /opt/airflow/dags/assets.py","logger":"airflow.dag_processing.dagbag.BundleDagBag","filename":"dagbag.py","lineno":469}
