{"timestamp":"2026-06-12T13:34:13.846991Z","level":"info","event":"Filling up the DagBag from /opt/airflow/dags/ingestion_dag.py","logger":"airflow.dag_processing.dagbag.BundleDagBag","filename":"dagbag.py","lineno":469}
{"timestamp":"2026-06-12T13:34:15.847739Z","level":"warning","event":"The `airflow.decorators.dag` attribute is deprecated. Please use `'airflow.sdk.dag'`.","category":"UserWarning","filename":"/opt/airflow/dags/ingestion_dag.py","lineno":1,"logger":"py.warnings"}
{"timestamp":"2026-06-12T13:34:15.847912Z","level":"warning","event":"The `airflow.decorators.task` attribute is deprecated. Please use `'airflow.sdk.task'`.","category":"UserWarning","filename":"/opt/airflow/dags/ingestion_dag.py","lineno":1,"logger":"py.warnings"}
{"timestamp":"2026-06-12T13:34:15.847993Z","level":"warning","event":"Import 'Dataset' directly from the airflow module is deprecated and will be removed in the future. Please import it from 'airflow.sdk.Asset'.","category":"UserWarning","filename":"/opt/airflow/dags/assets.py","lineno":1,"logger":"py.warnings"}
{"timestamp":"2026-06-12T13:34:46.344686Z","level":"info","event":"Filling up the DagBag from /opt/airflow/dags/ingestion_dag.py","logger":"airflow.dag_processing.dagbag.BundleDagBag","filename":"dagbag.py","lineno":469}
{"timestamp":"2026-06-12T13:34:46.537488Z","level":"warning","event":"The `airflow.decorators.dag` attribute is deprecated. Please use `'airflow.sdk.dag'`.","category":"UserWarning","filename":"/opt/airflow/dags/ingestion_dag.py","lineno":1,"logger":"py.warnings"}
{"timestamp":"2026-06-12T13:34:46.537708Z","level":"warning","event":"The `airflow.decorators.task` attribute is deprecated. Please use `'airflow.sdk.task'`.","category":"UserWarning","filename":"/opt/airflow/dags/ingestion_dag.py","lineno":1,"logger":"py.warnings"}
{"timestamp":"2026-06-12T13:34:46.537823Z","level":"warning","event":"Import 'Dataset' directly from the airflow module is deprecated and will be removed in the future. Please import it from 'airflow.sdk.Asset'.","category":"UserWarning","filename":"/opt/airflow/dags/assets.py","lineno":1,"logger":"py.warnings"}
{"timestamp":"2026-06-12T13:35:18.961015Z","level":"info","event":"Filling up the DagBag from /opt/airflow/dags/ingestion_dag.py","logger":"airflow.dag_processing.dagbag.BundleDagBag","filename":"dagbag.py","lineno":469}
{"timestamp":"2026-06-12T13:35:19.167959Z","level":"warning","event":"The `airflow.decorators.dag` attribute is deprecated. Please use `'airflow.sdk.dag'`.","category":"UserWarning","filename":"/opt/airflow/dags/ingestion_dag.py","lineno":1,"logger":"py.warnings"}
{"timestamp":"2026-06-12T13:35:19.168084Z","level":"warning","event":"The `airflow.decorators.task` attribute is deprecated. Please use `'airflow.sdk.task'`.","category":"UserWarning","filename":"/opt/airflow/dags/ingestion_dag.py","lineno":1,"logger":"py.warnings"}
{"timestamp":"2026-06-12T13:35:19.168169Z","level":"warning","event":"Import 'Dataset' directly from the airflow module is deprecated and will be removed in the future. Please import it from 'airflow.sdk.Asset'.","category":"UserWarning","filename":"/opt/airflow/dags/assets.py","lineno":1,"logger":"py.warnings"}
{"timestamp":"2026-06-12T13:35:52.428764Z","level":"info","event":"Filling up the DagBag from /opt/airflow/dags/ingestion_dag.py","logger":"airflow.dag_processing.dagbag.BundleDagBag","filename":"dagbag.py","lineno":469}
{"timestamp":"2026-06-12T13:35:52.617424Z","level":"warning","event":"The `airflow.decorators.dag` attribute is deprecated. Please use `'airflow.sdk.dag'`.","category":"UserWarning","filename":"/opt/airflow/dags/ingestion_dag.py","lineno":1,"logger":"py.warnings"}
{"timestamp":"2026-06-12T13:35:52.617590Z","level":"warning","event":"The `airflow.decorators.task` attribute is deprecated. Please use `'airflow.sdk.task'`.","category":"UserWarning","filename":"/opt/airflow/dags/ingestion_dag.py","lineno":1,"logger":"py.warnings"}
{"timestamp":"2026-06-12T13:35:52.617709Z","level":"warning","event":"Import 'Dataset' directly from the airflow module is deprecated and will be removed in the future. Please import it from 'airflow.sdk.Asset'.","category":"UserWarning","filename":"/opt/airflow/dags/assets.py","lineno":1,"logger":"py.warnings"}
{"timestamp":"2026-06-12T13:36:24.945479Z","level":"info","event":"Filling up the DagBag from /opt/airflow/dags/ingestion_dag.py","logger":"airflow.dag_processing.dagbag.BundleDagBag","filename":"dagbag.py","lineno":469}
{"timestamp":"2026-06-12T13:36:25.131370Z","level":"warning","event":"The `airflow.decorators.dag` attribute is deprecated. Please use `'airflow.sdk.dag'`.","category":"UserWarning","filename":"/opt/airflow/dags/ingestion_dag.py","lineno":1,"logger":"py.warnings"}
{"timestamp":"2026-06-12T13:36:25.131536Z","level":"warning","event":"The `airflow.decorators.task` attribute is deprecated. Please use `'airflow.sdk.task'`.","category":"UserWarning","filename":"/opt/airflow/dags/ingestion_dag.py","lineno":1,"logger":"py.warnings"}
{"timestamp":"2026-06-12T13:36:25.131652Z","level":"warning","event":"Import 'Dataset' directly from the airflow module is deprecated and will be removed in the future. Please import it from 'airflow.sdk.Asset'.","category":"UserWarning","filename":"/opt/airflow/dags/assets.py","lineno":1,"logger":"py.warnings"}
{"timestamp":"2026-06-12T13:36:57.465626Z","level":"info","event":"Filling up the DagBag from /opt/airflow/dags/ingestion_dag.py","logger":"airflow.dag_processing.dagbag.BundleDagBag","filename":"dagbag.py","lineno":469}
{"timestamp":"2026-06-12T13:36:57.646212Z","level":"warning","event":"The `airflow.decorators.dag` attribute is deprecated. Please use `'airflow.sdk.dag'`.","category":"UserWarning","filename":"/opt/airflow/dags/ingestion_dag.py","lineno":1,"logger":"py.warnings"}
{"timestamp":"2026-06-12T13:36:57.646455Z","level":"warning","event":"The `airflow.decorators.task` attribute is deprecated. Please use `'airflow.sdk.task'`.","category":"UserWarning","filename":"/opt/airflow/dags/ingestion_dag.py","lineno":1,"logger":"py.warnings"}
{"timestamp":"2026-06-12T13:36:57.646576Z","level":"warning","event":"Import 'Dataset' directly from the airflow module is deprecated and will be removed in the future. Please import it from 'airflow.sdk.Asset'.","category":"UserWarning","filename":"/opt/airflow/dags/assets.py","lineno":1,"logger":"py.warnings"}
{"timestamp":"2026-06-12T13:37:30.102904Z","level":"info","event":"Filling up the DagBag from /opt/airflow/dags/ingestion_dag.py","logger":"airflow.dag_processing.dagbag.BundleDagBag","filename":"dagbag.py","lineno":469}
{"timestamp":"2026-06-12T13:37:30.322969Z","level":"warning","event":"The `airflow.decorators.dag` attribute is deprecated. Please use `'airflow.sdk.dag'`.","category":"UserWarning","filename":"/opt/airflow/dags/ingestion_dag.py","lineno":1,"logger":"py.warnings"}
{"timestamp":"2026-06-12T13:37:30.323139Z","level":"warning","event":"The `airflow.decorators.task` attribute is deprecated. Please use `'airflow.sdk.task'`.","category":"UserWarning","filename":"/opt/airflow/dags/ingestion_dag.py","lineno":1,"logger":"py.warnings"}
{"timestamp":"2026-06-12T13:37:30.323228Z","level":"warning","event":"Import 'Dataset' directly from the airflow module is deprecated and will be removed in the future. Please import it from 'airflow.sdk.Asset'.","category":"UserWarning","filename":"/opt/airflow/dags/assets.py","lineno":1,"logger":"py.warnings"}
{"timestamp":"2026-06-12T13:38:02.608567Z","level":"info","event":"Filling up the DagBag from /opt/airflow/dags/ingestion_dag.py","logger":"airflow.dag_processing.dagbag.BundleDagBag","filename":"dagbag.py","lineno":469}
{"timestamp":"2026-06-12T13:38:02.794922Z","level":"warning","event":"The `airflow.decorators.dag` attribute is deprecated. Please use `'airflow.sdk.dag'`.","category":"UserWarning","filename":"/opt/airflow/dags/ingestion_dag.py","lineno":1,"logger":"py.warnings"}
{"timestamp":"2026-06-12T13:38:02.795084Z","level":"warning","event":"The `airflow.decorators.task` attribute is deprecated. Please use `'airflow.sdk.task'`.","category":"UserWarning","filename":"/opt/airflow/dags/ingestion_dag.py","lineno":1,"logger":"py.warnings"}
{"timestamp":"2026-06-12T13:38:02.795168Z","level":"warning","event":"Import 'Dataset' directly from the airflow module is deprecated and will be removed in the future. Please import it from 'airflow.sdk.Asset'.","category":"UserWarning","filename":"/opt/airflow/dags/assets.py","lineno":1,"logger":"py.warnings"}
{"timestamp":"2026-06-12T13:38:36.108054Z","level":"info","event":"Filling up the DagBag from /opt/airflow/dags/ingestion_dag.py","logger":"airflow.dag_processing.dagbag.BundleDagBag","filename":"dagbag.py","lineno":469}
{"timestamp":"2026-06-12T13:38:36.284815Z","level":"warning","event":"The `airflow.decorators.dag` attribute is deprecated. Please use `'airflow.sdk.dag'`.","category":"UserWarning","filename":"/opt/airflow/dags/ingestion_dag.py","lineno":1,"logger":"py.warnings"}
{"timestamp":"2026-06-12T13:38:36.284989Z","level":"warning","event":"The `airflow.decorators.task` attribute is deprecated. Please use `'airflow.sdk.task'`.","category":"UserWarning","filename":"/opt/airflow/dags/ingestion_dag.py","lineno":1,"logger":"py.warnings"}
{"timestamp":"2026-06-12T13:38:36.285063Z","level":"warning","event":"Import 'Dataset' directly from the airflow module is deprecated and will be removed in the future. Please import it from 'airflow.sdk.Asset'.","category":"UserWarning","filename":"/opt/airflow/dags/assets.py","lineno":1,"logger":"py.warnings"}
{"timestamp":"2026-06-12T13:39:08.816617Z","level":"info","event":"Filling up the DagBag from /opt/airflow/dags/ingestion_dag.py","logger":"airflow.dag_processing.dagbag.BundleDagBag","filename":"dagbag.py","lineno":469}
{"timestamp":"2026-06-12T13:39:09.111077Z","level":"warning","event":"The `airflow.decorators.dag` attribute is deprecated. Please use `'airflow.sdk.dag'`.","category":"UserWarning","filename":"/opt/airflow/dags/ingestion_dag.py","lineno":1,"logger":"py.warnings"}
{"timestamp":"2026-06-12T13:39:09.111213Z","level":"warning","event":"The `airflow.decorators.task` attribute is deprecated. Please use `'airflow.sdk.task'`.","category":"UserWarning","filename":"/opt/airflow/dags/ingestion_dag.py","lineno":1,"logger":"py.warnings"}
{"timestamp":"2026-06-12T13:39:09.111285Z","level":"warning","event":"Import 'Dataset' directly from the airflow module is deprecated and will be removed in the future. Please import it from 'airflow.sdk.Asset'.","category":"UserWarning","filename":"/opt/airflow/dags/assets.py","lineno":1,"logger":"py.warnings"}
{"timestamp":"2026-06-12T13:39:39.793124Z","level":"info","event":"Filling up the DagBag from /opt/airflow/dags/ingestion_dag.py","logger":"airflow.dag_processing.dagbag.BundleDagBag","filename":"dagbag.py","lineno":469}
{"timestamp":"2026-06-12T13:39:40.046523Z","level":"warning","event":"The `airflow.decorators.dag` attribute is deprecated. Please use `'airflow.sdk.dag'`.","category":"UserWarning","filename":"/opt/airflow/dags/ingestion_dag.py","lineno":1,"logger":"py.warnings"}
{"timestamp":"2026-06-12T13:39:40.046684Z","level":"warning","event":"The `airflow.decorators.task` attribute is deprecated. Please use `'airflow.sdk.task'`.","category":"UserWarning","filename":"/opt/airflow/dags/ingestion_dag.py","lineno":1,"logger":"py.warnings"}
{"timestamp":"2026-06-12T13:39:40.046795Z","level":"warning","event":"Import 'Dataset' directly from the airflow module is deprecated and will be removed in the future. Please import it from 'airflow.sdk.Asset'.","category":"UserWarning","filename":"/opt/airflow/dags/assets.py","lineno":1,"logger":"py.warnings"}
{"timestamp":"2026-06-12T13:40:10.843244Z","level":"info","event":"Filling up the DagBag from /opt/airflow/dags/ingestion_dag.py","logger":"airflow.dag_processing.dagbag.BundleDagBag","filename":"dagbag.py","lineno":469}
{"timestamp":"2026-06-12T13:40:11.043588Z","level":"warning","event":"The `airflow.decorators.dag` attribute is deprecated. Please use `'airflow.sdk.dag'`.","category":"UserWarning","filename":"/opt/airflow/dags/ingestion_dag.py","lineno":1,"logger":"py.warnings"}
{"timestamp":"2026-06-12T13:40:11.043762Z","level":"warning","event":"The `airflow.decorators.task` attribute is deprecated. Please use `'airflow.sdk.task'`.","category":"UserWarning","filename":"/opt/airflow/dags/ingestion_dag.py","lineno":1,"logger":"py.warnings"}
{"timestamp":"2026-06-12T13:40:11.043872Z","level":"warning","event":"Import 'Dataset' directly from the airflow module is deprecated and will be removed in the future. Please import it from 'airflow.sdk.Asset'.","category":"UserWarning","filename":"/opt/airflow/dags/assets.py","lineno":1,"logger":"py.warnings"}
{"timestamp":"2026-06-12T13:40:43.478623Z","level":"info","event":"Filling up the DagBag from /opt/airflow/dags/ingestion_dag.py","logger":"airflow.dag_processing.dagbag.BundleDagBag","filename":"dagbag.py","lineno":469}
{"timestamp":"2026-06-12T13:40:43.679837Z","level":"warning","event":"The `airflow.decorators.dag` attribute is deprecated. Please use `'airflow.sdk.dag'`.","category":"UserWarning","filename":"/opt/airflow/dags/ingestion_dag.py","lineno":1,"logger":"py.warnings"}
{"timestamp":"2026-06-12T13:40:43.680022Z","level":"warning","event":"The `airflow.decorators.task` attribute is deprecated. Please use `'airflow.sdk.task'`.","category":"UserWarning","filename":"/opt/airflow/dags/ingestion_dag.py","lineno":1,"logger":"py.warnings"}
{"timestamp":"2026-06-12T13:40:43.680104Z","level":"warning","event":"Import 'Dataset' directly from the airflow module is deprecated and will be removed in the future. Please import it from 'airflow.sdk.Asset'.","category":"UserWarning","filename":"/opt/airflow/dags/assets.py","lineno":1,"logger":"py.warnings"}
{"timestamp":"2026-06-12T13:41:16.061018Z","level":"info","event":"Filling up the DagBag from /opt/airflow/dags/ingestion_dag.py","logger":"airflow.dag_processing.dagbag.BundleDagBag","filename":"dagbag.py","lineno":469}
{"timestamp":"2026-06-12T13:41:16.291826Z","level":"warning","event":"The `airflow.decorators.dag` attribute is deprecated. Please use `'airflow.sdk.dag'`.","category":"UserWarning","filename":"/opt/airflow/dags/ingestion_dag.py","lineno":1,"logger":"py.warnings"}
{"timestamp":"2026-06-12T13:41:16.291984Z","level":"warning","event":"The `airflow.decorators.task` attribute is deprecated. Please use `'airflow.sdk.task'`.","category":"UserWarning","filename":"/opt/airflow/dags/ingestion_dag.py","lineno":1,"logger":"py.warnings"}
{"timestamp":"2026-06-12T13:41:16.292091Z","level":"warning","event":"Import 'Dataset' directly from the airflow module is deprecated and will be removed in the future. Please import it from 'airflow.sdk.Asset'.","category":"UserWarning","filename":"/opt/airflow/dags/assets.py","lineno":1,"logger":"py.warnings"}
{"timestamp":"2026-06-12T13:41:49.578346Z","level":"info","event":"Filling up the DagBag from /opt/airflow/dags/ingestion_dag.py","logger":"airflow.dag_processing.dagbag.BundleDagBag","filename":"dagbag.py","lineno":469}
{"timestamp":"2026-06-12T13:41:49.867802Z","level":"warning","event":"The `airflow.decorators.dag` attribute is deprecated. Please use `'airflow.sdk.dag'`.","category":"UserWarning","filename":"/opt/airflow/dags/ingestion_dag.py","lineno":1,"logger":"py.warnings"}
{"timestamp":"2026-06-12T13:41:49.868008Z","level":"warning","event":"The `airflow.decorators.task` attribute is deprecated. Please use `'airflow.sdk.task'`.","category":"UserWarning","filename":"/opt/airflow/dags/ingestion_dag.py","lineno":1,"logger":"py.warnings"}
{"timestamp":"2026-06-12T13:41:49.868140Z","level":"warning","event":"Import 'Dataset' directly from the airflow module is deprecated and will be removed in the future. Please import it from 'airflow.sdk.Asset'.","category":"UserWarning","filename":"/opt/airflow/dags/assets.py","lineno":1,"logger":"py.warnings"}
{"timestamp":"2026-06-12T13:42:20.003436Z","level":"info","event":"Filling up the DagBag from /opt/airflow/dags/ingestion_dag.py","logger":"airflow.dag_processing.dagbag.BundleDagBag","filename":"dagbag.py","lineno":469}
{"timestamp":"2026-06-12T13:42:20.277748Z","level":"warning","event":"The `airflow.decorators.dag` attribute is deprecated. Please use `'airflow.sdk.dag'`.","category":"UserWarning","filename":"/opt/airflow/dags/ingestion_dag.py","lineno":1,"logger":"py.warnings"}
{"timestamp":"2026-06-12T13:42:20.277907Z","level":"warning","event":"The `airflow.decorators.task` attribute is deprecated. Please use `'airflow.sdk.task'`.","category":"UserWarning","filename":"/opt/airflow/dags/ingestion_dag.py","lineno":1,"logger":"py.warnings"}
{"timestamp":"2026-06-12T13:42:20.277982Z","level":"warning","event":"Import 'Dataset' directly from the airflow module is deprecated and will be removed in the future. Please import it from 'airflow.sdk.Asset'.","category":"UserWarning","filename":"/opt/airflow/dags/assets.py","lineno":1,"logger":"py.warnings"}
{"timestamp":"2026-06-12T13:42:52.538696Z","level":"info","event":"Filling up the DagBag from /opt/airflow/dags/ingestion_dag.py","logger":"airflow.dag_processing.dagbag.BundleDagBag","filename":"dagbag.py","lineno":469}
{"timestamp":"2026-06-12T13:42:52.729845Z","level":"warning","event":"The `airflow.decorators.dag` attribute is deprecated. Please use `'airflow.sdk.dag'`.","category":"UserWarning","filename":"/opt/airflow/dags/ingestion_dag.py","lineno":1,"logger":"py.warnings"}
{"timestamp":"2026-06-12T13:42:52.730024Z","level":"warning","event":"The `airflow.decorators.task` attribute is deprecated. Please use `'airflow.sdk.task'`.","category":"UserWarning","filename":"/opt/airflow/dags/ingestion_dag.py","lineno":1,"logger":"py.warnings"}
{"timestamp":"2026-06-12T13:42:52.730131Z","level":"warning","event":"Import 'Dataset' directly from the airflow module is deprecated and will be removed in the future. Please import it from 'airflow.sdk.Asset'.","category":"UserWarning","filename":"/opt/airflow/dags/assets.py","lineno":1,"logger":"py.warnings"}
{"timestamp":"2026-06-12T13:43:08.256174Z","level":"info","event":"Filling up the DagBag from /opt/airflow/dags/ingestion_dag.py","logger":"airflow.dag_processing.dagbag.BundleDagBag","filename":"dagbag.py","lineno":469}
{"timestamp":"2026-06-12T13:43:08.487419Z","level":"warning","event":"The `airflow.decorators.dag` attribute is deprecated. Please use `'airflow.sdk.dag'`.","category":"UserWarning","filename":"/opt/airflow/dags/ingestion_dag.py","lineno":1,"logger":"py.warnings"}
{"timestamp":"2026-06-12T13:43:08.487588Z","level":"warning","event":"The `airflow.decorators.task` attribute is deprecated. Please use `'airflow.sdk.task'`.","category":"UserWarning","filename":"/opt/airflow/dags/ingestion_dag.py","lineno":1,"logger":"py.warnings"}
{"timestamp":"2026-06-12T13:43:08.487667Z","level":"warning","event":"Import 'Dataset' directly from the airflow module is deprecated and will be removed in the future. Please import it from 'airflow.sdk.Asset'.","category":"UserWarning","filename":"/opt/airflow/dags/assets.py","lineno":1,"logger":"py.warnings"}
{"timestamp":"2026-06-12T13:43:38.946304Z","level":"info","event":"Filling up the DagBag from /opt/airflow/dags/ingestion_dag.py","logger":"airflow.dag_processing.dagbag.BundleDagBag","filename":"dagbag.py","lineno":469}
{"timestamp":"2026-06-12T13:43:39.154627Z","level":"warning","event":"The `airflow.decorators.dag` attribute is deprecated. Please use `'airflow.sdk.dag'`.","category":"UserWarning","filename":"/opt/airflow/dags/ingestion_dag.py","lineno":1,"logger":"py.warnings"}
{"timestamp":"2026-06-12T13:43:39.154778Z","level":"warning","event":"The `airflow.decorators.task` attribute is deprecated. Please use `'airflow.sdk.task'`.","category":"UserWarning","filename":"/opt/airflow/dags/ingestion_dag.py","lineno":1,"logger":"py.warnings"}
{"timestamp":"2026-06-12T13:43:39.154858Z","level":"warning","event":"Import 'Dataset' directly from the airflow module is deprecated and will be removed in the future. Please import it from 'airflow.sdk.Asset'.","category":"UserWarning","filename":"/opt/airflow/dags/assets.py","lineno":1,"logger":"py.warnings"}
{"timestamp":"2026-06-12T13:44:09.674313Z","level":"info","event":"Filling up the DagBag from /opt/airflow/dags/ingestion_dag.py","logger":"airflow.dag_processing.dagbag.BundleDagBag","filename":"dagbag.py","lineno":469}
{"timestamp":"2026-06-12T13:44:09.843834Z","level":"warning","event":"The `airflow.decorators.dag` attribute is deprecated. Please use `'airflow.sdk.dag'`.","category":"UserWarning","filename":"/opt/airflow/dags/ingestion_dag.py","lineno":1,"logger":"py.warnings"}
{"timestamp":"2026-06-12T13:44:09.843981Z","level":"warning","event":"The `airflow.decorators.task` attribute is deprecated. Please use `'airflow.sdk.task'`.","category":"UserWarning","filename":"/opt/airflow/dags/ingestion_dag.py","lineno":1,"logger":"py.warnings"}
{"timestamp":"2026-06-12T13:44:09.844054Z","level":"warning","event":"Import 'Dataset' directly from the airflow module is deprecated and will be removed in the future. Please import it from 'airflow.sdk.Asset'.","category":"UserWarning","filename":"/opt/airflow/dags/assets.py","lineno":1,"logger":"py.warnings"}
{"timestamp":"2026-06-12T13:44:40.273180Z","level":"info","event":"Filling up the DagBag from /opt/airflow/dags/ingestion_dag.py","logger":"airflow.dag_processing.dagbag.BundleDagBag","filename":"dagbag.py","lineno":469}
{"timestamp":"2026-06-12T13:44:40.441982Z","level":"warning","event":"The `airflow.decorators.dag` attribute is deprecated. Please use `'airflow.sdk.dag'`.","category":"UserWarning","filename":"/opt/airflow/dags/ingestion_dag.py","lineno":1,"logger":"py.warnings"}
{"timestamp":"2026-06-12T13:44:40.442128Z","level":"warning","event":"The `airflow.decorators.task` attribute is deprecated. Please use `'airflow.sdk.task'`.","category":"UserWarning","filename":"/opt/airflow/dags/ingestion_dag.py","lineno":1,"logger":"py.warnings"}
{"timestamp":"2026-06-12T13:44:40.442215Z","level":"warning","event":"Import 'Dataset' directly from the airflow module is deprecated and will be removed in the future. Please import it from 'airflow.sdk.Asset'.","category":"UserWarning","filename":"/opt/airflow/dags/assets.py","lineno":1,"logger":"py.warnings"}
{"timestamp":"2026-06-12T13:45:10.850134Z","level":"info","event":"Filling up the DagBag from /opt/airflow/dags/ingestion_dag.py","logger":"airflow.dag_processing.dagbag.BundleDagBag","filename":"dagbag.py","lineno":469}
{"timestamp":"2026-06-12T13:45:11.026490Z","level":"warning","event":"The `airflow.decorators.dag` attribute is deprecated. Please use `'airflow.sdk.dag'`.","category":"UserWarning","filename":"/opt/airflow/dags/ingestion_dag.py","lineno":1,"logger":"py.warnings"}
{"timestamp":"2026-06-12T13:45:11.026638Z","level":"warning","event":"The `airflow.decorators.task` attribute is deprecated. Please use `'airflow.sdk.task'`.","category":"UserWarning","filename":"/opt/airflow/dags/ingestion_dag.py","lineno":1,"logger":"py.warnings"}
{"timestamp":"2026-06-12T13:45:11.026720Z","level":"warning","event":"Import 'Dataset' directly from the airflow module is deprecated and will be removed in the future. Please import it from 'airflow.sdk.Asset'.","category":"UserWarning","filename":"/opt/airflow/dags/assets.py","lineno":1,"logger":"py.warnings"}
{"timestamp":"2026-06-12T13:46:16.916284Z","level":"info","event":"Filling up the DagBag from /opt/airflow/dags/ingestion_dag.py","logger":"airflow.dag_processing.dagbag.BundleDagBag","filename":"dagbag.py","lineno":469}
{"timestamp":"2026-06-12T13:46:18.522893Z","level":"warning","event":"The `airflow.decorators.dag` attribute is deprecated. Please use `'airflow.sdk.dag'`.","category":"UserWarning","filename":"/opt/airflow/dags/ingestion_dag.py","lineno":1,"logger":"py.warnings"}
{"timestamp":"2026-06-12T13:46:18.523044Z","level":"warning","event":"The `airflow.decorators.task` attribute is deprecated. Please use `'airflow.sdk.task'`.","category":"UserWarning","filename":"/opt/airflow/dags/ingestion_dag.py","lineno":1,"logger":"py.warnings"}
{"timestamp":"2026-06-12T13:46:18.523117Z","level":"warning","event":"Import 'Dataset' directly from the airflow module is deprecated and will be removed in the future. Please import it from 'airflow.sdk.Asset'.","category":"UserWarning","filename":"/opt/airflow/dags/assets.py","lineno":1,"logger":"py.warnings"}
{"timestamp":"2026-06-12T13:46:48.780526Z","level":"info","event":"Filling up the DagBag from /opt/airflow/dags/ingestion_dag.py","logger":"airflow.dag_processing.dagbag.BundleDagBag","filename":"dagbag.py","lineno":469}
{"timestamp":"2026-06-12T13:46:48.991684Z","level":"warning","event":"The `airflow.decorators.dag` attribute is deprecated. Please use `'airflow.sdk.dag'`.","category":"UserWarning","filename":"/opt/airflow/dags/ingestion_dag.py","lineno":1,"logger":"py.warnings"}
{"timestamp":"2026-06-12T13:46:48.991859Z","level":"warning","event":"The `airflow.decorators.task` attribute is deprecated. Please use `'airflow.sdk.task'`.","category":"UserWarning","filename":"/opt/airflow/dags/ingestion_dag.py","lineno":1,"logger":"py.warnings"}
{"timestamp":"2026-06-12T13:46:48.991966Z","level":"warning","event":"Import 'Dataset' directly from the airflow module is deprecated and will be removed in the future. Please import it from 'airflow.sdk.Asset'.","category":"UserWarning","filename":"/opt/airflow/dags/assets.py","lineno":1,"logger":"py.warnings"}
{"timestamp":"2026-06-12T13:47:19.246124Z","level":"info","event":"Filling up the DagBag from /opt/airflow/dags/ingestion_dag.py","logger":"airflow.dag_processing.dagbag.BundleDagBag","filename":"dagbag.py","lineno":469}
{"timestamp":"2026-06-12T13:47:19.537980Z","level":"warning","event":"The `airflow.decorators.dag` attribute is deprecated. Please use `'airflow.sdk.dag'`.","category":"UserWarning","filename":"/opt/airflow/dags/ingestion_dag.py","lineno":1,"logger":"py.warnings"}
{"timestamp":"2026-06-12T13:47:19.538200Z","level":"warning","event":"The `airflow.decorators.task` attribute is deprecated. Please use `'airflow.sdk.task'`.","category":"UserWarning","filename":"/opt/airflow/dags/ingestion_dag.py","lineno":1,"logger":"py.warnings"}
{"timestamp":"2026-06-12T13:47:19.538309Z","level":"warning","event":"Import 'Dataset' directly from the airflow module is deprecated and will be removed in the future. Please import it from 'airflow.sdk.Asset'.","category":"UserWarning","filename":"/opt/airflow/dags/assets.py","lineno":1,"logger":"py.warnings"}
{"timestamp":"2026-06-12T13:47:49.948979Z","level":"info","event":"Filling up the DagBag from /opt/airflow/dags/ingestion_dag.py","logger":"airflow.dag_processing.dagbag.BundleDagBag","filename":"dagbag.py","lineno":469}
{"timestamp":"2026-06-12T13:47:50.147815Z","level":"warning","event":"The `airflow.decorators.dag` attribute is deprecated. Please use `'airflow.sdk.dag'`.","category":"UserWarning","filename":"/opt/airflow/dags/ingestion_dag.py","lineno":1,"logger":"py.warnings"}
{"timestamp":"2026-06-12T13:47:50.147981Z","level":"warning","event":"The `airflow.decorators.task` attribute is deprecated. Please use `'airflow.sdk.task'`.","category":"UserWarning","filename":"/opt/airflow/dags/ingestion_dag.py","lineno":1,"logger":"py.warnings"}
{"timestamp":"2026-06-12T13:47:50.148090Z","level":"warning","event":"Import 'Dataset' directly from the airflow module is deprecated and will be removed in the future. Please import it from 'airflow.sdk.Asset'.","category":"UserWarning","filename":"/opt/airflow/dags/assets.py","lineno":1,"logger":"py.warnings"}
{"timestamp":"2026-06-12T13:48:20.297916Z","level":"info","event":"Filling up the DagBag from /opt/airflow/dags/ingestion_dag.py","logger":"airflow.dag_processing.dagbag.BundleDagBag","filename":"dagbag.py","lineno":469}
{"timestamp":"2026-06-12T13:48:20.475446Z","level":"warning","event":"The `airflow.decorators.dag` attribute is deprecated. Please use `'airflow.sdk.dag'`.","category":"UserWarning","filename":"/opt/airflow/dags/ingestion_dag.py","lineno":1,"logger":"py.warnings"}
{"timestamp":"2026-06-12T13:48:20.475638Z","level":"warning","event":"The `airflow.decorators.task` attribute is deprecated. Please use `'airflow.sdk.task'`.","category":"UserWarning","filename":"/opt/airflow/dags/ingestion_dag.py","lineno":1,"logger":"py.warnings"}
{"timestamp":"2026-06-12T13:48:20.475751Z","level":"warning","event":"Import 'Dataset' directly from the airflow module is deprecated and will be removed in the future. Please import it from 'airflow.sdk.Asset'.","category":"UserWarning","filename":"/opt/airflow/dags/assets.py","lineno":1,"logger":"py.warnings"}
{"timestamp":"2026-06-12T13:48:52.765684Z","level":"info","event":"Filling up the DagBag from /opt/airflow/dags/ingestion_dag.py","logger":"airflow.dag_processing.dagbag.BundleDagBag","filename":"dagbag.py","lineno":469}
{"timestamp":"2026-06-12T13:48:52.947179Z","level":"warning","event":"The `airflow.decorators.dag` attribute is deprecated. Please use `'airflow.sdk.dag'`.","category":"UserWarning","filename":"/opt/airflow/dags/ingestion_dag.py","lineno":1,"logger":"py.warnings"}
{"timestamp":"2026-06-12T13:48:52.947371Z","level":"warning","event":"The `airflow.decorators.task` attribute is deprecated. Please use `'airflow.sdk.task'`.","category":"UserWarning","filename":"/opt/airflow/dags/ingestion_dag.py","lineno":1,"logger":"py.warnings"}
{"timestamp":"2026-06-12T13:48:52.947482Z","level":"warning","event":"Import 'Dataset' directly from the airflow module is deprecated and will be removed in the future. Please import it from 'airflow.sdk.Asset'.","category":"UserWarning","filename":"/opt/airflow/dags/assets.py","lineno":1,"logger":"py.warnings"}
{"timestamp":"2026-06-12T13:49:25.257501Z","level":"info","event":"Filling up the DagBag from /opt/airflow/dags/ingestion_dag.py","logger":"airflow.dag_processing.dagbag.BundleDagBag","filename":"dagbag.py","lineno":469}
{"timestamp":"2026-06-12T13:49:25.447905Z","level":"warning","event":"The `airflow.decorators.dag` attribute is deprecated. Please use `'airflow.sdk.dag'`.","category":"UserWarning","filename":"/opt/airflow/dags/ingestion_dag.py","lineno":1,"logger":"py.warnings"}
{"timestamp":"2026-06-12T13:49:25.448080Z","level":"warning","event":"The `airflow.decorators.task` attribute is deprecated. Please use `'airflow.sdk.task'`.","category":"UserWarning","filename":"/opt/airflow/dags/ingestion_dag.py","lineno":1,"logger":"py.warnings"}
{"timestamp":"2026-06-12T13:49:25.448206Z","level":"warning","event":"Import 'Dataset' directly from the airflow module is deprecated and will be removed in the future. Please import it from 'airflow.sdk.Asset'.","category":"UserWarning","filename":"/opt/airflow/dags/assets.py","lineno":1,"logger":"py.warnings"}
{"timestamp":"2026-06-12T13:49:58.855340Z","level":"info","event":"Filling up the DagBag from /opt/airflow/dags/ingestion_dag.py","logger":"airflow.dag_processing.dagbag.BundleDagBag","filename":"dagbag.py","lineno":469}
{"timestamp":"2026-06-12T13:49:59.071997Z","level":"warning","event":"The `airflow.decorators.dag` attribute is deprecated. Please use `'airflow.sdk.dag'`.","category":"UserWarning","filename":"/opt/airflow/dags/ingestion_dag.py","lineno":1,"logger":"py.warnings"}
{"timestamp":"2026-06-12T13:49:59.072179Z","level":"warning","event":"The `airflow.decorators.task` attribute is deprecated. Please use `'airflow.sdk.task'`.","category":"UserWarning","filename":"/opt/airflow/dags/ingestion_dag.py","lineno":1,"logger":"py.warnings"}
{"timestamp":"2026-06-12T13:49:59.072289Z","level":"warning","event":"Import 'Dataset' directly from the airflow module is deprecated and will be removed in the future. Please import it from 'airflow.sdk.Asset'.","category":"UserWarning","filename":"/opt/airflow/dags/assets.py","lineno":1,"logger":"py.warnings"}
{"timestamp":"2026-06-12T13:50:29.761563Z","level":"info","event":"Filling up the DagBag from /opt/airflow/dags/ingestion_dag.py","logger":"airflow.dag_processing.dagbag.BundleDagBag","filename":"dagbag.py","lineno":469}
{"timestamp":"2026-06-12T13:50:30.049342Z","level":"warning","event":"The `airflow.decorators.dag` attribute is deprecated. Please use `'airflow.sdk.dag'`.","category":"UserWarning","filename":"/opt/airflow/dags/ingestion_dag.py","lineno":1,"logger":"py.warnings"}
{"timestamp":"2026-06-12T13:50:30.049677Z","level":"warning","event":"The `airflow.decorators.task` attribute is deprecated. Please use `'airflow.sdk.task'`.","category":"UserWarning","filename":"/opt/airflow/dags/ingestion_dag.py","lineno":1,"logger":"py.warnings"}
{"timestamp":"2026-06-12T13:50:30.049782Z","level":"warning","event":"Import 'Dataset' directly from the airflow module is deprecated and will be removed in the future. Please import it from 'airflow.sdk.Asset'.","category":"UserWarning","filename":"/opt/airflow/dags/assets.py","lineno":1,"logger":"py.warnings"}
{"timestamp":"2026-06-12T13:51:01.725910Z","level":"info","event":"Filling up the DagBag from /opt/airflow/dags/ingestion_dag.py","logger":"airflow.dag_processing.dagbag.BundleDagBag","filename":"dagbag.py","lineno":469}
{"timestamp":"2026-06-12T13:51:01.909337Z","level":"warning","event":"The `airflow.decorators.dag` attribute is deprecated. Please use `'airflow.sdk.dag'`.","category":"UserWarning","filename":"/opt/airflow/dags/ingestion_dag.py","lineno":1,"logger":"py.warnings"}
{"timestamp":"2026-06-12T13:51:01.909533Z","level":"warning","event":"The `airflow.decorators.task` attribute is deprecated. Please use `'airflow.sdk.task'`.","category":"UserWarning","filename":"/opt/airflow/dags/ingestion_dag.py","lineno":1,"logger":"py.warnings"}
{"timestamp":"2026-06-12T13:51:01.909644Z","level":"warning","event":"Import 'Dataset' directly from the airflow module is deprecated and will be removed in the future. Please import it from 'airflow.sdk.Asset'.","category":"UserWarning","filename":"/opt/airflow/dags/assets.py","lineno":1,"logger":"py.warnings"}
{"timestamp":"2026-06-12T13:51:35.308538Z","level":"info","event":"Filling up the DagBag from /opt/airflow/dags/ingestion_dag.py","logger":"airflow.dag_processing.dagbag.BundleDagBag","filename":"dagbag.py","lineno":469}
{"timestamp":"2026-06-12T13:51:35.495951Z","level":"warning","event":"The `airflow.decorators.dag` attribute is deprecated. Please use `'airflow.sdk.dag'`.","category":"UserWarning","filename":"/opt/airflow/dags/ingestion_dag.py","lineno":1,"logger":"py.warnings"}
{"timestamp":"2026-06-12T13:51:35.496108Z","level":"warning","event":"The `airflow.decorators.task` attribute is deprecated. Please use `'airflow.sdk.task'`.","category":"UserWarning","filename":"/opt/airflow/dags/ingestion_dag.py","lineno":1,"logger":"py.warnings"}
{"timestamp":"2026-06-12T13:51:35.496215Z","level":"warning","event":"Import 'Dataset' directly from the airflow module is deprecated and will be removed in the future. Please import it from 'airflow.sdk.Asset'.","category":"UserWarning","filename":"/opt/airflow/dags/assets.py","lineno":1,"logger":"py.warnings"}
{"timestamp":"2026-06-12T13:52:07.851299Z","level":"info","event":"Filling up the DagBag from /opt/airflow/dags/ingestion_dag.py","logger":"airflow.dag_processing.dagbag.BundleDagBag","filename":"dagbag.py","lineno":469}
{"timestamp":"2026-06-12T13:52:08.028261Z","level":"warning","event":"The `airflow.decorators.dag` attribute is deprecated. Please use `'airflow.sdk.dag'`.","category":"UserWarning","filename":"/opt/airflow/dags/ingestion_dag.py","lineno":1,"logger":"py.warnings"}
{"timestamp":"2026-06-12T13:52:08.028405Z","level":"warning","event":"The `airflow.decorators.task` attribute is deprecated. Please use `'airflow.sdk.task'`.","category":"UserWarning","filename":"/opt/airflow/dags/ingestion_dag.py","lineno":1,"logger":"py.warnings"}
{"timestamp":"2026-06-12T13:52:08.028479Z","level":"warning","event":"Import 'Dataset' directly from the airflow module is deprecated and will be removed in the future. Please import it from 'airflow.sdk.Asset'.","category":"UserWarning","filename":"/opt/airflow/dags/assets.py","lineno":1,"logger":"py.warnings"}
{"timestamp":"2026-06-12T13:52:40.425198Z","level":"info","event":"Filling up the DagBag from /opt/airflow/dags/ingestion_dag.py","logger":"airflow.dag_processing.dagbag.BundleDagBag","filename":"dagbag.py","lineno":469}
{"timestamp":"2026-06-12T13:52:40.663456Z","level":"warning","event":"The `airflow.decorators.dag` attribute is deprecated. Please use `'airflow.sdk.dag'`.","category":"UserWarning","filename":"/opt/airflow/dags/ingestion_dag.py","lineno":1,"logger":"py.warnings"}
{"timestamp":"2026-06-12T13:52:40.663912Z","level":"warning","event":"The `airflow.decorators.task` attribute is deprecated. Please use `'airflow.sdk.task'`.","category":"UserWarning","filename":"/opt/airflow/dags/ingestion_dag.py","lineno":1,"logger":"py.warnings"}
{"timestamp":"2026-06-12T13:52:40.664136Z","level":"warning","event":"Import 'Dataset' directly from the airflow module is deprecated and will be removed in the future. Please import it from 'airflow.sdk.Asset'.","category":"UserWarning","filename":"/opt/airflow/dags/assets.py","lineno":1,"logger":"py.warnings"}
{"timestamp":"2026-06-12T13:53:12.939807Z","level":"info","event":"Filling up the DagBag from /opt/airflow/dags/ingestion_dag.py","logger":"airflow.dag_processing.dagbag.BundleDagBag","filename":"dagbag.py","lineno":469}
{"timestamp":"2026-06-12T13:53:13.126725Z","level":"warning","event":"The `airflow.decorators.dag` attribute is deprecated. Please use `'airflow.sdk.dag'`.","category":"UserWarning","filename":"/opt/airflow/dags/ingestion_dag.py","lineno":1,"logger":"py.warnings"}
{"timestamp":"2026-06-12T13:53:13.126912Z","level":"warning","event":"The `airflow.decorators.task` attribute is deprecated. Please use `'airflow.sdk.task'`.","category":"UserWarning","filename":"/opt/airflow/dags/ingestion_dag.py","lineno":1,"logger":"py.warnings"}
{"timestamp":"2026-06-12T13:53:13.127022Z","level":"warning","event":"Import 'Dataset' directly from the airflow module is deprecated and will be removed in the future. Please import it from 'airflow.sdk.Asset'.","category":"UserWarning","filename":"/opt/airflow/dags/assets.py","lineno":1,"logger":"py.warnings"}
{"timestamp":"2026-06-12T14:04:28.098635Z","level":"info","event":"Filling up the DagBag from /opt/airflow/dags/ingestion_dag.py","logger":"airflow.dag_processing.dagbag.BundleDagBag","filename":"dagbag.py","lineno":469}
{"timestamp":"2026-06-12T14:04:28.187312Z","level":"warning","event":"The `airflow.decorators.dag` attribute is deprecated. Please use `'airflow.sdk.dag'`.","category":"UserWarning","filename":"/opt/airflow/dags/ingestion_dag.py","lineno":1,"logger":"py.warnings"}
{"timestamp":"2026-06-12T14:04:28.187434Z","level":"warning","event":"The `airflow.decorators.task` attribute is deprecated. Please use `'airflow.sdk.task'`.","category":"UserWarning","filename":"/opt/airflow/dags/ingestion_dag.py","lineno":1,"logger":"py.warnings"}
{"timestamp":"2026-06-12T14:04:28.187506Z","level":"warning","event":"Import 'Dataset' directly from the airflow module is deprecated and will be removed in the future. Please import it from 'airflow.sdk.Asset'.","category":"UserWarning","filename":"/opt/airflow/dags/assets.py","lineno":1,"logger":"py.warnings"}
{"timestamp":"2026-06-12T14:04:59.569591Z","level":"info","event":"Filling up the DagBag from /opt/airflow/dags/ingestion_dag.py","logger":"airflow.dag_processing.dagbag.BundleDagBag","filename":"dagbag.py","lineno":469}
{"timestamp":"2026-06-12T14:04:59.628432Z","level":"warning","event":"The `airflow.decorators.dag` attribute is deprecated. Please use `'airflow.sdk.dag'`.","category":"UserWarning","filename":"/opt/airflow/dags/ingestion_dag.py","lineno":1,"logger":"py.warnings"}
{"timestamp":"2026-06-12T14:04:59.628592Z","level":"warning","event":"The `airflow.decorators.task` attribute is deprecated. Please use `'airflow.sdk.task'`.","category":"UserWarning","filename":"/opt/airflow/dags/ingestion_dag.py","lineno":1,"logger":"py.warnings"}
{"timestamp":"2026-06-12T14:04:59.628672Z","level":"warning","event":"Import 'Dataset' directly from the airflow module is deprecated and will be removed in the future. Please import it from 'airflow.sdk.Asset'.","category":"UserWarning","filename":"/opt/airflow/dags/assets.py","lineno":1,"logger":"py.warnings"}
{"timestamp":"2026-06-12T14:05:30.248429Z","level":"info","event":"Filling up the DagBag from /opt/airflow/dags/ingestion_dag.py","logger":"airflow.dag_processing.dagbag.BundleDagBag","filename":"dagbag.py","lineno":469}
{"timestamp":"2026-06-12T14:05:30.387992Z","level":"warning","event":"The `airflow.decorators.dag` attribute is deprecated. Please use `'airflow.sdk.dag'`.","category":"UserWarning","filename":"/opt/airflow/dags/ingestion_dag.py","lineno":1,"logger":"py.warnings"}
{"timestamp":"2026-06-12T14:05:30.388140Z","level":"warning","event":"The `airflow.decorators.task` attribute is deprecated. Please use `'airflow.sdk.task'`.","category":"UserWarning","filename":"/opt/airflow/dags/ingestion_dag.py","lineno":1,"logger":"py.warnings"}
{"timestamp":"2026-06-12T14:05:30.388218Z","level":"warning","event":"Import 'Dataset' directly from the airflow module is deprecated and will be removed in the future. Please import it from 'airflow.sdk.Asset'.","category":"UserWarning","filename":"/opt/airflow/dags/assets.py","lineno":1,"logger":"py.warnings"}
{"timestamp":"2026-06-12T14:06:45.943777Z","level":"info","event":"Filling up the DagBag from /opt/airflow/dags/ingestion_dag.py","logger":"airflow.dag_processing.dagbag.BundleDagBag","filename":"dagbag.py","lineno":469}
{"timestamp":"2026-06-12T14:06:46.046420Z","level":"warning","event":"The `airflow.decorators.dag` attribute is deprecated. Please use `'airflow.sdk.dag'`.","category":"UserWarning","filename":"/opt/airflow/dags/ingestion_dag.py","lineno":1,"logger":"py.warnings"}
{"timestamp":"2026-06-12T14:06:46.046609Z","level":"warning","event":"The `airflow.decorators.task` attribute is deprecated. Please use `'airflow.sdk.task'`.","category":"UserWarning","filename":"/opt/airflow/dags/ingestion_dag.py","lineno":1,"logger":"py.warnings"}
{"timestamp":"2026-06-12T14:06:46.046731Z","level":"warning","event":"Import 'Dataset' directly from the airflow module is deprecated and will be removed in the future. Please import it from 'airflow.sdk.Asset'.","category":"UserWarning","filename":"/opt/airflow/dags/assets.py","lineno":1,"logger":"py.warnings"}
{"timestamp":"2026-06-12T14:07:17.492911Z","level":"info","event":"Filling up the DagBag from /opt/airflow/dags/ingestion_dag.py","logger":"airflow.dag_processing.dagbag.BundleDagBag","filename":"dagbag.py","lineno":469}
{"timestamp":"2026-06-12T14:07:17.554919Z","level":"warning","event":"The `airflow.decorators.dag` attribute is deprecated. Please use `'airflow.sdk.dag'`.","category":"UserWarning","filename":"/opt/airflow/dags/ingestion_dag.py","lineno":1,"logger":"py.warnings"}
{"timestamp":"2026-06-12T14:07:17.555227Z","level":"warning","event":"The `airflow.decorators.task` attribute is deprecated. Please use `'airflow.sdk.task'`.","category":"UserWarning","filename":"/opt/airflow/dags/ingestion_dag.py","lineno":1,"logger":"py.warnings"}
{"timestamp":"2026-06-12T14:07:17.555324Z","level":"warning","event":"Import 'Dataset' directly from the airflow module is deprecated and will be removed in the future. Please import it from 'airflow.sdk.Asset'.","category":"UserWarning","filename":"/opt/airflow/dags/assets.py","lineno":1,"logger":"py.warnings"}
{"timestamp":"2026-06-12T14:07:50.006444Z","level":"info","event":"Filling up the DagBag from /opt/airflow/dags/ingestion_dag.py","logger":"airflow.dag_processing.dagbag.BundleDagBag","filename":"dagbag.py","lineno":469}
{"timestamp":"2026-06-12T14:07:50.066401Z","level":"warning","event":"The `airflow.decorators.dag` attribute is deprecated. Please use `'airflow.sdk.dag'`.","category":"UserWarning","filename":"/opt/airflow/dags/ingestion_dag.py","lineno":1,"logger":"py.warnings"}
{"timestamp":"2026-06-12T14:07:50.066565Z","level":"warning","event":"The `airflow.decorators.task` attribute is deprecated. Please use `'airflow.sdk.task'`.","category":"UserWarning","filename":"/opt/airflow/dags/ingestion_dag.py","lineno":1,"logger":"py.warnings"}
{"timestamp":"2026-06-12T14:07:50.066654Z","level":"warning","event":"Import 'Dataset' directly from the airflow module is deprecated and will be removed in the future. Please import it from 'airflow.sdk.Asset'.","category":"UserWarning","filename":"/opt/airflow/dags/assets.py","lineno":1,"logger":"py.warnings"}
{"timestamp":"2026-06-12T14:08:20.892571Z","level":"info","event":"Filling up the DagBag from /opt/airflow/dags/ingestion_dag.py","logger":"airflow.dag_processing.dagbag.BundleDagBag","filename":"dagbag.py","lineno":469}
{"timestamp":"2026-06-12T14:08:20.947852Z","level":"warning","event":"The `airflow.decorators.dag` attribute is deprecated. Please use `'airflow.sdk.dag'`.","category":"UserWarning","filename":"/opt/airflow/dags/ingestion_dag.py","lineno":1,"logger":"py.warnings"}
{"timestamp":"2026-06-12T14:08:20.948020Z","level":"warning","event":"The `airflow.decorators.task` attribute is deprecated. Please use `'airflow.sdk.task'`.","category":"UserWarning","filename":"/opt/airflow/dags/ingestion_dag.py","lineno":1,"logger":"py.warnings"}
{"timestamp":"2026-06-12T14:08:20.948101Z","level":"warning","event":"Import 'Dataset' directly from the airflow module is deprecated and will be removed in the future. Please import it from 'airflow.sdk.Asset'.","category":"UserWarning","filename":"/opt/airflow/dags/assets.py","lineno":1,"logger":"py.warnings"}
{"timestamp":"2026-06-12T14:08:53.597086Z","level":"info","event":"Filling up the DagBag from /opt/airflow/dags/ingestion_dag.py","logger":"airflow.dag_processing.dagbag.BundleDagBag","filename":"dagbag.py","lineno":469}
{"timestamp":"2026-06-12T14:08:53.651232Z","level":"warning","event":"The `airflow.decorators.dag` attribute is deprecated. Please use `'airflow.sdk.dag'`.","category":"UserWarning","filename":"/opt/airflow/dags/ingestion_dag.py","lineno":1,"logger":"py.warnings"}
{"timestamp":"2026-06-12T14:08:53.651415Z","level":"warning","event":"The `airflow.decorators.task` attribute is deprecated. Please use `'airflow.sdk.task'`.","category":"UserWarning","filename":"/opt/airflow/dags/ingestion_dag.py","lineno":1,"logger":"py.warnings"}
{"timestamp":"2026-06-12T14:08:53.651503Z","level":"warning","event":"Import 'Dataset' directly from the airflow module is deprecated and will be removed in the future. Please import it from 'airflow.sdk.Asset'.","category":"UserWarning","filename":"/opt/airflow/dags/assets.py","lineno":1,"logger":"py.warnings"}
{"timestamp":"2026-06-12T14:09:27.166775Z","level":"info","event":"Filling up the DagBag from /opt/airflow/dags/ingestion_dag.py","logger":"airflow.dag_processing.dagbag.BundleDagBag","filename":"dagbag.py","lineno":469}
{"timestamp":"2026-06-12T14:09:27.223996Z","level":"warning","event":"The `airflow.decorators.dag` attribute is deprecated. Please use `'airflow.sdk.dag'`.","category":"UserWarning","filename":"/opt/airflow/dags/ingestion_dag.py","lineno":1,"logger":"py.warnings"}
{"timestamp":"2026-06-12T14:09:27.224162Z","level":"warning","event":"The `airflow.decorators.task` attribute is deprecated. Please use `'airflow.sdk.task'`.","category":"UserWarning","filename":"/opt/airflow/dags/ingestion_dag.py","lineno":1,"logger":"py.warnings"}
{"timestamp":"2026-06-12T14:09:27.224243Z","level":"warning","event":"Import 'Dataset' directly from the airflow module is deprecated and will be removed in the future. Please import it from 'airflow.sdk.Asset'.","category":"UserWarning","filename":"/opt/airflow/dags/assets.py","lineno":1,"logger":"py.warnings"}
{"timestamp":"2026-06-12T14:09:59.753065Z","level":"info","event":"Filling up the DagBag from /opt/airflow/dags/ingestion_dag.py","logger":"airflow.dag_processing.dagbag.BundleDagBag","filename":"dagbag.py","lineno":469}
{"timestamp":"2026-06-12T14:09:59.808788Z","level":"warning","event":"The `airflow.decorators.dag` attribute is deprecated. Please use `'airflow.sdk.dag'`.","category":"UserWarning","filename":"/opt/airflow/dags/ingestion_dag.py","lineno":1,"logger":"py.warnings"}
{"timestamp":"2026-06-12T14:09:59.808965Z","level":"warning","event":"The `airflow.decorators.task` attribute is deprecated. Please use `'airflow.sdk.task'`.","category":"UserWarning","filename":"/opt/airflow/dags/ingestion_dag.py","lineno":1,"logger":"py.warnings"}
{"timestamp":"2026-06-12T14:09:59.809108Z","level":"warning","event":"Import 'Dataset' directly from the airflow module is deprecated and will be removed in the future. Please import it from 'airflow.sdk.Asset'.","category":"UserWarning","filename":"/opt/airflow/dags/assets.py","lineno":1,"logger":"py.warnings"}
{"timestamp":"2026-06-12T14:10:32.230856Z","level":"info","event":"Filling up the DagBag from /opt/airflow/dags/ingestion_dag.py","logger":"airflow.dag_processing.dagbag.BundleDagBag","filename":"dagbag.py","lineno":469}
{"timestamp":"2026-06-12T14:10:32.308847Z","level":"warning","event":"The `airflow.decorators.dag` attribute is deprecated. Please use `'airflow.sdk.dag'`.","category":"UserWarning","filename":"/opt/airflow/dags/ingestion_dag.py","lineno":1,"logger":"py.warnings"}
{"timestamp":"2026-06-12T14:10:32.309156Z","level":"warning","event":"The `airflow.decorators.task` attribute is deprecated. Please use `'airflow.sdk.task'`.","category":"UserWarning","filename":"/opt/airflow/dags/ingestion_dag.py","lineno":1,"logger":"py.warnings"}
{"timestamp":"2026-06-12T14:10:32.309825Z","level":"warning","event":"Import 'Dataset' directly from the airflow module is deprecated and will be removed in the future. Please import it from 'airflow.sdk.Asset'.","category":"UserWarning","filename":"/opt/airflow/dags/assets.py","lineno":1,"logger":"py.warnings"}
{"timestamp":"2026-06-12T14:11:04.846112Z","level":"info","event":"Filling up the DagBag from /opt/airflow/dags/ingestion_dag.py","logger":"airflow.dag_processing.dagbag.BundleDagBag","filename":"dagbag.py","lineno":469}
{"timestamp":"2026-06-12T14:11:04.927552Z","level":"warning","event":"The `airflow.decorators.dag` attribute is deprecated. Please use `'airflow.sdk.dag'`.","category":"UserWarning","filename":"/opt/airflow/dags/ingestion_dag.py","lineno":1,"logger":"py.warnings"}
{"timestamp":"2026-06-12T14:11:04.927766Z","level":"warning","event":"The `airflow.decorators.task` attribute is deprecated. Please use `'airflow.sdk.task'`.","category":"UserWarning","filename":"/opt/airflow/dags/ingestion_dag.py","lineno":1,"logger":"py.warnings"}
{"timestamp":"2026-06-12T14:11:04.927890Z","level":"warning","event":"Import 'Dataset' directly from the airflow module is deprecated and will be removed in the future. Please import it from 'airflow.sdk.Asset'.","category":"UserWarning","filename":"/opt/airflow/dags/assets.py","lineno":1,"logger":"py.warnings"}
{"timestamp":"2026-06-12T14:11:37.501217Z","level":"info","event":"Filling up the DagBag from /opt/airflow/dags/ingestion_dag.py","logger":"airflow.dag_processing.dagbag.BundleDagBag","filename":"dagbag.py","lineno":469}
{"timestamp":"2026-06-12T14:11:37.554703Z","level":"warning","event":"The `airflow.decorators.dag` attribute is deprecated. Please use `'airflow.sdk.dag'`.","category":"UserWarning","filename":"/opt/airflow/dags/ingestion_dag.py","lineno":1,"logger":"py.warnings"}
{"timestamp":"2026-06-12T14:11:37.554846Z","level":"warning","event":"The `airflow.decorators.task` attribute is deprecated. Please use `'airflow.sdk.task'`.","category":"UserWarning","filename":"/opt/airflow/dags/ingestion_dag.py","lineno":1,"logger":"py.warnings"}
{"timestamp":"2026-06-12T14:11:37.554933Z","level":"warning","event":"Import 'Dataset' directly from the airflow module is deprecated and will be removed in the future. Please import it from 'airflow.sdk.Asset'.","category":"UserWarning","filename":"/opt/airflow/dags/assets.py","lineno":1,"logger":"py.warnings"}
{"timestamp":"2026-06-12T14:12:09.957739Z","level":"info","event":"Filling up the DagBag from /opt/airflow/dags/ingestion_dag.py","logger":"airflow.dag_processing.dagbag.BundleDagBag","filename":"dagbag.py","lineno":469}
{"timestamp":"2026-06-12T14:12:10.020899Z","level":"warning","event":"The `airflow.decorators.dag` attribute is deprecated. Please use `'airflow.sdk.dag'`.","category":"UserWarning","filename":"/opt/airflow/dags/ingestion_dag.py","lineno":1,"logger":"py.warnings"}
{"timestamp":"2026-06-12T14:12:10.021069Z","level":"warning","event":"The `airflow.decorators.task` attribute is deprecated. Please use `'airflow.sdk.task'`.","category":"UserWarning","filename":"/opt/airflow/dags/ingestion_dag.py","lineno":1,"logger":"py.warnings"}
{"timestamp":"2026-06-12T14:12:10.021155Z","level":"warning","event":"Import 'Dataset' directly from the airflow module is deprecated and will be removed in the future. Please import it from 'airflow.sdk.Asset'.","category":"UserWarning","filename":"/opt/airflow/dags/assets.py","lineno":1,"logger":"py.warnings"}
{"timestamp":"2026-06-12T14:12:43.509750Z","level":"info","event":"Filling up the DagBag from /opt/airflow/dags/ingestion_dag.py","logger":"airflow.dag_processing.dagbag.BundleDagBag","filename":"dagbag.py","lineno":469}
{"timestamp":"2026-06-12T14:12:43.562780Z","level":"warning","event":"The `airflow.decorators.dag` attribute is deprecated. Please use `'airflow.sdk.dag'`.","category":"UserWarning","filename":"/opt/airflow/dags/ingestion_dag.py","lineno":1,"logger":"py.warnings"}
{"timestamp":"2026-06-12T14:12:43.562941Z","level":"warning","event":"The `airflow.decorators.task` attribute is deprecated. Please use `'airflow.sdk.task'`.","category":"UserWarning","filename":"/opt/airflow/dags/ingestion_dag.py","lineno":1,"logger":"py.warnings"}
{"timestamp":"2026-06-12T14:12:43.563059Z","level":"warning","event":"Import 'Dataset' directly from the airflow module is deprecated and will be removed in the future. Please import it from 'airflow.sdk.Asset'.","category":"UserWarning","filename":"/opt/airflow/dags/assets.py","lineno":1,"logger":"py.warnings"}
{"timestamp":"2026-06-12T14:13:15.418792Z","level":"info","event":"Filling up the DagBag from /opt/airflow/dags/ingestion_dag.py","logger":"airflow.dag_processing.dagbag.BundleDagBag","filename":"dagbag.py","lineno":469}
{"timestamp":"2026-06-12T14:13:15.520991Z","level":"warning","event":"The `airflow.decorators.dag` attribute is deprecated. Please use `'airflow.sdk.dag'`.","category":"UserWarning","filename":"/opt/airflow/dags/ingestion_dag.py","lineno":1,"logger":"py.warnings"}
{"timestamp":"2026-06-12T14:13:15.521183Z","level":"warning","event":"The `airflow.decorators.task` attribute is deprecated. Please use `'airflow.sdk.task'`.","category":"UserWarning","filename":"/opt/airflow/dags/ingestion_dag.py","lineno":1,"logger":"py.warnings"}
{"timestamp":"2026-06-12T14:13:15.521297Z","level":"warning","event":"Import 'Dataset' directly from the airflow module is deprecated and will be removed in the future. Please import it from 'airflow.sdk.Asset'.","category":"UserWarning","filename":"/opt/airflow/dags/assets.py","lineno":1,"logger":"py.warnings"}
{"timestamp":"2026-06-12T14:13:46.190237Z","level":"info","event":"Filling up the DagBag from /opt/airflow/dags/ingestion_dag.py","logger":"airflow.dag_processing.dagbag.BundleDagBag","filename":"dagbag.py","lineno":469}
{"timestamp":"2026-06-12T14:13:46.249566Z","level":"warning","event":"The `airflow.decorators.dag` attribute is deprecated. Please use `'airflow.sdk.dag'`.","category":"UserWarning","filename":"/opt/airflow/dags/ingestion_dag.py","lineno":1,"logger":"py.warnings"}
{"timestamp":"2026-06-12T14:13:46.249746Z","level":"warning","event":"The `airflow.decorators.task` attribute is deprecated. Please use `'airflow.sdk.task'`.","category":"UserWarning","filename":"/opt/airflow/dags/ingestion_dag.py","lineno":1,"logger":"py.warnings"}
{"timestamp":"2026-06-12T14:13:46.249838Z","level":"warning","event":"Import 'Dataset' directly from the airflow module is deprecated and will be removed in the future. Please import it from 'airflow.sdk.Asset'.","category":"UserWarning","filename":"/opt/airflow/dags/assets.py","lineno":1,"logger":"py.warnings"}
{"timestamp":"2026-06-12T14:14:18.824898Z","level":"info","event":"Filling up the DagBag from /opt/airflow/dags/ingestion_dag.py","logger":"airflow.dag_processing.dagbag.BundleDagBag","filename":"dagbag.py","lineno":469}
{"timestamp":"2026-06-12T14:14:18.891008Z","level":"warning","event":"The `airflow.decorators.dag` attribute is deprecated. Please use `'airflow.sdk.dag'`.","category":"UserWarning","filename":"/opt/airflow/dags/ingestion_dag.py","lineno":1,"logger":"py.warnings"}
{"timestamp":"2026-06-12T14:14:18.891180Z","level":"warning","event":"The `airflow.decorators.task` attribute is deprecated. Please use `'airflow.sdk.task'`.","category":"UserWarning","filename":"/opt/airflow/dags/ingestion_dag.py","lineno":1,"logger":"py.warnings"}
{"timestamp":"2026-06-12T14:14:18.891293Z","level":"warning","event":"Import 'Dataset' directly from the airflow module is deprecated and will be removed in the future. Please import it from 'airflow.sdk.Asset'.","category":"UserWarning","filename":"/opt/airflow/dags/assets.py","lineno":1,"logger":"py.warnings"}
{"timestamp":"2026-06-12T14:14:51.436005Z","level":"info","event":"Filling up the DagBag from /opt/airflow/dags/ingestion_dag.py","logger":"airflow.dag_processing.dagbag.BundleDagBag","filename":"dagbag.py","lineno":469}
{"timestamp":"2026-06-12T14:14:51.542693Z","level":"warning","event":"The `airflow.decorators.dag` attribute is deprecated. Please use `'airflow.sdk.dag'`.","category":"UserWarning","filename":"/opt/airflow/dags/ingestion_dag.py","lineno":1,"logger":"py.warnings"}
{"timestamp":"2026-06-12T14:14:51.542936Z","level":"warning","event":"The `airflow.decorators.task` attribute is deprecated. Please use `'airflow.sdk.task'`.","category":"UserWarning","filename":"/opt/airflow/dags/ingestion_dag.py","lineno":1,"logger":"py.warnings"}
{"timestamp":"2026-06-12T14:14:51.543030Z","level":"warning","event":"Import 'Dataset' directly from the airflow module is deprecated and will be removed in the future. Please import it from 'airflow.sdk.Asset'.","category":"UserWarning","filename":"/opt/airflow/dags/assets.py","lineno":1,"logger":"py.warnings"}
{"timestamp":"2026-06-12T14:15:23.508875Z","level":"info","event":"Filling up the DagBag from /opt/airflow/dags/ingestion_dag.py","logger":"airflow.dag_processing.dagbag.BundleDagBag","filename":"dagbag.py","lineno":469}
{"timestamp":"2026-06-12T14:15:23.563146Z","level":"error","event":"Failed to import: /opt/airflow/dags/ingestion_dag.py","logger":"airflow.dag_processing.importers.python_importer","filename":"python_importer.py","lineno":244,"error_detail":[{"exc_type":"ModuleNotFoundError","exc_value":"No module named 'airflow.sdk.asset'","exc_notes":[],"syntax_error":null,"is_cause":false,"frames":[{"filename":"/home/airflow/.local/lib/python3.13/site-packages/airflow/dag_processing/importers/python_importer.py","lineno":238,"name":"parse"},{"filename":"<frozen importlib._bootstrap_external>","lineno":1023,"name":"exec_module"},{"filename":"<frozen importlib._bootstrap>","lineno":488,"name":"_call_with_frames_removed"},{"filename":"/opt/airflow/dags/ingestion_dag.py","lineno":9,"name":"<module>"},{"filename":"/opt/airflow/dags/assets.py","lineno":1,"name":"<module>"}],"is_group":false,"exceptions":[]}]}
{"timestamp":"2026-06-12T14:15:23.569539Z","level":"error","event":"Error loading DAG from ingestion_dag.py: No module named 'airflow.sdk.asset'","logger":"airflow.dag_processing.dagbag.BundleDagBag","filename":"dagbag.py","lineno":327}
{"timestamp":"2026-06-12T14:15:23.569765Z","level":"warning","event":"The `airflow.decorators.dag` attribute is deprecated. Please use `'airflow.sdk.dag'`.","category":"UserWarning","filename":"/opt/airflow/dags/ingestion_dag.py","lineno":1,"logger":"py.warnings"}
{"timestamp":"2026-06-12T14:15:23.569887Z","level":"warning","event":"The `airflow.decorators.task` attribute is deprecated. Please use `'airflow.sdk.task'`.","category":"UserWarning","filename":"/opt/airflow/dags/ingestion_dag.py","lineno":1,"logger":"py.warnings"}
{"timestamp":"2026-06-12T14:15:54.244527Z","level":"info","event":"Filling up the DagBag from /opt/airflow/dags/ingestion_dag.py","logger":"airflow.dag_processing.dagbag.BundleDagBag","filename":"dagbag.py","lineno":469}
{"timestamp":"2026-06-12T14:15:54.299827Z","level":"error","event":"Failed to import: /opt/airflow/dags/ingestion_dag.py","logger":"airflow.dag_processing.importers.python_importer","filename":"python_importer.py","lineno":244,"error_detail":[{"exc_type":"ModuleNotFoundError","exc_value":"No module named 'airflow.sdk.asset'","exc_notes":[],"syntax_error":null,"is_cause":false,"frames":[{"filename":"/home/airflow/.local/lib/python3.13/site-packages/airflow/dag_processing/importers/python_importer.py","lineno":238,"name":"parse"},{"filename":"<frozen importlib._bootstrap_external>","lineno":1023,"name":"exec_module"},{"filename":"<frozen importlib._bootstrap>","lineno":488,"name":"_call_with_frames_removed"},{"filename":"/opt/airflow/dags/ingestion_dag.py","lineno":9,"name":"<module>"},{"filename":"/opt/airflow/dags/assets.py","lineno":1,"name":"<module>"}],"is_group":false,"exceptions":[]}]}
{"timestamp":"2026-06-12T14:15:54.306771Z","level":"error","event":"Error loading DAG from ingestion_dag.py: No module named 'airflow.sdk.asset'","logger":"airflow.dag_processing.dagbag.BundleDagBag","filename":"dagbag.py","lineno":327}
{"timestamp":"2026-06-12T14:15:54.307003Z","level":"warning","event":"The `airflow.decorators.dag` attribute is deprecated. Please use `'airflow.sdk.dag'`.","category":"UserWarning","filename":"/opt/airflow/dags/ingestion_dag.py","lineno":1,"logger":"py.warnings"}
{"timestamp":"2026-06-12T14:15:54.307151Z","level":"warning","event":"The `airflow.decorators.task` attribute is deprecated. Please use `'airflow.sdk.task'`.","category":"UserWarning","filename":"/opt/airflow/dags/ingestion_dag.py","lineno":1,"logger":"py.warnings"}
{"timestamp":"2026-06-12T14:16:24.853472Z","level":"info","event":"Filling up the DagBag from /opt/airflow/dags/ingestion_dag.py","logger":"airflow.dag_processing.dagbag.BundleDagBag","filename":"dagbag.py","lineno":469}
{"timestamp":"2026-06-12T14:16:24.916069Z","level":"error","event":"Failed to import: /opt/airflow/dags/ingestion_dag.py","logger":"airflow.dag_processing.importers.python_importer","filename":"python_importer.py","lineno":244,"error_detail":[{"exc_type":"ModuleNotFoundError","exc_value":"No module named 'airflow.sdk.asset'","exc_notes":[],"syntax_error":null,"is_cause":false,"frames":[{"filename":"/home/airflow/.local/lib/python3.13/site-packages/airflow/dag_processing/importers/python_importer.py","lineno":238,"name":"parse"},{"filename":"<frozen importlib._bootstrap_external>","lineno":1023,"name":"exec_module"},{"filename":"<frozen importlib._bootstrap>","lineno":488,"name":"_call_with_frames_removed"},{"filename":"/opt/airflow/dags/ingestion_dag.py","lineno":9,"name":"<module>"},{"filename":"/opt/airflow/dags/assets.py","lineno":1,"name":"<module>"}],"is_group":false,"exceptions":[]}]}
{"timestamp":"2026-06-12T14:16:24.924403Z","level":"error","event":"Error loading DAG from ingestion_dag.py: No module named 'airflow.sdk.asset'","logger":"airflow.dag_processing.dagbag.BundleDagBag","filename":"dagbag.py","lineno":327}
{"timestamp":"2026-06-12T14:16:24.924658Z","level":"warning","event":"The `airflow.decorators.dag` attribute is deprecated. Please use `'airflow.sdk.dag'`.","category":"UserWarning","filename":"/opt/airflow/dags/ingestion_dag.py","lineno":1,"logger":"py.warnings"}
{"timestamp":"2026-06-12T14:16:24.924825Z","level":"warning","event":"The `airflow.decorators.task` attribute is deprecated. Please use `'airflow.sdk.task'`.","category":"UserWarning","filename":"/opt/airflow/dags/ingestion_dag.py","lineno":1,"logger":"py.warnings"}
{"timestamp":"2026-06-12T14:16:55.558219Z","level":"info","event":"Filling up the DagBag from /opt/airflow/dags/ingestion_dag.py","logger":"airflow.dag_processing.dagbag.BundleDagBag","filename":"dagbag.py","lineno":469}
{"timestamp":"2026-06-12T14:16:55.611138Z","level":"error","event":"Failed to import: /opt/airflow/dags/ingestion_dag.py","logger":"airflow.dag_processing.importers.python_importer","filename":"python_importer.py","lineno":244,"error_detail":[{"exc_type":"ModuleNotFoundError","exc_value":"No module named 'airflow.sdk.asset'","exc_notes":[],"syntax_error":null,"is_cause":false,"frames":[{"filename":"/home/airflow/.local/lib/python3.13/site-packages/airflow/dag_processing/importers/python_importer.py","lineno":238,"name":"parse"},{"filename":"<frozen importlib._bootstrap_external>","lineno":1023,"name":"exec_module"},{"filename":"<frozen importlib._bootstrap>","lineno":488,"name":"_call_with_frames_removed"},{"filename":"/opt/airflow/dags/ingestion_dag.py","lineno":9,"name":"<module>"},{"filename":"/opt/airflow/dags/assets.py","lineno":1,"name":"<module>"}],"is_group":false,"exceptions":[]}]}
{"timestamp":"2026-06-12T14:16:55.617687Z","level":"error","event":"Error loading DAG from ingestion_dag.py: No module named 'airflow.sdk.asset'","logger":"airflow.dag_processing.dagbag.BundleDagBag","filename":"dagbag.py","lineno":327}
{"timestamp":"2026-06-12T14:16:55.617929Z","level":"warning","event":"The `airflow.decorators.dag` attribute is deprecated. Please use `'airflow.sdk.dag'`.","category":"UserWarning","filename":"/opt/airflow/dags/ingestion_dag.py","lineno":1,"logger":"py.warnings"}
{"timestamp":"2026-06-12T14:16:55.618043Z","level":"warning","event":"The `airflow.decorators.task` attribute is deprecated. Please use `'airflow.sdk.task'`.","category":"UserWarning","filename":"/opt/airflow/dags/ingestion_dag.py","lineno":1,"logger":"py.warnings"}
{"timestamp":"2026-06-12T14:17:25.729722Z","level":"info","event":"Filling up the DagBag from /opt/airflow/dags/ingestion_dag.py","logger":"airflow.dag_processing.dagbag.BundleDagBag","filename":"dagbag.py","lineno":469}
{"timestamp":"2026-06-12T14:17:25.779729Z","level":"error","event":"Failed to import: /opt/airflow/dags/ingestion_dag.py","logger":"airflow.dag_processing.importers.python_importer","filename":"python_importer.py","lineno":244,"error_detail":[{"exc_type":"ModuleNotFoundError","exc_value":"No module named 'airflow.sdk.asset'","exc_notes":[],"syntax_error":null,"is_cause":false,"frames":[{"filename":"/home/airflow/.local/lib/python3.13/site-packages/airflow/dag_processing/importers/python_importer.py","lineno":238,"name":"parse"},{"filename":"<frozen importlib._bootstrap_external>","lineno":1023,"name":"exec_module"},{"filename":"<frozen importlib._bootstrap>","lineno":488,"name":"_call_with_frames_removed"},{"filename":"/opt/airflow/dags/ingestion_dag.py","lineno":9,"name":"<module>"},{"filename":"/opt/airflow/dags/assets.py","lineno":1,"name":"<module>"}],"is_group":false,"exceptions":[]}]}
{"timestamp":"2026-06-12T14:17:25.787359Z","level":"error","event":"Error loading DAG from ingestion_dag.py: No module named 'airflow.sdk.asset'","logger":"airflow.dag_processing.dagbag.BundleDagBag","filename":"dagbag.py","lineno":327}
{"timestamp":"2026-06-12T14:17:25.787608Z","level":"warning","event":"The `airflow.decorators.dag` attribute is deprecated. Please use `'airflow.sdk.dag'`.","category":"UserWarning","filename":"/opt/airflow/dags/ingestion_dag.py","lineno":1,"logger":"py.warnings"}
{"timestamp":"2026-06-12T14:17:25.787741Z","level":"warning","event":"The `airflow.decorators.task` attribute is deprecated. Please use `'airflow.sdk.task'`.","category":"UserWarning","filename":"/opt/airflow/dags/ingestion_dag.py","lineno":1,"logger":"py.warnings"}
{"timestamp":"2026-06-12T14:17:56.298163Z","level":"info","event":"Filling up the DagBag from /opt/airflow/dags/ingestion_dag.py","logger":"airflow.dag_processing.dagbag.BundleDagBag","filename":"dagbag.py","lineno":469}
{"timestamp":"2026-06-12T14:17:56.364277Z","level":"warning","event":"The `airflow.decorators.dag` attribute is deprecated. Please use `'airflow.sdk.dag'`.","category":"UserWarning","filename":"/opt/airflow/dags/ingestion_dag.py","lineno":1,"logger":"py.warnings"}
{"timestamp":"2026-06-12T14:17:56.364454Z","level":"warning","event":"The `airflow.decorators.task` attribute is deprecated. Please use `'airflow.sdk.task'`.","category":"UserWarning","filename":"/opt/airflow/dags/ingestion_dag.py","lineno":1,"logger":"py.warnings"}
{"timestamp":"2026-06-12T14:18:27.165640Z","level":"info","event":"Filling up the DagBag from /opt/airflow/dags/ingestion_dag.py","logger":"airflow.dag_processing.dagbag.BundleDagBag","filename":"dagbag.py","lineno":469}
{"timestamp":"2026-06-12T14:18:27.221555Z","level":"warning","event":"The `airflow.decorators.dag` attribute is deprecated. Please use `'airflow.sdk.dag'`.","category":"UserWarning","filename":"/opt/airflow/dags/ingestion_dag.py","lineno":1,"logger":"py.warnings"}
{"timestamp":"2026-06-12T14:18:27.221720Z","level":"warning","event":"The `airflow.decorators.task` attribute is deprecated. Please use `'airflow.sdk.task'`.","category":"UserWarning","filename":"/opt/airflow/dags/ingestion_dag.py","lineno":1,"logger":"py.warnings"}
{"timestamp":"2026-06-12T14:18:57.618572Z","level":"info","event":"Filling up the DagBag from /opt/airflow/dags/ingestion_dag.py","logger":"airflow.dag_processing.dagbag.BundleDagBag","filename":"dagbag.py","lineno":469}
{"timestamp":"2026-06-12T14:18:57.680293Z","level":"warning","event":"The `airflow.decorators.dag` attribute is deprecated. Please use `'airflow.sdk.dag'`.","category":"UserWarning","filename":"/opt/airflow/dags/ingestion_dag.py","lineno":1,"logger":"py.warnings"}
{"timestamp":"2026-06-12T14:18:57.680457Z","level":"warning","event":"The `airflow.decorators.task` attribute is deprecated. Please use `'airflow.sdk.task'`.","category":"UserWarning","filename":"/opt/airflow/dags/ingestion_dag.py","lineno":1,"logger":"py.warnings"}
{"timestamp":"2026-06-12T14:19:28.049002Z","level":"info","event":"Filling up the DagBag from /opt/airflow/dags/ingestion_dag.py","logger":"airflow.dag_processing.dagbag.BundleDagBag","filename":"dagbag.py","lineno":469}
{"timestamp":"2026-06-12T14:19:28.103343Z","level":"warning","event":"The `airflow.decorators.dag` attribute is deprecated. Please use `'airflow.sdk.dag'`.","category":"UserWarning","filename":"/opt/airflow/dags/ingestion_dag.py","lineno":1,"logger":"py.warnings"}
{"timestamp":"2026-06-12T14:19:28.103494Z","level":"warning","event":"The `airflow.decorators.task` attribute is deprecated. Please use `'airflow.sdk.task'`.","category":"UserWarning","filename":"/opt/airflow/dags/ingestion_dag.py","lineno":1,"logger":"py.warnings"}
{"timestamp":"2026-06-12T14:19:43.237514Z","level":"info","event":"Filling up the DagBag from /opt/airflow/dags/ingestion_dag.py","logger":"airflow.dag_processing.dagbag.BundleDagBag","filename":"dagbag.py","lineno":469}
{"timestamp":"2026-06-12T14:20:09.074831Z","level":"info","event":"Filling up the DagBag from /opt/airflow/dags/ingestion_dag.py","logger":"airflow.dag_processing.dagbag.BundleDagBag","filename":"dagbag.py","lineno":469}
{"timestamp":"2026-06-12T14:20:39.733356Z","level":"info","event":"Filling up the DagBag from /opt/airflow/dags/ingestion_dag.py","logger":"airflow.dag_processing.dagbag.BundleDagBag","filename":"dagbag.py","lineno":469}
{"timestamp":"2026-06-12T14:21:10.299711Z","level":"info","event":"Filling up the DagBag from /opt/airflow/dags/ingestion_dag.py","logger":"airflow.dag_processing.dagbag.BundleDagBag","filename":"dagbag.py","lineno":469}
{"timestamp":"2026-06-12T14:21:40.802802Z","level":"info","event":"Filling up the DagBag from /opt/airflow/dags/ingestion_dag.py","logger":"airflow.dag_processing.dagbag.BundleDagBag","filename":"dagbag.py","lineno":469}
{"timestamp":"2026-06-12T14:22:11.428656Z","level":"info","event":"Filling up the DagBag from /opt/airflow/dags/ingestion_dag.py","logger":"airflow.dag_processing.dagbag.BundleDagBag","filename":"dagbag.py","lineno":469}
{"timestamp":"2026-06-12T14:22:42.001904Z","level":"info","event":"Filling up the DagBag from /opt/airflow/dags/ingestion_dag.py","logger":"airflow.dag_processing.dagbag.BundleDagBag","filename":"dagbag.py","lineno":469}
{"timestamp":"2026-06-12T14:23:12.729426Z","level":"info","event":"Filling up the DagBag from /opt/airflow/dags/ingestion_dag.py","logger":"airflow.dag_processing.dagbag.BundleDagBag","filename":"dagbag.py","lineno":469}
{"timestamp":"2026-06-12T14:23:43.357942Z","level":"info","event":"Filling up the DagBag from /opt/airflow/dags/ingestion_dag.py","logger":"airflow.dag_processing.dagbag.BundleDagBag","filename":"dagbag.py","lineno":469}
{"timestamp":"2026-06-12T14:24:13.952150Z","level":"info","event":"Filling up the DagBag from /opt/airflow/dags/ingestion_dag.py","logger":"airflow.dag_processing.dagbag.BundleDagBag","filename":"dagbag.py","lineno":469}
{"timestamp":"2026-06-12T14:25:34.910883Z","level":"info","event":"Filling up the DagBag from /opt/airflow/dags/ingestion_dag.py","logger":"airflow.dag_processing.dagbag.BundleDagBag","filename":"dagbag.py","lineno":469}
{"timestamp":"2026-06-12T14:26:05.180305Z","level":"info","event":"Filling up the DagBag from /opt/airflow/dags/ingestion_dag.py","logger":"airflow.dag_processing.dagbag.BundleDagBag","filename":"dagbag.py","lineno":469}
{"timestamp":"2026-06-12T14:26:35.553456Z","level":"info","event":"Filling up the DagBag from /opt/airflow/dags/ingestion_dag.py","logger":"airflow.dag_processing.dagbag.BundleDagBag","filename":"dagbag.py","lineno":469}
{"timestamp":"2026-06-12T14:27:44.687123Z","level":"info","event":"Filling up the DagBag from /opt/airflow/dags/ingestion_dag.py","logger":"airflow.dag_processing.dagbag.BundleDagBag","filename":"dagbag.py","lineno":469}
{"timestamp":"2026-06-12T14:28:16.031486Z","level":"info","event":"Filling up the DagBag from /opt/airflow/dags/ingestion_dag.py","logger":"airflow.dag_processing.dagbag.BundleDagBag","filename":"dagbag.py","lineno":469}
{"timestamp":"2026-06-12T14:28:46.446014Z","level":"info","event":"Filling up the DagBag from /opt/airflow/dags/ingestion_dag.py","logger":"airflow.dag_processing.dagbag.BundleDagBag","filename":"dagbag.py","lineno":469}
{"timestamp":"2026-06-12T14:32:05.243274Z","level":"info","event":"Filling up the DagBag from /opt/airflow/dags/ingestion_dag.py","logger":"airflow.dag_processing.dagbag.BundleDagBag","filename":"dagbag.py","lineno":469}
{"timestamp":"2026-06-12T14:32:36.119922Z","level":"info","event":"Filling up the DagBag from /opt/airflow/dags/ingestion_dag.py","logger":"airflow.dag_processing.dagbag.BundleDagBag","filename":"dagbag.py","lineno":469}
{"timestamp":"2026-06-12T14:33:06.616032Z","level":"info","event":"Filling up the DagBag from /opt/airflow/dags/ingestion_dag.py","logger":"airflow.dag_processing.dagbag.BundleDagBag","filename":"dagbag.py","lineno":469}
{"timestamp":"2026-06-12T14:34:17.747912Z","level":"info","event":"Filling up the DagBag from /opt/airflow/dags/ingestion_dag.py","logger":"airflow.dag_processing.dagbag.BundleDagBag","filename":"dagbag.py","lineno":469}
{"timestamp":"2026-06-12T14:34:55.293230Z","level":"info","event":"Filling up the DagBag from /opt/airflow/dags/ingestion_dag.py","logger":"airflow.dag_processing.dagbag.BundleDagBag","filename":"dagbag.py","lineno":469}
{"timestamp":"2026-06-12T14:35:27.806676Z","level":"info","event":"Filling up the DagBag from /opt/airflow/dags/ingestion_dag.py","logger":"airflow.dag_processing.dagbag.BundleDagBag","filename":"dagbag.py","lineno":469}
{"timestamp":"2026-06-12T14:36:00.312993Z","level":"info","event":"Filling up the DagBag from /opt/airflow/dags/ingestion_dag.py","logger":"airflow.dag_processing.dagbag.BundleDagBag","filename":"dagbag.py","lineno":469}
{"timestamp":"2026-06-12T14:36:32.903200Z","level":"info","event":"Filling up the DagBag from /opt/airflow/dags/ingestion_dag.py","logger":"airflow.dag_processing.dagbag.BundleDagBag","filename":"dagbag.py","lineno":469}
{"timestamp":"2026-06-12T14:37:05.623486Z","level":"info","event":"Filling up the DagBag from /opt/airflow/dags/ingestion_dag.py","logger":"airflow.dag_processing.dagbag.BundleDagBag","filename":"dagbag.py","lineno":469}
{"timestamp":"2026-06-12T14:37:38.170529Z","level":"info","event":"Filling up the DagBag from /opt/airflow/dags/ingestion_dag.py","logger":"airflow.dag_processing.dagbag.BundleDagBag","filename":"dagbag.py","lineno":469}
{"timestamp":"2026-06-12T14:38:11.235423Z","level":"info","event":"Filling up the DagBag from /opt/airflow/dags/ingestion_dag.py","logger":"airflow.dag_processing.dagbag.BundleDagBag","filename":"dagbag.py","lineno":469}
{"timestamp":"2026-06-12T14:38:43.734425Z","level":"info","event":"Filling up the DagBag from /opt/airflow/dags/ingestion_dag.py","logger":"airflow.dag_processing.dagbag.BundleDagBag","filename":"dagbag.py","lineno":469}
{"timestamp":"2026-06-12T14:39:16.304631Z","level":"info","event":"Filling up the DagBag from /opt/airflow/dags/ingestion_dag.py","logger":"airflow.dag_processing.dagbag.BundleDagBag","filename":"dagbag.py","lineno":469}
{"timestamp":"2026-06-12T14:39:49.018631Z","level":"info","event":"Filling up the DagBag from /opt/airflow/dags/ingestion_dag.py","logger":"airflow.dag_processing.dagbag.BundleDagBag","filename":"dagbag.py","lineno":469}
{"timestamp":"2026-06-12T14:40:22.574383Z","level":"info","event":"Filling up the DagBag from /opt/airflow/dags/ingestion_dag.py","logger":"airflow.dag_processing.dagbag.BundleDagBag","filename":"dagbag.py","lineno":469}
{"timestamp":"2026-06-12T14:40:55.114535Z","level":"info","event":"Filling up the DagBag from /opt/airflow/dags/ingestion_dag.py","logger":"airflow.dag_processing.dagbag.BundleDagBag","filename":"dagbag.py","lineno":469}
{"timestamp":"2026-06-12T14:41:27.677304Z","level":"info","event":"Filling up the DagBag from /opt/airflow/dags/ingestion_dag.py","logger":"airflow.dag_processing.dagbag.BundleDagBag","filename":"dagbag.py","lineno":469}
{"timestamp":"2026-06-12T14:42:00.305799Z","level":"info","event":"Filling up the DagBag from /opt/airflow/dags/ingestion_dag.py","logger":"airflow.dag_processing.dagbag.BundleDagBag","filename":"dagbag.py","lineno":469}
{"timestamp":"2026-06-12T14:42:32.929537Z","level":"info","event":"Filling up the DagBag from /opt/airflow/dags/ingestion_dag.py","logger":"airflow.dag_processing.dagbag.BundleDagBag","filename":"dagbag.py","lineno":469}
{"timestamp":"2026-06-12T14:43:06.312530Z","level":"info","event":"Filling up the DagBag from /opt/airflow/dags/ingestion_dag.py","logger":"airflow.dag_processing.dagbag.BundleDagBag","filename":"dagbag.py","lineno":469}
{"timestamp":"2026-06-12T14:43:39.007330Z","level":"info","event":"Filling up the DagBag from /opt/airflow/dags/ingestion_dag.py","logger":"airflow.dag_processing.dagbag.BundleDagBag","filename":"dagbag.py","lineno":469}
{"timestamp":"2026-06-12T14:44:11.478316Z","level":"info","event":"Filling up the DagBag from /opt/airflow/dags/ingestion_dag.py","logger":"airflow.dag_processing.dagbag.BundleDagBag","filename":"dagbag.py","lineno":469}
{"timestamp":"2026-06-12T14:44:43.985735Z","level":"info","event":"Filling up the DagBag from /opt/airflow/dags/ingestion_dag.py","logger":"airflow.dag_processing.dagbag.BundleDagBag","filename":"dagbag.py","lineno":469}
{"timestamp":"2026-06-12T14:45:16.642255Z","level":"info","event":"Filling up the DagBag from /opt/airflow/dags/ingestion_dag.py","logger":"airflow.dag_processing.dagbag.BundleDagBag","filename":"dagbag.py","lineno":469}
{"timestamp":"2026-06-12T14:45:49.220691Z","level":"info","event":"Filling up the DagBag from /opt/airflow/dags/ingestion_dag.py","logger":"airflow.dag_processing.dagbag.BundleDagBag","filename":"dagbag.py","lineno":469}
{"timestamp":"2026-06-12T14:46:22.728621Z","level":"info","event":"Filling up the DagBag from /opt/airflow/dags/ingestion_dag.py","logger":"airflow.dag_processing.dagbag.BundleDagBag","filename":"dagbag.py","lineno":469}
{"timestamp":"2026-06-12T14:46:55.245748Z","level":"info","event":"Filling up the DagBag from /opt/airflow/dags/ingestion_dag.py","logger":"airflow.dag_processing.dagbag.BundleDagBag","filename":"dagbag.py","lineno":469}
{"timestamp":"2026-06-12T14:47:27.758777Z","level":"info","event":"Filling up the DagBag from /opt/airflow/dags/ingestion_dag.py","logger":"airflow.dag_processing.dagbag.BundleDagBag","filename":"dagbag.py","lineno":469}
{"timestamp":"2026-06-12T14:48:00.226883Z","level":"info","event":"Filling up the DagBag from /opt/airflow/dags/ingestion_dag.py","logger":"airflow.dag_processing.dagbag.BundleDagBag","filename":"dagbag.py","lineno":469}
{"timestamp":"2026-06-12T14:48:33.676697Z","level":"info","event":"Filling up the DagBag from /opt/airflow/dags/ingestion_dag.py","logger":"airflow.dag_processing.dagbag.BundleDagBag","filename":"dagbag.py","lineno":469}
{"timestamp":"2026-06-12T14:49:06.088843Z","level":"info","event":"Filling up the DagBag from /opt/airflow/dags/ingestion_dag.py","logger":"airflow.dag_processing.dagbag.BundleDagBag","filename":"dagbag.py","lineno":469}
{"timestamp":"2026-06-12T14:49:38.511001Z","level":"info","event":"Filling up the DagBag from /opt/airflow/dags/ingestion_dag.py","logger":"airflow.dag_processing.dagbag.BundleDagBag","filename":"dagbag.py","lineno":469}
{"timestamp":"2026-06-12T14:50:11.115287Z","level":"info","event":"Filling up the DagBag from /opt/airflow/dags/ingestion_dag.py","logger":"airflow.dag_processing.dagbag.BundleDagBag","filename":"dagbag.py","lineno":469}
{"timestamp":"2026-06-12T14:50:42.749918Z","level":"info","event":"Filling up the DagBag from /opt/airflow/dags/ingestion_dag.py","logger":"airflow.dag_processing.dagbag.BundleDagBag","filename":"dagbag.py","lineno":469}
{"timestamp":"2026-06-12T14:51:13.612082Z","level":"info","event":"Filling up the DagBag from /opt/airflow/dags/ingestion_dag.py","logger":"airflow.dag_processing.dagbag.BundleDagBag","filename":"dagbag.py","lineno":469}
{"timestamp":"2026-06-12T14:51:44.456417Z","level":"info","event":"Filling up the DagBag from /opt/airflow/dags/ingestion_dag.py","logger":"airflow.dag_processing.dagbag.BundleDagBag","filename":"dagbag.py","lineno":469}
{"timestamp":"2026-06-12T14:52:15.303320Z","level":"info","event":"Filling up the DagBag from /opt/airflow/dags/ingestion_dag.py","logger":"airflow.dag_processing.dagbag.BundleDagBag","filename":"dagbag.py","lineno":469}
{"timestamp":"2026-06-12T14:52:46.150134Z","level":"info","event":"Filling up the DagBag from /opt/airflow/dags/ingestion_dag.py","logger":"airflow.dag_processing.dagbag.BundleDagBag","filename":"dagbag.py","lineno":469}
{"timestamp":"2026-06-12T14:53:16.951474Z","level":"info","event":"Filling up the DagBag from /opt/airflow/dags/ingestion_dag.py","logger":"airflow.dag_processing.dagbag.BundleDagBag","filename":"dagbag.py","lineno":469}
{"timestamp":"2026-06-12T14:53:47.838241Z","level":"info","event":"Filling up the DagBag from /opt/airflow/dags/ingestion_dag.py","logger":"airflow.dag_processing.dagbag.BundleDagBag","filename":"dagbag.py","lineno":469}
{"timestamp":"2026-06-12T14:54:18.678668Z","level":"info","event":"Filling up the DagBag from /opt/airflow/dags/ingestion_dag.py","logger":"airflow.dag_processing.dagbag.BundleDagBag","filename":"dagbag.py","lineno":469}
{"timestamp":"2026-06-12T14:54:49.579197Z","level":"info","event":"Filling up the DagBag from /opt/airflow/dags/ingestion_dag.py","logger":"airflow.dag_processing.dagbag.BundleDagBag","filename":"dagbag.py","lineno":469}
{"timestamp":"2026-06-12T14:55:20.387417Z","level":"info","event":"Filling up the DagBag from /opt/airflow/dags/ingestion_dag.py","logger":"airflow.dag_processing.dagbag.BundleDagBag","filename":"dagbag.py","lineno":469}
{"timestamp":"2026-06-12T14:55:51.198314Z","level":"info","event":"Filling up the DagBag from /opt/airflow/dags/ingestion_dag.py","logger":"airflow.dag_processing.dagbag.BundleDagBag","filename":"dagbag.py","lineno":469}
{"timestamp":"2026-06-12T14:56:22.028388Z","level":"info","event":"Filling up the DagBag from /opt/airflow/dags/ingestion_dag.py","logger":"airflow.dag_processing.dagbag.BundleDagBag","filename":"dagbag.py","lineno":469}
{"timestamp":"2026-06-12T14:56:52.826220Z","level":"info","event":"Filling up the DagBag from /opt/airflow/dags/ingestion_dag.py","logger":"airflow.dag_processing.dagbag.BundleDagBag","filename":"dagbag.py","lineno":469}
{"timestamp":"2026-06-12T14:57:23.609322Z","level":"info","event":"Filling up the DagBag from /opt/airflow/dags/ingestion_dag.py","logger":"airflow.dag_processing.dagbag.BundleDagBag","filename":"dagbag.py","lineno":469}
{"timestamp":"2026-06-12T14:57:54.417568Z","level":"info","event":"Filling up the DagBag from /opt/airflow/dags/ingestion_dag.py","logger":"airflow.dag_processing.dagbag.BundleDagBag","filename":"dagbag.py","lineno":469}
{"timestamp":"2026-06-12T14:58:25.244556Z","level":"info","event":"Filling up the DagBag from /opt/airflow/dags/ingestion_dag.py","logger":"airflow.dag_processing.dagbag.BundleDagBag","filename":"dagbag.py","lineno":469}
{"timestamp":"2026-06-12T14:58:56.073352Z","level":"info","event":"Filling up the DagBag from /opt/airflow/dags/ingestion_dag.py","logger":"airflow.dag_processing.dagbag.BundleDagBag","filename":"dagbag.py","lineno":469}
{"timestamp":"2026-06-12T14:59:26.913394Z","level":"info","event":"Filling up the DagBag from /opt/airflow/dags/ingestion_dag.py","logger":"airflow.dag_processing.dagbag.BundleDagBag","filename":"dagbag.py","lineno":469}
{"timestamp":"2026-06-12T14:59:57.721512Z","level":"info","event":"Filling up the DagBag from /opt/airflow/dags/ingestion_dag.py","logger":"airflow.dag_processing.dagbag.BundleDagBag","filename":"dagbag.py","lineno":469}
{"timestamp":"2026-06-12T15:00:28.530367Z","level":"info","event":"Filling up the DagBag from /opt/airflow/dags/ingestion_dag.py","logger":"airflow.dag_processing.dagbag.BundleDagBag","filename":"dagbag.py","lineno":469}
{"timestamp":"2026-06-12T15:00:59.618986Z","level":"info","event":"Filling up the DagBag from /opt/airflow/dags/ingestion_dag.py","logger":"airflow.dag_processing.dagbag.BundleDagBag","filename":"dagbag.py","lineno":469}
{"timestamp":"2026-06-12T15:01:29.874437Z","level":"info","event":"Filling up the DagBag from /opt/airflow/dags/ingestion_dag.py","logger":"airflow.dag_processing.dagbag.BundleDagBag","filename":"dagbag.py","lineno":469}
{"timestamp":"2026-06-12T15:02:00.731709Z","level":"info","event":"Filling up the DagBag from /opt/airflow/dags/ingestion_dag.py","logger":"airflow.dag_processing.dagbag.BundleDagBag","filename":"dagbag.py","lineno":469}
{"timestamp":"2026-06-12T15:02:31.572787Z","level":"info","event":"Filling up the DagBag from /opt/airflow/dags/ingestion_dag.py","logger":"airflow.dag_processing.dagbag.BundleDagBag","filename":"dagbag.py","lineno":469}
{"timestamp":"2026-06-12T15:03:02.387537Z","level":"info","event":"Filling up the DagBag from /opt/airflow/dags/ingestion_dag.py","logger":"airflow.dag_processing.dagbag.BundleDagBag","filename":"dagbag.py","lineno":469}
{"timestamp":"2026-06-12T15:03:33.193011Z","level":"info","event":"Filling up the DagBag from /opt/airflow/dags/ingestion_dag.py","logger":"airflow.dag_processing.dagbag.BundleDagBag","filename":"dagbag.py","lineno":469}
{"timestamp":"2026-06-12T15:04:04.038540Z","level":"info","event":"Filling up the DagBag from /opt/airflow/dags/ingestion_dag.py","logger":"airflow.dag_processing.dagbag.BundleDagBag","filename":"dagbag.py","lineno":469}
{"timestamp":"2026-06-12T15:04:34.841749Z","level":"info","event":"Filling up the DagBag from /opt/airflow/dags/ingestion_dag.py","logger":"airflow.dag_processing.dagbag.BundleDagBag","filename":"dagbag.py","lineno":469}
{"timestamp":"2026-06-12T15:05:05.642818Z","level":"info","event":"Filling up the DagBag from /opt/airflow/dags/ingestion_dag.py","logger":"airflow.dag_processing.dagbag.BundleDagBag","filename":"dagbag.py","lineno":469}
{"timestamp":"2026-06-12T15:05:36.443474Z","level":"info","event":"Filling up the DagBag from /opt/airflow/dags/ingestion_dag.py","logger":"airflow.dag_processing.dagbag.BundleDagBag","filename":"dagbag.py","lineno":469}
{"timestamp":"2026-06-12T15:06:07.300118Z","level":"info","event":"Filling up the DagBag from /opt/airflow/dags/ingestion_dag.py","logger":"airflow.dag_processing.dagbag.BundleDagBag","filename":"dagbag.py","lineno":469}
{"timestamp":"2026-06-12T15:06:38.189215Z","level":"info","event":"Filling up the DagBag from /opt/airflow/dags/ingestion_dag.py","logger":"airflow.dag_processing.dagbag.BundleDagBag","filename":"dagbag.py","lineno":469}
{"timestamp":"2026-06-12T15:07:09.009419Z","level":"info","event":"Filling up the DagBag from /opt/airflow/dags/ingestion_dag.py","logger":"airflow.dag_processing.dagbag.BundleDagBag","filename":"dagbag.py","lineno":469}
{"timestamp":"2026-06-12T15:07:39.819946Z","level":"info","event":"Filling up the DagBag from /opt/airflow/dags/ingestion_dag.py","logger":"airflow.dag_processing.dagbag.BundleDagBag","filename":"dagbag.py","lineno":469}
{"timestamp":"2026-06-12T15:08:10.686850Z","level":"info","event":"Filling up the DagBag from /opt/airflow/dags/ingestion_dag.py","logger":"airflow.dag_processing.dagbag.BundleDagBag","filename":"dagbag.py","lineno":469}
{"timestamp":"2026-06-12T15:08:41.482064Z","level":"info","event":"Filling up the DagBag from /opt/airflow/dags/ingestion_dag.py","logger":"airflow.dag_processing.dagbag.BundleDagBag","filename":"dagbag.py","lineno":469}
{"timestamp":"2026-06-12T15:09:12.278896Z","level":"info","event":"Filling up the DagBag from /opt/airflow/dags/ingestion_dag.py","logger":"airflow.dag_processing.dagbag.BundleDagBag","filename":"dagbag.py","lineno":469}
{"timestamp":"2026-06-12T15:09:43.094488Z","level":"info","event":"Filling up the DagBag from /opt/airflow/dags/ingestion_dag.py","logger":"airflow.dag_processing.dagbag.BundleDagBag","filename":"dagbag.py","lineno":469}
{"timestamp":"2026-06-12T15:10:13.927600Z","level":"info","event":"Filling up the DagBag from /opt/airflow/dags/ingestion_dag.py","logger":"airflow.dag_processing.dagbag.BundleDagBag","filename":"dagbag.py","lineno":469}
{"timestamp":"2026-06-12T15:10:44.825112Z","level":"info","event":"Filling up the DagBag from /opt/airflow/dags/ingestion_dag.py","logger":"airflow.dag_processing.dagbag.BundleDagBag","filename":"dagbag.py","lineno":469}
{"timestamp":"2026-06-12T15:11:15.698642Z","level":"info","event":"Filling up the DagBag from /opt/airflow/dags/ingestion_dag.py","logger":"airflow.dag_processing.dagbag.BundleDagBag","filename":"dagbag.py","lineno":469}
{"timestamp":"2026-06-12T15:11:46.550098Z","level":"info","event":"Filling up the DagBag from /opt/airflow/dags/ingestion_dag.py","logger":"airflow.dag_processing.dagbag.BundleDagBag","filename":"dagbag.py","lineno":469}
{"timestamp":"2026-06-12T15:12:17.331130Z","level":"info","event":"Filling up the DagBag from /opt/airflow/dags/ingestion_dag.py","logger":"airflow.dag_processing.dagbag.BundleDagBag","filename":"dagbag.py","lineno":469}
{"timestamp":"2026-06-12T15:12:48.171025Z","level":"info","event":"Filling up the DagBag from /opt/airflow/dags/ingestion_dag.py","logger":"airflow.dag_processing.dagbag.BundleDagBag","filename":"dagbag.py","lineno":469}
{"timestamp":"2026-06-12T15:13:18.924594Z","level":"info","event":"Filling up the DagBag from /opt/airflow/dags/ingestion_dag.py","logger":"airflow.dag_processing.dagbag.BundleDagBag","filename":"dagbag.py","lineno":469}
{"timestamp":"2026-06-12T15:13:49.699562Z","level":"info","event":"Filling up the DagBag from /opt/airflow/dags/ingestion_dag.py","logger":"airflow.dag_processing.dagbag.BundleDagBag","filename":"dagbag.py","lineno":469}
{"timestamp":"2026-06-12T15:14:20.483799Z","level":"info","event":"Filling up the DagBag from /opt/airflow/dags/ingestion_dag.py","logger":"airflow.dag_processing.dagbag.BundleDagBag","filename":"dagbag.py","lineno":469}
{"timestamp":"2026-06-12T15:14:51.266132Z","level":"info","event":"Filling up the DagBag from /opt/airflow/dags/ingestion_dag.py","logger":"airflow.dag_processing.dagbag.BundleDagBag","filename":"dagbag.py","lineno":469}
{"timestamp":"2026-06-12T15:15:22.128297Z","level":"info","event":"Filling up the DagBag from /opt/airflow/dags/ingestion_dag.py","logger":"airflow.dag_processing.dagbag.BundleDagBag","filename":"dagbag.py","lineno":469}
{"timestamp":"2026-06-12T15:15:52.890798Z","level":"info","event":"Filling up the DagBag from /opt/airflow/dags/ingestion_dag.py","logger":"airflow.dag_processing.dagbag.BundleDagBag","filename":"dagbag.py","lineno":469}
{"timestamp":"2026-06-12T15:16:23.663599Z","level":"info","event":"Filling up the DagBag from /opt/airflow/dags/ingestion_dag.py","logger":"airflow.dag_processing.dagbag.BundleDagBag","filename":"dagbag.py","lineno":469}
{"timestamp":"2026-06-12T15:16:54.457953Z","level":"info","event":"Filling up the DagBag from /opt/airflow/dags/ingestion_dag.py","logger":"airflow.dag_processing.dagbag.BundleDagBag","filename":"dagbag.py","lineno":469}
{"timestamp":"2026-06-12T15:17:25.234410Z","level":"info","event":"Filling up the DagBag from /opt/airflow/dags/ingestion_dag.py","logger":"airflow.dag_processing.dagbag.BundleDagBag","filename":"dagbag.py","lineno":469}
{"timestamp":"2026-06-12T15:17:56.031931Z","level":"info","event":"Filling up the DagBag from /opt/airflow/dags/ingestion_dag.py","logger":"airflow.dag_processing.dagbag.BundleDagBag","filename":"dagbag.py","lineno":469}
{"timestamp":"2026-06-12T15:18:26.827459Z","level":"info","event":"Filling up the DagBag from /opt/airflow/dags/ingestion_dag.py","logger":"airflow.dag_processing.dagbag.BundleDagBag","filename":"dagbag.py","lineno":469}
{"timestamp":"2026-06-12T15:18:57.604731Z","level":"info","event":"Filling up the DagBag from /opt/airflow/dags/ingestion_dag.py","logger":"airflow.dag_processing.dagbag.BundleDagBag","filename":"dagbag.py","lineno":469}
{"timestamp":"2026-06-12T15:19:27.806080Z","level":"info","event":"Filling up the DagBag from /opt/airflow/dags/ingestion_dag.py","logger":"airflow.dag_processing.dagbag.BundleDagBag","filename":"dagbag.py","lineno":469}
{"timestamp":"2026-06-12T15:19:58.612484Z","level":"info","event":"Filling up the DagBag from /opt/airflow/dags/ingestion_dag.py","logger":"airflow.dag_processing.dagbag.BundleDagBag","filename":"dagbag.py","lineno":469}
{"timestamp":"2026-06-12T15:20:29.385306Z","level":"info","event":"Filling up the DagBag from /opt/airflow/dags/ingestion_dag.py","logger":"airflow.dag_processing.dagbag.BundleDagBag","filename":"dagbag.py","lineno":469}
{"timestamp":"2026-06-12T15:21:00.217296Z","level":"info","event":"Filling up the DagBag from /opt/airflow/dags/ingestion_dag.py","logger":"airflow.dag_processing.dagbag.BundleDagBag","filename":"dagbag.py","lineno":469}
{"timestamp":"2026-06-12T15:21:31.005131Z","level":"info","event":"Filling up the DagBag from /opt/airflow/dags/ingestion_dag.py","logger":"airflow.dag_processing.dagbag.BundleDagBag","filename":"dagbag.py","lineno":469}
{"timestamp":"2026-06-12T15:22:01.772667Z","level":"info","event":"Filling up the DagBag from /opt/airflow/dags/ingestion_dag.py","logger":"airflow.dag_processing.dagbag.BundleDagBag","filename":"dagbag.py","lineno":469}
{"timestamp":"2026-06-12T15:22:32.534545Z","level":"info","event":"Filling up the DagBag from /opt/airflow/dags/ingestion_dag.py","logger":"airflow.dag_processing.dagbag.BundleDagBag","filename":"dagbag.py","lineno":469}
{"timestamp":"2026-06-12T15:23:03.313563Z","level":"info","event":"Filling up the DagBag from /opt/airflow/dags/ingestion_dag.py","logger":"airflow.dag_processing.dagbag.BundleDagBag","filename":"dagbag.py","lineno":469}
{"timestamp":"2026-06-12T15:23:34.118702Z","level":"info","event":"Filling up the DagBag from /opt/airflow/dags/ingestion_dag.py","logger":"airflow.dag_processing.dagbag.BundleDagBag","filename":"dagbag.py","lineno":469}
{"timestamp":"2026-06-12T15:24:04.871321Z","level":"info","event":"Filling up the DagBag from /opt/airflow/dags/ingestion_dag.py","logger":"airflow.dag_processing.dagbag.BundleDagBag","filename":"dagbag.py","lineno":469}
{"timestamp":"2026-06-12T15:24:35.600211Z","level":"info","event":"Filling up the DagBag from /opt/airflow/dags/ingestion_dag.py","logger":"airflow.dag_processing.dagbag.BundleDagBag","filename":"dagbag.py","lineno":469}
{"timestamp":"2026-06-12T15:25:06.368011Z","level":"info","event":"Filling up the DagBag from /opt/airflow/dags/ingestion_dag.py","logger":"airflow.dag_processing.dagbag.BundleDagBag","filename":"dagbag.py","lineno":469}
{"timestamp":"2026-06-12T15:25:37.116792Z","level":"info","event":"Filling up the DagBag from /opt/airflow/dags/ingestion_dag.py","logger":"airflow.dag_processing.dagbag.BundleDagBag","filename":"dagbag.py","lineno":469}
{"timestamp":"2026-06-12T15:26:07.925580Z","level":"info","event":"Filling up the DagBag from /opt/airflow/dags/ingestion_dag.py","logger":"airflow.dag_processing.dagbag.BundleDagBag","filename":"dagbag.py","lineno":469}
{"timestamp":"2026-06-12T15:26:38.705015Z","level":"info","event":"Filling up the DagBag from /opt/airflow/dags/ingestion_dag.py","logger":"airflow.dag_processing.dagbag.BundleDagBag","filename":"dagbag.py","lineno":469}
{"timestamp":"2026-06-12T15:27:09.616471Z","level":"info","event":"Filling up the DagBag from /opt/airflow/dags/ingestion_dag.py","logger":"airflow.dag_processing.dagbag.BundleDagBag","filename":"dagbag.py","lineno":469}
{"timestamp":"2026-06-12T15:27:40.462571Z","level":"info","event":"Filling up the DagBag from /opt/airflow/dags/ingestion_dag.py","logger":"airflow.dag_processing.dagbag.BundleDagBag","filename":"dagbag.py","lineno":469}
{"timestamp":"2026-06-12T15:28:11.188593Z","level":"info","event":"Filling up the DagBag from /opt/airflow/dags/ingestion_dag.py","logger":"airflow.dag_processing.dagbag.BundleDagBag","filename":"dagbag.py","lineno":469}
{"timestamp":"2026-06-12T15:28:41.937919Z","level":"info","event":"Filling up the DagBag from /opt/airflow/dags/ingestion_dag.py","logger":"airflow.dag_processing.dagbag.BundleDagBag","filename":"dagbag.py","lineno":469}
{"timestamp":"2026-06-12T15:29:12.709300Z","level":"info","event":"Filling up the DagBag from /opt/airflow/dags/ingestion_dag.py","logger":"airflow.dag_processing.dagbag.BundleDagBag","filename":"dagbag.py","lineno":469}
{"timestamp":"2026-06-12T15:29:43.456023Z","level":"info","event":"Filling up the DagBag from /opt/airflow/dags/ingestion_dag.py","logger":"airflow.dag_processing.dagbag.BundleDagBag","filename":"dagbag.py","lineno":469}
{"timestamp":"2026-06-12T15:30:14.201878Z","level":"info","event":"Filling up the DagBag from /opt/airflow/dags/ingestion_dag.py","logger":"airflow.dag_processing.dagbag.BundleDagBag","filename":"dagbag.py","lineno":469}
{"timestamp":"2026-06-12T15:30:44.943574Z","level":"info","event":"Filling up the DagBag from /opt/airflow/dags/ingestion_dag.py","logger":"airflow.dag_processing.dagbag.BundleDagBag","filename":"dagbag.py","lineno":469}
{"timestamp":"2026-06-12T15:31:15.684537Z","level":"info","event":"Filling up the DagBag from /opt/airflow/dags/ingestion_dag.py","logger":"airflow.dag_processing.dagbag.BundleDagBag","filename":"dagbag.py","lineno":469}
{"timestamp":"2026-06-12T15:31:46.458115Z","level":"info","event":"Filling up the DagBag from /opt/airflow/dags/ingestion_dag.py","logger":"airflow.dag_processing.dagbag.BundleDagBag","filename":"dagbag.py","lineno":469}
{"timestamp":"2026-06-12T15:32:17.259629Z","level":"info","event":"Filling up the DagBag from /opt/airflow/dags/ingestion_dag.py","logger":"airflow.dag_processing.dagbag.BundleDagBag","filename":"dagbag.py","lineno":469}
{"timestamp":"2026-06-12T15:32:48.035208Z","level":"info","event":"Filling up the DagBag from /opt/airflow/dags/ingestion_dag.py","logger":"airflow.dag_processing.dagbag.BundleDagBag","filename":"dagbag.py","lineno":469}
{"timestamp":"2026-06-12T15:33:18.771095Z","level":"info","event":"Filling up the DagBag from /opt/airflow/dags/ingestion_dag.py","logger":"airflow.dag_processing.dagbag.BundleDagBag","filename":"dagbag.py","lineno":469}
{"timestamp":"2026-06-12T15:33:49.567034Z","level":"info","event":"Filling up the DagBag from /opt/airflow/dags/ingestion_dag.py","logger":"airflow.dag_processing.dagbag.BundleDagBag","filename":"dagbag.py","lineno":469}
{"timestamp":"2026-06-12T15:34:20.353890Z","level":"info","event":"Filling up the DagBag from /opt/airflow/dags/ingestion_dag.py","logger":"airflow.dag_processing.dagbag.BundleDagBag","filename":"dagbag.py","lineno":469}
{"timestamp":"2026-06-12T15:34:51.093254Z","level":"info","event":"Filling up the DagBag from /opt/airflow/dags/ingestion_dag.py","logger":"airflow.dag_processing.dagbag.BundleDagBag","filename":"dagbag.py","lineno":469}
{"timestamp":"2026-06-12T15:35:21.888299Z","level":"info","event":"Filling up the DagBag from /opt/airflow/dags/ingestion_dag.py","logger":"airflow.dag_processing.dagbag.BundleDagBag","filename":"dagbag.py","lineno":469}
{"timestamp":"2026-06-12T15:35:52.640549Z","level":"info","event":"Filling up the DagBag from /opt/airflow/dags/ingestion_dag.py","logger":"airflow.dag_processing.dagbag.BundleDagBag","filename":"dagbag.py","lineno":469}
{"timestamp":"2026-06-12T15:36:23.501851Z","level":"info","event":"Filling up the DagBag from /opt/airflow/dags/ingestion_dag.py","logger":"airflow.dag_processing.dagbag.BundleDagBag","filename":"dagbag.py","lineno":469}
{"timestamp":"2026-06-12T15:36:54.292600Z","level":"info","event":"Filling up the DagBag from /opt/airflow/dags/ingestion_dag.py","logger":"airflow.dag_processing.dagbag.BundleDagBag","filename":"dagbag.py","lineno":469}
{"timestamp":"2026-06-12T15:37:25.053645Z","level":"info","event":"Filling up the DagBag from /opt/airflow/dags/ingestion_dag.py","logger":"airflow.dag_processing.dagbag.BundleDagBag","filename":"dagbag.py","lineno":469}
{"timestamp":"2026-06-12T15:37:55.782969Z","level":"info","event":"Filling up the DagBag from /opt/airflow/dags/ingestion_dag.py","logger":"airflow.dag_processing.dagbag.BundleDagBag","filename":"dagbag.py","lineno":469}
{"timestamp":"2026-06-12T15:38:26.568525Z","level":"info","event":"Filling up the DagBag from /opt/airflow/dags/ingestion_dag.py","logger":"airflow.dag_processing.dagbag.BundleDagBag","filename":"dagbag.py","lineno":469}
{"timestamp":"2026-06-12T15:38:57.304331Z","level":"info","event":"Filling up the DagBag from /opt/airflow/dags/ingestion_dag.py","logger":"airflow.dag_processing.dagbag.BundleDagBag","filename":"dagbag.py","lineno":469}
{"timestamp":"2026-06-12T15:39:28.028769Z","level":"info","event":"Filling up the DagBag from /opt/airflow/dags/ingestion_dag.py","logger":"airflow.dag_processing.dagbag.BundleDagBag","filename":"dagbag.py","lineno":469}
{"timestamp":"2026-06-12T15:39:58.789457Z","level":"info","event":"Filling up the DagBag from /opt/airflow/dags/ingestion_dag.py","logger":"airflow.dag_processing.dagbag.BundleDagBag","filename":"dagbag.py","lineno":469}
{"timestamp":"2026-06-12T15:40:29.596304Z","level":"info","event":"Filling up the DagBag from /opt/airflow/dags/ingestion_dag.py","logger":"airflow.dag_processing.dagbag.BundleDagBag","filename":"dagbag.py","lineno":469}
{"timestamp":"2026-06-12T15:41:00.340140Z","level":"info","event":"Filling up the DagBag from /opt/airflow/dags/ingestion_dag.py","logger":"airflow.dag_processing.dagbag.BundleDagBag","filename":"dagbag.py","lineno":469}
{"timestamp":"2026-06-12T15:41:31.056512Z","level":"info","event":"Filling up the DagBag from /opt/airflow/dags/ingestion_dag.py","logger":"airflow.dag_processing.dagbag.BundleDagBag","filename":"dagbag.py","lineno":469}
{"timestamp":"2026-06-12T15:42:01.835095Z","level":"info","event":"Filling up the DagBag from /opt/airflow/dags/ingestion_dag.py","logger":"airflow.dag_processing.dagbag.BundleDagBag","filename":"dagbag.py","lineno":469}
{"timestamp":"2026-06-12T15:42:32.584188Z","level":"info","event":"Filling up the DagBag from /opt/airflow/dags/ingestion_dag.py","logger":"airflow.dag_processing.dagbag.BundleDagBag","filename":"dagbag.py","lineno":469}
{"timestamp":"2026-06-12T15:43:03.333311Z","level":"info","event":"Filling up the DagBag from /opt/airflow/dags/ingestion_dag.py","logger":"airflow.dag_processing.dagbag.BundleDagBag","filename":"dagbag.py","lineno":469}
{"timestamp":"2026-06-12T15:43:34.091930Z","level":"info","event":"Filling up the DagBag from /opt/airflow/dags/ingestion_dag.py","logger":"airflow.dag_processing.dagbag.BundleDagBag","filename":"dagbag.py","lineno":469}
{"timestamp":"2026-06-12T15:44:04.852299Z","level":"info","event":"Filling up the DagBag from /opt/airflow/dags/ingestion_dag.py","logger":"airflow.dag_processing.dagbag.BundleDagBag","filename":"dagbag.py","lineno":469}
{"timestamp":"2026-06-12T15:44:35.614088Z","level":"info","event":"Filling up the DagBag from /opt/airflow/dags/ingestion_dag.py","logger":"airflow.dag_processing.dagbag.BundleDagBag","filename":"dagbag.py","lineno":469}
{"timestamp":"2026-06-12T15:45:06.338795Z","level":"info","event":"Filling up the DagBag from /opt/airflow/dags/ingestion_dag.py","logger":"airflow.dag_processing.dagbag.BundleDagBag","filename":"dagbag.py","lineno":469}
{"timestamp":"2026-06-12T15:45:37.089217Z","level":"info","event":"Filling up the DagBag from /opt/airflow/dags/ingestion_dag.py","logger":"airflow.dag_processing.dagbag.BundleDagBag","filename":"dagbag.py","lineno":469}
{"timestamp":"2026-06-12T15:46:07.844270Z","level":"info","event":"Filling up the DagBag from /opt/airflow/dags/ingestion_dag.py","logger":"airflow.dag_processing.dagbag.BundleDagBag","filename":"dagbag.py","lineno":469}
{"timestamp":"2026-06-12T15:46:38.607016Z","level":"info","event":"Filling up the DagBag from /opt/airflow/dags/ingestion_dag.py","logger":"airflow.dag_processing.dagbag.BundleDagBag","filename":"dagbag.py","lineno":469}
{"timestamp":"2026-06-12T15:47:09.288157Z","level":"info","event":"Filling up the DagBag from /opt/airflow/dags/ingestion_dag.py","logger":"airflow.dag_processing.dagbag.BundleDagBag","filename":"dagbag.py","lineno":469}
{"timestamp":"2026-06-12T15:47:40.149355Z","level":"info","event":"Filling up the DagBag from /opt/airflow/dags/ingestion_dag.py","logger":"airflow.dag_processing.dagbag.BundleDagBag","filename":"dagbag.py","lineno":469}
{"timestamp":"2026-06-12T15:48:10.894871Z","level":"info","event":"Filling up the DagBag from /opt/airflow/dags/ingestion_dag.py","logger":"airflow.dag_processing.dagbag.BundleDagBag","filename":"dagbag.py","lineno":469}
{"timestamp":"2026-06-12T15:48:41.638152Z","level":"info","event":"Filling up the DagBag from /opt/airflow/dags/ingestion_dag.py","logger":"airflow.dag_processing.dagbag.BundleDagBag","filename":"dagbag.py","lineno":469}
{"timestamp":"2026-06-12T15:49:12.384616Z","level":"info","event":"Filling up the DagBag from /opt/airflow/dags/ingestion_dag.py","logger":"airflow.dag_processing.dagbag.BundleDagBag","filename":"dagbag.py","lineno":469}
{"timestamp":"2026-06-12T15:49:43.133888Z","level":"info","event":"Filling up the DagBag from /opt/airflow/dags/ingestion_dag.py","logger":"airflow.dag_processing.dagbag.BundleDagBag","filename":"dagbag.py","lineno":469}
{"timestamp":"2026-06-12T15:50:13.863037Z","level":"info","event":"Filling up the DagBag from /opt/airflow/dags/ingestion_dag.py","logger":"airflow.dag_processing.dagbag.BundleDagBag","filename":"dagbag.py","lineno":469}
{"timestamp":"2026-06-12T15:50:44.585685Z","level":"info","event":"Filling up the DagBag from /opt/airflow/dags/ingestion_dag.py","logger":"airflow.dag_processing.dagbag.BundleDagBag","filename":"dagbag.py","lineno":469}
{"timestamp":"2026-06-12T15:51:15.366286Z","level":"info","event":"Filling up the DagBag from /opt/airflow/dags/ingestion_dag.py","logger":"airflow.dag_processing.dagbag.BundleDagBag","filename":"dagbag.py","lineno":469}
{"timestamp":"2026-06-12T15:51:46.148675Z","level":"info","event":"Filling up the DagBag from /opt/airflow/dags/ingestion_dag.py","logger":"airflow.dag_processing.dagbag.BundleDagBag","filename":"dagbag.py","lineno":469}
{"timestamp":"2026-06-12T15:52:16.909125Z","level":"info","event":"Filling up the DagBag from /opt/airflow/dags/ingestion_dag.py","logger":"airflow.dag_processing.dagbag.BundleDagBag","filename":"dagbag.py","lineno":469}
{"timestamp":"2026-06-12T15:52:47.623228Z","level":"info","event":"Filling up the DagBag from /opt/airflow/dags/ingestion_dag.py","logger":"airflow.dag_processing.dagbag.BundleDagBag","filename":"dagbag.py","lineno":469}
{"timestamp":"2026-06-12T15:53:18.390208Z","level":"info","event":"Filling up the DagBag from /opt/airflow/dags/ingestion_dag.py","logger":"airflow.dag_processing.dagbag.BundleDagBag","filename":"dagbag.py","lineno":469}
{"timestamp":"2026-06-12T15:53:49.172137Z","level":"info","event":"Filling up the DagBag from /opt/airflow/dags/ingestion_dag.py","logger":"airflow.dag_processing.dagbag.BundleDagBag","filename":"dagbag.py","lineno":469}
{"timestamp":"2026-06-12T15:54:19.956086Z","level":"info","event":"Filling up the DagBag from /opt/airflow/dags/ingestion_dag.py","logger":"airflow.dag_processing.dagbag.BundleDagBag","filename":"dagbag.py","lineno":469}
{"timestamp":"2026-06-12T15:54:50.791468Z","level":"info","event":"Filling up the DagBag from /opt/airflow/dags/ingestion_dag.py","logger":"airflow.dag_processing.dagbag.BundleDagBag","filename":"dagbag.py","lineno":469}
{"timestamp":"2026-06-12T15:55:21.557761Z","level":"info","event":"Filling up the DagBag from /opt/airflow/dags/ingestion_dag.py","logger":"airflow.dag_processing.dagbag.BundleDagBag","filename":"dagbag.py","lineno":469}
{"timestamp":"2026-06-12T15:55:52.307390Z","level":"info","event":"Filling up the DagBag from /opt/airflow/dags/ingestion_dag.py","logger":"airflow.dag_processing.dagbag.BundleDagBag","filename":"dagbag.py","lineno":469}
{"timestamp":"2026-06-12T15:56:23.084969Z","level":"info","event":"Filling up the DagBag from /opt/airflow/dags/ingestion_dag.py","logger":"airflow.dag_processing.dagbag.BundleDagBag","filename":"dagbag.py","lineno":469}
{"timestamp":"2026-06-12T15:56:53.811526Z","level":"info","event":"Filling up the DagBag from /opt/airflow/dags/ingestion_dag.py","logger":"airflow.dag_processing.dagbag.BundleDagBag","filename":"dagbag.py","lineno":469}
{"timestamp":"2026-06-12T15:57:24.565520Z","level":"info","event":"Filling up the DagBag from /opt/airflow/dags/ingestion_dag.py","logger":"airflow.dag_processing.dagbag.BundleDagBag","filename":"dagbag.py","lineno":469}
{"timestamp":"2026-06-12T15:57:55.351751Z","level":"info","event":"Filling up the DagBag from /opt/airflow/dags/ingestion_dag.py","logger":"airflow.dag_processing.dagbag.BundleDagBag","filename":"dagbag.py","lineno":469}
{"timestamp":"2026-06-12T15:58:26.067931Z","level":"info","event":"Filling up the DagBag from /opt/airflow/dags/ingestion_dag.py","logger":"airflow.dag_processing.dagbag.BundleDagBag","filename":"dagbag.py","lineno":469}
{"timestamp":"2026-06-12T15:58:56.801829Z","level":"info","event":"Filling up the DagBag from /opt/airflow/dags/ingestion_dag.py","logger":"airflow.dag_processing.dagbag.BundleDagBag","filename":"dagbag.py","lineno":469}
{"timestamp":"2026-06-12T15:59:27.535013Z","level":"info","event":"Filling up the DagBag from /opt/airflow/dags/ingestion_dag.py","logger":"airflow.dag_processing.dagbag.BundleDagBag","filename":"dagbag.py","lineno":469}
{"timestamp":"2026-06-12T15:59:58.290589Z","level":"info","event":"Filling up the DagBag from /opt/airflow/dags/ingestion_dag.py","logger":"airflow.dag_processing.dagbag.BundleDagBag","filename":"dagbag.py","lineno":469}
{"timestamp":"2026-06-12T16:00:29.025456Z","level":"info","event":"Filling up the DagBag from /opt/airflow/dags/ingestion_dag.py","logger":"airflow.dag_processing.dagbag.BundleDagBag","filename":"dagbag.py","lineno":469}
{"timestamp":"2026-06-12T16:00:59.804199Z","level":"info","event":"Filling up the DagBag from /opt/airflow/dags/ingestion_dag.py","logger":"airflow.dag_processing.dagbag.BundleDagBag","filename":"dagbag.py","lineno":469}
{"timestamp":"2026-06-12T16:01:30.554814Z","level":"info","event":"Filling up the DagBag from /opt/airflow/dags/ingestion_dag.py","logger":"airflow.dag_processing.dagbag.BundleDagBag","filename":"dagbag.py","lineno":469}
{"timestamp":"2026-06-12T16:02:01.355559Z","level":"info","event":"Filling up the DagBag from /opt/airflow/dags/ingestion_dag.py","logger":"airflow.dag_processing.dagbag.BundleDagBag","filename":"dagbag.py","lineno":469}
{"timestamp":"2026-06-12T16:02:32.069688Z","level":"info","event":"Filling up the DagBag from /opt/airflow/dags/ingestion_dag.py","logger":"airflow.dag_processing.dagbag.BundleDagBag","filename":"dagbag.py","lineno":469}
{"timestamp":"2026-06-12T16:03:02.845758Z","level":"info","event":"Filling up the DagBag from /opt/airflow/dags/ingestion_dag.py","logger":"airflow.dag_processing.dagbag.BundleDagBag","filename":"dagbag.py","lineno":469}
{"timestamp":"2026-06-12T16:03:33.644190Z","level":"info","event":"Filling up the DagBag from /opt/airflow/dags/ingestion_dag.py","logger":"airflow.dag_processing.dagbag.BundleDagBag","filename":"dagbag.py","lineno":469}
{"timestamp":"2026-06-12T16:04:04.390751Z","level":"info","event":"Filling up the DagBag from /opt/airflow/dags/ingestion_dag.py","logger":"airflow.dag_processing.dagbag.BundleDagBag","filename":"dagbag.py","lineno":469}
{"timestamp":"2026-06-12T16:04:35.090835Z","level":"info","event":"Filling up the DagBag from /opt/airflow/dags/ingestion_dag.py","logger":"airflow.dag_processing.dagbag.BundleDagBag","filename":"dagbag.py","lineno":469}
{"timestamp":"2026-06-12T16:05:05.814165Z","level":"info","event":"Filling up the DagBag from /opt/airflow/dags/ingestion_dag.py","logger":"airflow.dag_processing.dagbag.BundleDagBag","filename":"dagbag.py","lineno":469}
{"timestamp":"2026-06-12T16:05:36.544027Z","level":"info","event":"Filling up the DagBag from /opt/airflow/dags/ingestion_dag.py","logger":"airflow.dag_processing.dagbag.BundleDagBag","filename":"dagbag.py","lineno":469}
{"timestamp":"2026-06-12T16:06:07.191048Z","level":"info","event":"Filling up the DagBag from /opt/airflow/dags/ingestion_dag.py","logger":"airflow.dag_processing.dagbag.BundleDagBag","filename":"dagbag.py","lineno":469}
{"timestamp":"2026-06-12T16:06:37.988579Z","level":"info","event":"Filling up the DagBag from /opt/airflow/dags/ingestion_dag.py","logger":"airflow.dag_processing.dagbag.BundleDagBag","filename":"dagbag.py","lineno":469}
{"timestamp":"2026-06-12T16:07:08.685411Z","level":"info","event":"Filling up the DagBag from /opt/airflow/dags/ingestion_dag.py","logger":"airflow.dag_processing.dagbag.BundleDagBag","filename":"dagbag.py","lineno":469}
{"timestamp":"2026-06-12T16:07:39.407418Z","level":"info","event":"Filling up the DagBag from /opt/airflow/dags/ingestion_dag.py","logger":"airflow.dag_processing.dagbag.BundleDagBag","filename":"dagbag.py","lineno":469}
{"timestamp":"2026-06-12T16:08:10.136742Z","level":"info","event":"Filling up the DagBag from /opt/airflow/dags/ingestion_dag.py","logger":"airflow.dag_processing.dagbag.BundleDagBag","filename":"dagbag.py","lineno":469}
{"timestamp":"2026-06-12T16:08:40.847048Z","level":"info","event":"Filling up the DagBag from /opt/airflow/dags/ingestion_dag.py","logger":"airflow.dag_processing.dagbag.BundleDagBag","filename":"dagbag.py","lineno":469}
{"timestamp":"2026-06-12T16:09:11.609270Z","level":"info","event":"Filling up the DagBag from /opt/airflow/dags/ingestion_dag.py","logger":"airflow.dag_processing.dagbag.BundleDagBag","filename":"dagbag.py","lineno":469}
{"timestamp":"2026-06-12T16:09:42.328721Z","level":"info","event":"Filling up the DagBag from /opt/airflow/dags/ingestion_dag.py","logger":"airflow.dag_processing.dagbag.BundleDagBag","filename":"dagbag.py","lineno":469}
{"timestamp":"2026-06-12T16:10:13.051474Z","level":"info","event":"Filling up the DagBag from /opt/airflow/dags/ingestion_dag.py","logger":"airflow.dag_processing.dagbag.BundleDagBag","filename":"dagbag.py","lineno":469}
{"timestamp":"2026-06-12T16:10:43.777325Z","level":"info","event":"Filling up the DagBag from /opt/airflow/dags/ingestion_dag.py","logger":"airflow.dag_processing.dagbag.BundleDagBag","filename":"dagbag.py","lineno":469}
{"timestamp":"2026-06-12T16:11:14.503743Z","level":"info","event":"Filling up the DagBag from /opt/airflow/dags/ingestion_dag.py","logger":"airflow.dag_processing.dagbag.BundleDagBag","filename":"dagbag.py","lineno":469}
{"timestamp":"2026-06-12T16:11:45.251329Z","level":"info","event":"Filling up the DagBag from /opt/airflow/dags/ingestion_dag.py","logger":"airflow.dag_processing.dagbag.BundleDagBag","filename":"dagbag.py","lineno":469}
{"timestamp":"2026-06-12T16:12:16.013348Z","level":"info","event":"Filling up the DagBag from /opt/airflow/dags/ingestion_dag.py","logger":"airflow.dag_processing.dagbag.BundleDagBag","filename":"dagbag.py","lineno":469}
{"timestamp":"2026-06-12T16:12:46.711321Z","level":"info","event":"Filling up the DagBag from /opt/airflow/dags/ingestion_dag.py","logger":"airflow.dag_processing.dagbag.BundleDagBag","filename":"dagbag.py","lineno":469}
{"timestamp":"2026-06-12T16:13:17.430734Z","level":"info","event":"Filling up the DagBag from /opt/airflow/dags/ingestion_dag.py","logger":"airflow.dag_processing.dagbag.BundleDagBag","filename":"dagbag.py","lineno":469}
{"timestamp":"2026-06-12T16:13:48.147999Z","level":"info","event":"Filling up the DagBag from /opt/airflow/dags/ingestion_dag.py","logger":"airflow.dag_processing.dagbag.BundleDagBag","filename":"dagbag.py","lineno":469}
{"timestamp":"2026-06-12T16:14:18.868537Z","level":"info","event":"Filling up the DagBag from /opt/airflow/dags/ingestion_dag.py","logger":"airflow.dag_processing.dagbag.BundleDagBag","filename":"dagbag.py","lineno":469}
{"timestamp":"2026-06-12T16:14:49.615446Z","level":"info","event":"Filling up the DagBag from /opt/airflow/dags/ingestion_dag.py","logger":"airflow.dag_processing.dagbag.BundleDagBag","filename":"dagbag.py","lineno":469}
{"timestamp":"2026-06-12T16:15:20.328436Z","level":"info","event":"Filling up the DagBag from /opt/airflow/dags/ingestion_dag.py","logger":"airflow.dag_processing.dagbag.BundleDagBag","filename":"dagbag.py","lineno":469}
{"timestamp":"2026-06-12T16:15:51.040170Z","level":"info","event":"Filling up the DagBag from /opt/airflow/dags/ingestion_dag.py","logger":"airflow.dag_processing.dagbag.BundleDagBag","filename":"dagbag.py","lineno":469}
{"timestamp":"2026-06-12T16:16:21.748173Z","level":"info","event":"Filling up the DagBag from /opt/airflow/dags/ingestion_dag.py","logger":"airflow.dag_processing.dagbag.BundleDagBag","filename":"dagbag.py","lineno":469}
{"timestamp":"2026-06-12T16:16:52.460673Z","level":"info","event":"Filling up the DagBag from /opt/airflow/dags/ingestion_dag.py","logger":"airflow.dag_processing.dagbag.BundleDagBag","filename":"dagbag.py","lineno":469}
{"timestamp":"2026-06-12T16:17:23.164585Z","level":"info","event":"Filling up the DagBag from /opt/airflow/dags/ingestion_dag.py","logger":"airflow.dag_processing.dagbag.BundleDagBag","filename":"dagbag.py","lineno":469}
{"timestamp":"2026-06-12T16:17:53.898635Z","level":"info","event":"Filling up the DagBag from /opt/airflow/dags/ingestion_dag.py","logger":"airflow.dag_processing.dagbag.BundleDagBag","filename":"dagbag.py","lineno":469}
{"timestamp":"2026-06-12T16:18:24.615455Z","level":"info","event":"Filling up the DagBag from /opt/airflow/dags/ingestion_dag.py","logger":"airflow.dag_processing.dagbag.BundleDagBag","filename":"dagbag.py","lineno":469}
{"timestamp":"2026-06-12T16:18:55.316298Z","level":"info","event":"Filling up the DagBag from /opt/airflow/dags/ingestion_dag.py","logger":"airflow.dag_processing.dagbag.BundleDagBag","filename":"dagbag.py","lineno":469}
{"timestamp":"2026-06-12T16:19:26.011016Z","level":"info","event":"Filling up the DagBag from /opt/airflow/dags/ingestion_dag.py","logger":"airflow.dag_processing.dagbag.BundleDagBag","filename":"dagbag.py","lineno":469}
{"timestamp":"2026-06-12T16:19:56.702475Z","level":"info","event":"Filling up the DagBag from /opt/airflow/dags/ingestion_dag.py","logger":"airflow.dag_processing.dagbag.BundleDagBag","filename":"dagbag.py","lineno":469}
{"timestamp":"2026-06-12T16:20:27.411326Z","level":"info","event":"Filling up the DagBag from /opt/airflow/dags/ingestion_dag.py","logger":"airflow.dag_processing.dagbag.BundleDagBag","filename":"dagbag.py","lineno":469}
{"timestamp":"2026-06-12T16:20:58.165495Z","level":"info","event":"Filling up the DagBag from /opt/airflow/dags/ingestion_dag.py","logger":"airflow.dag_processing.dagbag.BundleDagBag","filename":"dagbag.py","lineno":469}
{"timestamp":"2026-06-12T16:21:28.938036Z","level":"info","event":"Filling up the DagBag from /opt/airflow/dags/ingestion_dag.py","logger":"airflow.dag_processing.dagbag.BundleDagBag","filename":"dagbag.py","lineno":469}
{"timestamp":"2026-06-12T16:21:59.704343Z","level":"info","event":"Filling up the DagBag from /opt/airflow/dags/ingestion_dag.py","logger":"airflow.dag_processing.dagbag.BundleDagBag","filename":"dagbag.py","lineno":469}
{"timestamp":"2026-06-12T16:22:30.391376Z","level":"info","event":"Filling up the DagBag from /opt/airflow/dags/ingestion_dag.py","logger":"airflow.dag_processing.dagbag.BundleDagBag","filename":"dagbag.py","lineno":469}
{"timestamp":"2026-06-12T16:23:01.075626Z","level":"info","event":"Filling up the DagBag from /opt/airflow/dags/ingestion_dag.py","logger":"airflow.dag_processing.dagbag.BundleDagBag","filename":"dagbag.py","lineno":469}
{"timestamp":"2026-06-12T16:23:31.779997Z","level":"info","event":"Filling up the DagBag from /opt/airflow/dags/ingestion_dag.py","logger":"airflow.dag_processing.dagbag.BundleDagBag","filename":"dagbag.py","lineno":469}
{"timestamp":"2026-06-12T16:24:02.554284Z","level":"info","event":"Filling up the DagBag from /opt/airflow/dags/ingestion_dag.py","logger":"airflow.dag_processing.dagbag.BundleDagBag","filename":"dagbag.py","lineno":469}
{"timestamp":"2026-06-12T16:24:33.300359Z","level":"info","event":"Filling up the DagBag from /opt/airflow/dags/ingestion_dag.py","logger":"airflow.dag_processing.dagbag.BundleDagBag","filename":"dagbag.py","lineno":469}
{"timestamp":"2026-06-12T16:25:03.901569Z","level":"info","event":"Filling up the DagBag from /opt/airflow/dags/ingestion_dag.py","logger":"airflow.dag_processing.dagbag.BundleDagBag","filename":"dagbag.py","lineno":469}
{"timestamp":"2026-06-12T16:25:34.650623Z","level":"info","event":"Filling up the DagBag from /opt/airflow/dags/ingestion_dag.py","logger":"airflow.dag_processing.dagbag.BundleDagBag","filename":"dagbag.py","lineno":469}
{"timestamp":"2026-06-12T16:26:05.329443Z","level":"info","event":"Filling up the DagBag from /opt/airflow/dags/ingestion_dag.py","logger":"airflow.dag_processing.dagbag.BundleDagBag","filename":"dagbag.py","lineno":469}
{"timestamp":"2026-06-12T16:26:36.034836Z","level":"info","event":"Filling up the DagBag from /opt/airflow/dags/ingestion_dag.py","logger":"airflow.dag_processing.dagbag.BundleDagBag","filename":"dagbag.py","lineno":469}
{"timestamp":"2026-06-12T16:27:06.742509Z","level":"info","event":"Filling up the DagBag from /opt/airflow/dags/ingestion_dag.py","logger":"airflow.dag_processing.dagbag.BundleDagBag","filename":"dagbag.py","lineno":469}
{"timestamp":"2026-06-12T16:27:37.463109Z","level":"info","event":"Filling up the DagBag from /opt/airflow/dags/ingestion_dag.py","logger":"airflow.dag_processing.dagbag.BundleDagBag","filename":"dagbag.py","lineno":469}
{"timestamp":"2026-06-12T16:28:08.159131Z","level":"info","event":"Filling up the DagBag from /opt/airflow/dags/ingestion_dag.py","logger":"airflow.dag_processing.dagbag.BundleDagBag","filename":"dagbag.py","lineno":469}
{"timestamp":"2026-06-12T16:28:38.904918Z","level":"info","event":"Filling up the DagBag from /opt/airflow/dags/ingestion_dag.py","logger":"airflow.dag_processing.dagbag.BundleDagBag","filename":"dagbag.py","lineno":469}
{"timestamp":"2026-06-12T16:29:09.650493Z","level":"info","event":"Filling up the DagBag from /opt/airflow/dags/ingestion_dag.py","logger":"airflow.dag_processing.dagbag.BundleDagBag","filename":"dagbag.py","lineno":469}
{"timestamp":"2026-06-12T16:29:40.374004Z","level":"info","event":"Filling up the DagBag from /opt/airflow/dags/ingestion_dag.py","logger":"airflow.dag_processing.dagbag.BundleDagBag","filename":"dagbag.py","lineno":469}
{"timestamp":"2026-06-12T16:30:11.053776Z","level":"info","event":"Filling up the DagBag from /opt/airflow/dags/ingestion_dag.py","logger":"airflow.dag_processing.dagbag.BundleDagBag","filename":"dagbag.py","lineno":469}
{"timestamp":"2026-06-12T16:30:41.754846Z","level":"info","event":"Filling up the DagBag from /opt/airflow/dags/ingestion_dag.py","logger":"airflow.dag_processing.dagbag.BundleDagBag","filename":"dagbag.py","lineno":469}
{"timestamp":"2026-06-12T16:31:12.515672Z","level":"info","event":"Filling up the DagBag from /opt/airflow/dags/ingestion_dag.py","logger":"airflow.dag_processing.dagbag.BundleDagBag","filename":"dagbag.py","lineno":469}
{"timestamp":"2026-06-12T16:31:43.209288Z","level":"info","event":"Filling up the DagBag from /opt/airflow/dags/ingestion_dag.py","logger":"airflow.dag_processing.dagbag.BundleDagBag","filename":"dagbag.py","lineno":469}
{"timestamp":"2026-06-12T16:32:13.904543Z","level":"info","event":"Filling up the DagBag from /opt/airflow/dags/ingestion_dag.py","logger":"airflow.dag_processing.dagbag.BundleDagBag","filename":"dagbag.py","lineno":469}
{"timestamp":"2026-06-12T16:32:44.629811Z","level":"info","event":"Filling up the DagBag from /opt/airflow/dags/ingestion_dag.py","logger":"airflow.dag_processing.dagbag.BundleDagBag","filename":"dagbag.py","lineno":469}
{"timestamp":"2026-06-12T16:33:15.321572Z","level":"info","event":"Filling up the DagBag from /opt/airflow/dags/ingestion_dag.py","logger":"airflow.dag_processing.dagbag.BundleDagBag","filename":"dagbag.py","lineno":469}
{"timestamp":"2026-06-12T16:33:45.975016Z","level":"info","event":"Filling up the DagBag from /opt/airflow/dags/ingestion_dag.py","logger":"airflow.dag_processing.dagbag.BundleDagBag","filename":"dagbag.py","lineno":469}
{"timestamp":"2026-06-12T16:34:16.699019Z","level":"info","event":"Filling up the DagBag from /opt/airflow/dags/ingestion_dag.py","logger":"airflow.dag_processing.dagbag.BundleDagBag","filename":"dagbag.py","lineno":469}
{"timestamp":"2026-06-12T16:34:47.414261Z","level":"info","event":"Filling up the DagBag from /opt/airflow/dags/ingestion_dag.py","logger":"airflow.dag_processing.dagbag.BundleDagBag","filename":"dagbag.py","lineno":469}
{"timestamp":"2026-06-12T16:35:18.132271Z","level":"info","event":"Filling up the DagBag from /opt/airflow/dags/ingestion_dag.py","logger":"airflow.dag_processing.dagbag.BundleDagBag","filename":"dagbag.py","lineno":469}
{"timestamp":"2026-06-12T16:35:48.777061Z","level":"info","event":"Filling up the DagBag from /opt/airflow/dags/ingestion_dag.py","logger":"airflow.dag_processing.dagbag.BundleDagBag","filename":"dagbag.py","lineno":469}
{"timestamp":"2026-06-12T16:36:19.501224Z","level":"info","event":"Filling up the DagBag from /opt/airflow/dags/ingestion_dag.py","logger":"airflow.dag_processing.dagbag.BundleDagBag","filename":"dagbag.py","lineno":469}
{"timestamp":"2026-06-12T16:36:50.294045Z","level":"info","event":"Filling up the DagBag from /opt/airflow/dags/ingestion_dag.py","logger":"airflow.dag_processing.dagbag.BundleDagBag","filename":"dagbag.py","lineno":469}
{"timestamp":"2026-06-12T16:37:21.046227Z","level":"info","event":"Filling up the DagBag from /opt/airflow/dags/ingestion_dag.py","logger":"airflow.dag_processing.dagbag.BundleDagBag","filename":"dagbag.py","lineno":469}
{"timestamp":"2026-06-12T16:37:51.800447Z","level":"info","event":"Filling up the DagBag from /opt/airflow/dags/ingestion_dag.py","logger":"airflow.dag_processing.dagbag.BundleDagBag","filename":"dagbag.py","lineno":469}
{"timestamp":"2026-06-12T16:38:22.506783Z","level":"info","event":"Filling up the DagBag from /opt/airflow/dags/ingestion_dag.py","logger":"airflow.dag_processing.dagbag.BundleDagBag","filename":"dagbag.py","lineno":469}
{"timestamp":"2026-06-12T16:38:53.353744Z","level":"info","event":"Filling up the DagBag from /opt/airflow/dags/ingestion_dag.py","logger":"airflow.dag_processing.dagbag.BundleDagBag","filename":"dagbag.py","lineno":469}
{"timestamp":"2026-06-12T16:39:24.038826Z","level":"info","event":"Filling up the DagBag from /opt/airflow/dags/ingestion_dag.py","logger":"airflow.dag_processing.dagbag.BundleDagBag","filename":"dagbag.py","lineno":469}
{"timestamp":"2026-06-12T16:39:54.730007Z","level":"info","event":"Filling up the DagBag from /opt/airflow/dags/ingestion_dag.py","logger":"airflow.dag_processing.dagbag.BundleDagBag","filename":"dagbag.py","lineno":469}
{"timestamp":"2026-06-12T16:40:25.475438Z","level":"info","event":"Filling up the DagBag from /opt/airflow/dags/ingestion_dag.py","logger":"airflow.dag_processing.dagbag.BundleDagBag","filename":"dagbag.py","lineno":469}
{"timestamp":"2026-06-12T16:40:56.235592Z","level":"info","event":"Filling up the DagBag from /opt/airflow/dags/ingestion_dag.py","logger":"airflow.dag_processing.dagbag.BundleDagBag","filename":"dagbag.py","lineno":469}
{"timestamp":"2026-06-12T16:41:26.879532Z","level":"info","event":"Filling up the DagBag from /opt/airflow/dags/ingestion_dag.py","logger":"airflow.dag_processing.dagbag.BundleDagBag","filename":"dagbag.py","lineno":469}
{"timestamp":"2026-06-12T16:41:57.573301Z","level":"info","event":"Filling up the DagBag from /opt/airflow/dags/ingestion_dag.py","logger":"airflow.dag_processing.dagbag.BundleDagBag","filename":"dagbag.py","lineno":469}
{"timestamp":"2026-06-12T16:42:28.271186Z","level":"info","event":"Filling up the DagBag from /opt/airflow/dags/ingestion_dag.py","logger":"airflow.dag_processing.dagbag.BundleDagBag","filename":"dagbag.py","lineno":469}
{"timestamp":"2026-06-12T16:42:58.969505Z","level":"info","event":"Filling up the DagBag from /opt/airflow/dags/ingestion_dag.py","logger":"airflow.dag_processing.dagbag.BundleDagBag","filename":"dagbag.py","lineno":469}
{"timestamp":"2026-06-12T16:43:29.554673Z","level":"info","event":"Filling up the DagBag from /opt/airflow/dags/ingestion_dag.py","logger":"airflow.dag_processing.dagbag.BundleDagBag","filename":"dagbag.py","lineno":469}
{"timestamp":"2026-06-12T16:44:00.271580Z","level":"info","event":"Filling up the DagBag from /opt/airflow/dags/ingestion_dag.py","logger":"airflow.dag_processing.dagbag.BundleDagBag","filename":"dagbag.py","lineno":469}
{"timestamp":"2026-06-12T16:44:30.910958Z","level":"info","event":"Filling up the DagBag from /opt/airflow/dags/ingestion_dag.py","logger":"airflow.dag_processing.dagbag.BundleDagBag","filename":"dagbag.py","lineno":469}
{"timestamp":"2026-06-12T16:45:01.551433Z","level":"info","event":"Filling up the DagBag from /opt/airflow/dags/ingestion_dag.py","logger":"airflow.dag_processing.dagbag.BundleDagBag","filename":"dagbag.py","lineno":469}
{"timestamp":"2026-06-12T16:45:32.249353Z","level":"info","event":"Filling up the DagBag from /opt/airflow/dags/ingestion_dag.py","logger":"airflow.dag_processing.dagbag.BundleDagBag","filename":"dagbag.py","lineno":469}
{"timestamp":"2026-06-12T16:46:03.075848Z","level":"info","event":"Filling up the DagBag from /opt/airflow/dags/ingestion_dag.py","logger":"airflow.dag_processing.dagbag.BundleDagBag","filename":"dagbag.py","lineno":469}
{"timestamp":"2026-06-12T16:46:33.817528Z","level":"info","event":"Filling up the DagBag from /opt/airflow/dags/ingestion_dag.py","logger":"airflow.dag_processing.dagbag.BundleDagBag","filename":"dagbag.py","lineno":469}
{"timestamp":"2026-06-12T16:47:04.493054Z","level":"info","event":"Filling up the DagBag from /opt/airflow/dags/ingestion_dag.py","logger":"airflow.dag_processing.dagbag.BundleDagBag","filename":"dagbag.py","lineno":469}
{"timestamp":"2026-06-12T16:47:35.227579Z","level":"info","event":"Filling up the DagBag from /opt/airflow/dags/ingestion_dag.py","logger":"airflow.dag_processing.dagbag.BundleDagBag","filename":"dagbag.py","lineno":469}
{"timestamp":"2026-06-12T16:48:05.914357Z","level":"info","event":"Filling up the DagBag from /opt/airflow/dags/ingestion_dag.py","logger":"airflow.dag_processing.dagbag.BundleDagBag","filename":"dagbag.py","lineno":469}
{"timestamp":"2026-06-12T16:48:36.610147Z","level":"info","event":"Filling up the DagBag from /opt/airflow/dags/ingestion_dag.py","logger":"airflow.dag_processing.dagbag.BundleDagBag","filename":"dagbag.py","lineno":469}
{"timestamp":"2026-06-12T16:49:07.317865Z","level":"info","event":"Filling up the DagBag from /opt/airflow/dags/ingestion_dag.py","logger":"airflow.dag_processing.dagbag.BundleDagBag","filename":"dagbag.py","lineno":469}
{"timestamp":"2026-06-12T16:49:38.002675Z","level":"info","event":"Filling up the DagBag from /opt/airflow/dags/ingestion_dag.py","logger":"airflow.dag_processing.dagbag.BundleDagBag","filename":"dagbag.py","lineno":469}
{"timestamp":"2026-06-12T16:50:08.677087Z","level":"info","event":"Filling up the DagBag from /opt/airflow/dags/ingestion_dag.py","logger":"airflow.dag_processing.dagbag.BundleDagBag","filename":"dagbag.py","lineno":469}
{"timestamp":"2026-06-12T16:50:39.361501Z","level":"info","event":"Filling up the DagBag from /opt/airflow/dags/ingestion_dag.py","logger":"airflow.dag_processing.dagbag.BundleDagBag","filename":"dagbag.py","lineno":469}
{"timestamp":"2026-06-12T16:51:10.032516Z","level":"info","event":"Filling up the DagBag from /opt/airflow/dags/ingestion_dag.py","logger":"airflow.dag_processing.dagbag.BundleDagBag","filename":"dagbag.py","lineno":469}
{"timestamp":"2026-06-12T16:51:40.736402Z","level":"info","event":"Filling up the DagBag from /opt/airflow/dags/ingestion_dag.py","logger":"airflow.dag_processing.dagbag.BundleDagBag","filename":"dagbag.py","lineno":469}
{"timestamp":"2026-06-12T16:52:11.427971Z","level":"info","event":"Filling up the DagBag from /opt/airflow/dags/ingestion_dag.py","logger":"airflow.dag_processing.dagbag.BundleDagBag","filename":"dagbag.py","lineno":469}
{"timestamp":"2026-06-12T16:52:42.115030Z","level":"info","event":"Filling up the DagBag from /opt/airflow/dags/ingestion_dag.py","logger":"airflow.dag_processing.dagbag.BundleDagBag","filename":"dagbag.py","lineno":469}
{"timestamp":"2026-06-12T16:53:12.813808Z","level":"info","event":"Filling up the DagBag from /opt/airflow/dags/ingestion_dag.py","logger":"airflow.dag_processing.dagbag.BundleDagBag","filename":"dagbag.py","lineno":469}
{"timestamp":"2026-06-12T16:53:43.576817Z","level":"info","event":"Filling up the DagBag from /opt/airflow/dags/ingestion_dag.py","logger":"airflow.dag_processing.dagbag.BundleDagBag","filename":"dagbag.py","lineno":469}
{"timestamp":"2026-06-12T16:54:14.261174Z","level":"info","event":"Filling up the DagBag from /opt/airflow/dags/ingestion_dag.py","logger":"airflow.dag_processing.dagbag.BundleDagBag","filename":"dagbag.py","lineno":469}
{"timestamp":"2026-06-12T16:54:44.957893Z","level":"info","event":"Filling up the DagBag from /opt/airflow/dags/ingestion_dag.py","logger":"airflow.dag_processing.dagbag.BundleDagBag","filename":"dagbag.py","lineno":469}
{"timestamp":"2026-06-12T16:55:15.636855Z","level":"info","event":"Filling up the DagBag from /opt/airflow/dags/ingestion_dag.py","logger":"airflow.dag_processing.dagbag.BundleDagBag","filename":"dagbag.py","lineno":469}
{"timestamp":"2026-06-12T16:55:46.326054Z","level":"info","event":"Filling up the DagBag from /opt/airflow/dags/ingestion_dag.py","logger":"airflow.dag_processing.dagbag.BundleDagBag","filename":"dagbag.py","lineno":469}
{"timestamp":"2026-06-12T16:56:16.992815Z","level":"info","event":"Filling up the DagBag from /opt/airflow/dags/ingestion_dag.py","logger":"airflow.dag_processing.dagbag.BundleDagBag","filename":"dagbag.py","lineno":469}
{"timestamp":"2026-06-12T16:56:47.762005Z","level":"info","event":"Filling up the DagBag from /opt/airflow/dags/ingestion_dag.py","logger":"airflow.dag_processing.dagbag.BundleDagBag","filename":"dagbag.py","lineno":469}
{"timestamp":"2026-06-12T16:57:18.447803Z","level":"info","event":"Filling up the DagBag from /opt/airflow/dags/ingestion_dag.py","logger":"airflow.dag_processing.dagbag.BundleDagBag","filename":"dagbag.py","lineno":469}
{"timestamp":"2026-06-12T16:57:49.104648Z","level":"info","event":"Filling up the DagBag from /opt/airflow/dags/ingestion_dag.py","logger":"airflow.dag_processing.dagbag.BundleDagBag","filename":"dagbag.py","lineno":469}
{"timestamp":"2026-06-12T16:58:20.195220Z","level":"info","event":"Filling up the DagBag from /opt/airflow/dags/ingestion_dag.py","logger":"airflow.dag_processing.dagbag.BundleDagBag","filename":"dagbag.py","lineno":469}
{"timestamp":"2026-06-12T16:58:51.117204Z","level":"info","event":"Filling up the DagBag from /opt/airflow/dags/ingestion_dag.py","logger":"airflow.dag_processing.dagbag.BundleDagBag","filename":"dagbag.py","lineno":469}
{"timestamp":"2026-06-12T16:59:21.806037Z","level":"info","event":"Filling up the DagBag from /opt/airflow/dags/ingestion_dag.py","logger":"airflow.dag_processing.dagbag.BundleDagBag","filename":"dagbag.py","lineno":469}
{"timestamp":"2026-06-12T16:59:52.517436Z","level":"info","event":"Filling up the DagBag from /opt/airflow/dags/ingestion_dag.py","logger":"airflow.dag_processing.dagbag.BundleDagBag","filename":"dagbag.py","lineno":469}
{"timestamp":"2026-06-12T17:00:23.240877Z","level":"info","event":"Filling up the DagBag from /opt/airflow/dags/ingestion_dag.py","logger":"airflow.dag_processing.dagbag.BundleDagBag","filename":"dagbag.py","lineno":469}
{"timestamp":"2026-06-12T17:00:53.910797Z","level":"info","event":"Filling up the DagBag from /opt/airflow/dags/ingestion_dag.py","logger":"airflow.dag_processing.dagbag.BundleDagBag","filename":"dagbag.py","lineno":469}
{"timestamp":"2026-06-12T17:01:24.647957Z","level":"info","event":"Filling up the DagBag from /opt/airflow/dags/ingestion_dag.py","logger":"airflow.dag_processing.dagbag.BundleDagBag","filename":"dagbag.py","lineno":469}
{"timestamp":"2026-06-12T17:01:55.202144Z","level":"info","event":"Filling up the DagBag from /opt/airflow/dags/ingestion_dag.py","logger":"airflow.dag_processing.dagbag.BundleDagBag","filename":"dagbag.py","lineno":469}
{"timestamp":"2026-06-12T17:02:25.854057Z","level":"info","event":"Filling up the DagBag from /opt/airflow/dags/ingestion_dag.py","logger":"airflow.dag_processing.dagbag.BundleDagBag","filename":"dagbag.py","lineno":469}
{"timestamp":"2026-06-12T17:02:56.483880Z","level":"info","event":"Filling up the DagBag from /opt/airflow/dags/ingestion_dag.py","logger":"airflow.dag_processing.dagbag.BundleDagBag","filename":"dagbag.py","lineno":469}
{"timestamp":"2026-06-12T17:03:27.222499Z","level":"info","event":"Filling up the DagBag from /opt/airflow/dags/ingestion_dag.py","logger":"airflow.dag_processing.dagbag.BundleDagBag","filename":"dagbag.py","lineno":469}
{"timestamp":"2026-06-12T17:03:57.912930Z","level":"info","event":"Filling up the DagBag from /opt/airflow/dags/ingestion_dag.py","logger":"airflow.dag_processing.dagbag.BundleDagBag","filename":"dagbag.py","lineno":469}
{"timestamp":"2026-06-12T17:04:28.589540Z","level":"info","event":"Filling up the DagBag from /opt/airflow/dags/ingestion_dag.py","logger":"airflow.dag_processing.dagbag.BundleDagBag","filename":"dagbag.py","lineno":469}
{"timestamp":"2026-06-12T17:04:59.224187Z","level":"info","event":"Filling up the DagBag from /opt/airflow/dags/ingestion_dag.py","logger":"airflow.dag_processing.dagbag.BundleDagBag","filename":"dagbag.py","lineno":469}
{"timestamp":"2026-06-12T17:05:29.881748Z","level":"info","event":"Filling up the DagBag from /opt/airflow/dags/ingestion_dag.py","logger":"airflow.dag_processing.dagbag.BundleDagBag","filename":"dagbag.py","lineno":469}
{"timestamp":"2026-06-12T17:06:00.558465Z","level":"info","event":"Filling up the DagBag from /opt/airflow/dags/ingestion_dag.py","logger":"airflow.dag_processing.dagbag.BundleDagBag","filename":"dagbag.py","lineno":469}
{"timestamp":"2026-06-12T17:06:30.850240Z","level":"info","event":"Filling up the DagBag from /opt/airflow/dags/ingestion_dag.py","logger":"airflow.dag_processing.dagbag.BundleDagBag","filename":"dagbag.py","lineno":469}
{"timestamp":"2026-06-12T17:07:01.227496Z","level":"info","event":"Filling up the DagBag from /opt/airflow/dags/ingestion_dag.py","logger":"airflow.dag_processing.dagbag.BundleDagBag","filename":"dagbag.py","lineno":469}
{"timestamp":"2026-06-12T17:07:31.543981Z","level":"info","event":"Filling up the DagBag from /opt/airflow/dags/ingestion_dag.py","logger":"airflow.dag_processing.dagbag.BundleDagBag","filename":"dagbag.py","lineno":469}
{"timestamp":"2026-06-12T17:08:01.844207Z","level":"info","event":"Filling up the DagBag from /opt/airflow/dags/ingestion_dag.py","logger":"airflow.dag_processing.dagbag.BundleDagBag","filename":"dagbag.py","lineno":469}
{"timestamp":"2026-06-12T17:08:32.159813Z","level":"info","event":"Filling up the DagBag from /opt/airflow/dags/ingestion_dag.py","logger":"airflow.dag_processing.dagbag.BundleDagBag","filename":"dagbag.py","lineno":469}
{"timestamp":"2026-06-12T17:09:02.433232Z","level":"info","event":"Filling up the DagBag from /opt/airflow/dags/ingestion_dag.py","logger":"airflow.dag_processing.dagbag.BundleDagBag","filename":"dagbag.py","lineno":469}
{"timestamp":"2026-06-12T17:09:32.703954Z","level":"info","event":"Filling up the DagBag from /opt/airflow/dags/ingestion_dag.py","logger":"airflow.dag_processing.dagbag.BundleDagBag","filename":"dagbag.py","lineno":469}
{"timestamp":"2026-06-12T17:10:02.945045Z","level":"info","event":"Filling up the DagBag from /opt/airflow/dags/ingestion_dag.py","logger":"airflow.dag_processing.dagbag.BundleDagBag","filename":"dagbag.py","lineno":469}
{"timestamp":"2026-06-12T17:10:33.256075Z","level":"info","event":"Filling up the DagBag from /opt/airflow/dags/ingestion_dag.py","logger":"airflow.dag_processing.dagbag.BundleDagBag","filename":"dagbag.py","lineno":469}
{"timestamp":"2026-06-12T17:11:03.492044Z","level":"info","event":"Filling up the DagBag from /opt/airflow/dags/ingestion_dag.py","logger":"airflow.dag_processing.dagbag.BundleDagBag","filename":"dagbag.py","lineno":469}
{"timestamp":"2026-06-12T17:11:33.786816Z","level":"info","event":"Filling up the DagBag from /opt/airflow/dags/ingestion_dag.py","logger":"airflow.dag_processing.dagbag.BundleDagBag","filename":"dagbag.py","lineno":469}
{"timestamp":"2026-06-12T17:12:04.089486Z","level":"info","event":"Filling up the DagBag from /opt/airflow/dags/ingestion_dag.py","logger":"airflow.dag_processing.dagbag.BundleDagBag","filename":"dagbag.py","lineno":469}
{"timestamp":"2026-06-12T17:12:34.586779Z","level":"info","event":"Filling up the DagBag from /opt/airflow/dags/ingestion_dag.py","logger":"airflow.dag_processing.dagbag.BundleDagBag","filename":"dagbag.py","lineno":469}
{"timestamp":"2026-06-12T17:13:04.826076Z","level":"info","event":"Filling up the DagBag from /opt/airflow/dags/ingestion_dag.py","logger":"airflow.dag_processing.dagbag.BundleDagBag","filename":"dagbag.py","lineno":469}
{"timestamp":"2026-06-12T17:13:35.129140Z","level":"info","event":"Filling up the DagBag from /opt/airflow/dags/ingestion_dag.py","logger":"airflow.dag_processing.dagbag.BundleDagBag","filename":"dagbag.py","lineno":469}
{"timestamp":"2026-06-12T17:14:05.388517Z","level":"info","event":"Filling up the DagBag from /opt/airflow/dags/ingestion_dag.py","logger":"airflow.dag_processing.dagbag.BundleDagBag","filename":"dagbag.py","lineno":469}
{"timestamp":"2026-06-12T17:14:35.649727Z","level":"info","event":"Filling up the DagBag from /opt/airflow/dags/ingestion_dag.py","logger":"airflow.dag_processing.dagbag.BundleDagBag","filename":"dagbag.py","lineno":469}
{"timestamp":"2026-06-12T17:15:05.919606Z","level":"info","event":"Filling up the DagBag from /opt/airflow/dags/ingestion_dag.py","logger":"airflow.dag_processing.dagbag.BundleDagBag","filename":"dagbag.py","lineno":469}
{"timestamp":"2026-06-12T17:15:36.125435Z","level":"info","event":"Filling up the DagBag from /opt/airflow/dags/ingestion_dag.py","logger":"airflow.dag_processing.dagbag.BundleDagBag","filename":"dagbag.py","lineno":469}
{"timestamp":"2026-06-12T17:16:06.391745Z","level":"info","event":"Filling up the DagBag from /opt/airflow/dags/ingestion_dag.py","logger":"airflow.dag_processing.dagbag.BundleDagBag","filename":"dagbag.py","lineno":469}
{"timestamp":"2026-06-12T17:16:36.658607Z","level":"info","event":"Filling up the DagBag from /opt/airflow/dags/ingestion_dag.py","logger":"airflow.dag_processing.dagbag.BundleDagBag","filename":"dagbag.py","lineno":469}
{"timestamp":"2026-06-12T17:17:06.883728Z","level":"info","event":"Filling up the DagBag from /opt/airflow/dags/ingestion_dag.py","logger":"airflow.dag_processing.dagbag.BundleDagBag","filename":"dagbag.py","lineno":469}
{"timestamp":"2026-06-12T17:17:37.167693Z","level":"info","event":"Filling up the DagBag from /opt/airflow/dags/ingestion_dag.py","logger":"airflow.dag_processing.dagbag.BundleDagBag","filename":"dagbag.py","lineno":469}
{"timestamp":"2026-06-12T17:18:07.380175Z","level":"info","event":"Filling up the DagBag from /opt/airflow/dags/ingestion_dag.py","logger":"airflow.dag_processing.dagbag.BundleDagBag","filename":"dagbag.py","lineno":469}
{"timestamp":"2026-06-12T17:18:38.513944Z","level":"info","event":"Filling up the DagBag from /opt/airflow/dags/ingestion_dag.py","logger":"airflow.dag_processing.dagbag.BundleDagBag","filename":"dagbag.py","lineno":469}
{"timestamp":"2026-06-12T17:19:09.140237Z","level":"info","event":"Filling up the DagBag from /opt/airflow/dags/ingestion_dag.py","logger":"airflow.dag_processing.dagbag.BundleDagBag","filename":"dagbag.py","lineno":469}
{"timestamp":"2026-06-12T17:19:40.246743Z","level":"info","event":"Filling up the DagBag from /opt/airflow/dags/ingestion_dag.py","logger":"airflow.dag_processing.dagbag.BundleDagBag","filename":"dagbag.py","lineno":469}
{"timestamp":"2026-06-12T17:20:10.522665Z","level":"info","event":"Filling up the DagBag from /opt/airflow/dags/ingestion_dag.py","logger":"airflow.dag_processing.dagbag.BundleDagBag","filename":"dagbag.py","lineno":469}
{"timestamp":"2026-06-12T17:20:40.732841Z","level":"info","event":"Filling up the DagBag from /opt/airflow/dags/ingestion_dag.py","logger":"airflow.dag_processing.dagbag.BundleDagBag","filename":"dagbag.py","lineno":469}
{"timestamp":"2026-06-12T17:21:10.905559Z","level":"info","event":"Filling up the DagBag from /opt/airflow/dags/ingestion_dag.py","logger":"airflow.dag_processing.dagbag.BundleDagBag","filename":"dagbag.py","lineno":469}
{"timestamp":"2026-06-12T17:21:41.114148Z","level":"info","event":"Filling up the DagBag from /opt/airflow/dags/ingestion_dag.py","logger":"airflow.dag_processing.dagbag.BundleDagBag","filename":"dagbag.py","lineno":469}
{"timestamp":"2026-06-12T17:22:11.322412Z","level":"info","event":"Filling up the DagBag from /opt/airflow/dags/ingestion_dag.py","logger":"airflow.dag_processing.dagbag.BundleDagBag","filename":"dagbag.py","lineno":469}
{"timestamp":"2026-06-12T17:22:41.512081Z","level":"info","event":"Filling up the DagBag from /opt/airflow/dags/ingestion_dag.py","logger":"airflow.dag_processing.dagbag.BundleDagBag","filename":"dagbag.py","lineno":469}
{"timestamp":"2026-06-12T17:23:11.691765Z","level":"info","event":"Filling up the DagBag from /opt/airflow/dags/ingestion_dag.py","logger":"airflow.dag_processing.dagbag.BundleDagBag","filename":"dagbag.py","lineno":469}
{"timestamp":"2026-06-12T17:23:41.855142Z","level":"info","event":"Filling up the DagBag from /opt/airflow/dags/ingestion_dag.py","logger":"airflow.dag_processing.dagbag.BundleDagBag","filename":"dagbag.py","lineno":469}
{"timestamp":"2026-06-12T17:24:12.073904Z","level":"info","event":"Filling up the DagBag from /opt/airflow/dags/ingestion_dag.py","logger":"airflow.dag_processing.dagbag.BundleDagBag","filename":"dagbag.py","lineno":469}
{"timestamp":"2026-06-12T17:24:42.355335Z","level":"info","event":"Filling up the DagBag from /opt/airflow/dags/ingestion_dag.py","logger":"airflow.dag_processing.dagbag.BundleDagBag","filename":"dagbag.py","lineno":469}
{"timestamp":"2026-06-12T17:25:13.490125Z","level":"info","event":"Filling up the DagBag from /opt/airflow/dags/ingestion_dag.py","logger":"airflow.dag_processing.dagbag.BundleDagBag","filename":"dagbag.py","lineno":469}
{"timestamp":"2026-06-12T17:25:43.690725Z","level":"info","event":"Filling up the DagBag from /opt/airflow/dags/ingestion_dag.py","logger":"airflow.dag_processing.dagbag.BundleDagBag","filename":"dagbag.py","lineno":469}
{"timestamp":"2026-06-12T17:26:13.874375Z","level":"info","event":"Filling up the DagBag from /opt/airflow/dags/ingestion_dag.py","logger":"airflow.dag_processing.dagbag.BundleDagBag","filename":"dagbag.py","lineno":469}
{"timestamp":"2026-06-12T17:26:44.042570Z","level":"info","event":"Filling up the DagBag from /opt/airflow/dags/ingestion_dag.py","logger":"airflow.dag_processing.dagbag.BundleDagBag","filename":"dagbag.py","lineno":469}
{"timestamp":"2026-06-12T17:27:14.272239Z","level":"info","event":"Filling up the DagBag from /opt/airflow/dags/ingestion_dag.py","logger":"airflow.dag_processing.dagbag.BundleDagBag","filename":"dagbag.py","lineno":469}
{"timestamp":"2026-06-12T17:27:44.492479Z","level":"info","event":"Filling up the DagBag from /opt/airflow/dags/ingestion_dag.py","logger":"airflow.dag_processing.dagbag.BundleDagBag","filename":"dagbag.py","lineno":469}
{"timestamp":"2026-06-12T17:28:14.676868Z","level":"info","event":"Filling up the DagBag from /opt/airflow/dags/ingestion_dag.py","logger":"airflow.dag_processing.dagbag.BundleDagBag","filename":"dagbag.py","lineno":469}
{"timestamp":"2026-06-12T17:28:44.857851Z","level":"info","event":"Filling up the DagBag from /opt/airflow/dags/ingestion_dag.py","logger":"airflow.dag_processing.dagbag.BundleDagBag","filename":"dagbag.py","lineno":469}
{"timestamp":"2026-06-12T17:29:15.951136Z","level":"info","event":"Filling up the DagBag from /opt/airflow/dags/ingestion_dag.py","logger":"airflow.dag_processing.dagbag.BundleDagBag","filename":"dagbag.py","lineno":469}
{"timestamp":"2026-06-12T17:29:47.065540Z","level":"info","event":"Filling up the DagBag from /opt/airflow/dags/ingestion_dag.py","logger":"airflow.dag_processing.dagbag.BundleDagBag","filename":"dagbag.py","lineno":469}
{"timestamp":"2026-06-12T17:30:18.183898Z","level":"info","event":"Filling up the DagBag from /opt/airflow/dags/ingestion_dag.py","logger":"airflow.dag_processing.dagbag.BundleDagBag","filename":"dagbag.py","lineno":469}
{"timestamp":"2026-06-12T17:30:48.431311Z","level":"info","event":"Filling up the DagBag from /opt/airflow/dags/ingestion_dag.py","logger":"airflow.dag_processing.dagbag.BundleDagBag","filename":"dagbag.py","lineno":469}
{"timestamp":"2026-06-12T17:31:19.575863Z","level":"info","event":"Filling up the DagBag from /opt/airflow/dags/ingestion_dag.py","logger":"airflow.dag_processing.dagbag.BundleDagBag","filename":"dagbag.py","lineno":469}
{"timestamp":"2026-06-12T17:31:49.757356Z","level":"info","event":"Filling up the DagBag from /opt/airflow/dags/ingestion_dag.py","logger":"airflow.dag_processing.dagbag.BundleDagBag","filename":"dagbag.py","lineno":469}
{"timestamp":"2026-06-12T17:32:20.069917Z","level":"info","event":"Filling up the DagBag from /opt/airflow/dags/ingestion_dag.py","logger":"airflow.dag_processing.dagbag.BundleDagBag","filename":"dagbag.py","lineno":469}
{"timestamp":"2026-06-12T17:32:51.182817Z","level":"info","event":"Filling up the DagBag from /opt/airflow/dags/ingestion_dag.py","logger":"airflow.dag_processing.dagbag.BundleDagBag","filename":"dagbag.py","lineno":469}
{"timestamp":"2026-06-12T17:33:21.388810Z","level":"info","event":"Filling up the DagBag from /opt/airflow/dags/ingestion_dag.py","logger":"airflow.dag_processing.dagbag.BundleDagBag","filename":"dagbag.py","lineno":469}
{"timestamp":"2026-06-12T17:33:52.465622Z","level":"info","event":"Filling up the DagBag from /opt/airflow/dags/ingestion_dag.py","logger":"airflow.dag_processing.dagbag.BundleDagBag","filename":"dagbag.py","lineno":469}
{"timestamp":"2026-06-12T17:34:23.599971Z","level":"info","event":"Filling up the DagBag from /opt/airflow/dags/ingestion_dag.py","logger":"airflow.dag_processing.dagbag.BundleDagBag","filename":"dagbag.py","lineno":469}
{"timestamp":"2026-06-12T17:34:54.650840Z","level":"info","event":"Filling up the DagBag from /opt/airflow/dags/ingestion_dag.py","logger":"airflow.dag_processing.dagbag.BundleDagBag","filename":"dagbag.py","lineno":469}
{"timestamp":"2026-06-12T17:35:25.792655Z","level":"info","event":"Filling up the DagBag from /opt/airflow/dags/ingestion_dag.py","logger":"airflow.dag_processing.dagbag.BundleDagBag","filename":"dagbag.py","lineno":469}
{"timestamp":"2026-06-12T17:35:56.857026Z","level":"info","event":"Filling up the DagBag from /opt/airflow/dags/ingestion_dag.py","logger":"airflow.dag_processing.dagbag.BundleDagBag","filename":"dagbag.py","lineno":469}
{"timestamp":"2026-06-12T17:36:27.939666Z","level":"info","event":"Filling up the DagBag from /opt/airflow/dags/ingestion_dag.py","logger":"airflow.dag_processing.dagbag.BundleDagBag","filename":"dagbag.py","lineno":469}
{"timestamp":"2026-06-12T17:36:59.113827Z","level":"info","event":"Filling up the DagBag from /opt/airflow/dags/ingestion_dag.py","logger":"airflow.dag_processing.dagbag.BundleDagBag","filename":"dagbag.py","lineno":469}
{"timestamp":"2026-06-12T17:37:30.194999Z","level":"info","event":"Filling up the DagBag from /opt/airflow/dags/ingestion_dag.py","logger":"airflow.dag_processing.dagbag.BundleDagBag","filename":"dagbag.py","lineno":469}
{"timestamp":"2026-06-12T17:38:01.269504Z","level":"info","event":"Filling up the DagBag from /opt/airflow/dags/ingestion_dag.py","logger":"airflow.dag_processing.dagbag.BundleDagBag","filename":"dagbag.py","lineno":469}
{"timestamp":"2026-06-12T17:38:32.236753Z","level":"info","event":"Filling up the DagBag from /opt/airflow/dags/ingestion_dag.py","logger":"airflow.dag_processing.dagbag.BundleDagBag","filename":"dagbag.py","lineno":469}
{"timestamp":"2026-06-12T17:39:03.298719Z","level":"info","event":"Filling up the DagBag from /opt/airflow/dags/ingestion_dag.py","logger":"airflow.dag_processing.dagbag.BundleDagBag","filename":"dagbag.py","lineno":469}
{"timestamp":"2026-06-12T17:39:34.360236Z","level":"info","event":"Filling up the DagBag from /opt/airflow/dags/ingestion_dag.py","logger":"airflow.dag_processing.dagbag.BundleDagBag","filename":"dagbag.py","lineno":469}
{"timestamp":"2026-06-12T17:40:05.465987Z","level":"info","event":"Filling up the DagBag from /opt/airflow/dags/ingestion_dag.py","logger":"airflow.dag_processing.dagbag.BundleDagBag","filename":"dagbag.py","lineno":469}
{"timestamp":"2026-06-12T17:40:35.926123Z","level":"info","event":"Filling up the DagBag from /opt/airflow/dags/ingestion_dag.py","logger":"airflow.dag_processing.dagbag.BundleDagBag","filename":"dagbag.py","lineno":469}
{"timestamp":"2026-06-12T17:41:06.135096Z","level":"info","event":"Filling up the DagBag from /opt/airflow/dags/ingestion_dag.py","logger":"airflow.dag_processing.dagbag.BundleDagBag","filename":"dagbag.py","lineno":469}
{"timestamp":"2026-06-12T17:41:36.333067Z","level":"info","event":"Filling up the DagBag from /opt/airflow/dags/ingestion_dag.py","logger":"airflow.dag_processing.dagbag.BundleDagBag","filename":"dagbag.py","lineno":469}
{"timestamp":"2026-06-12T17:42:06.556381Z","level":"info","event":"Filling up the DagBag from /opt/airflow/dags/ingestion_dag.py","logger":"airflow.dag_processing.dagbag.BundleDagBag","filename":"dagbag.py","lineno":469}
{"timestamp":"2026-06-12T17:42:36.788879Z","level":"info","event":"Filling up the DagBag from /opt/airflow/dags/ingestion_dag.py","logger":"airflow.dag_processing.dagbag.BundleDagBag","filename":"dagbag.py","lineno":469}
{"timestamp":"2026-06-12T17:43:07.016428Z","level":"info","event":"Filling up the DagBag from /opt/airflow/dags/ingestion_dag.py","logger":"airflow.dag_processing.dagbag.BundleDagBag","filename":"dagbag.py","lineno":469}
{"timestamp":"2026-06-12T17:43:37.209362Z","level":"info","event":"Filling up the DagBag from /opt/airflow/dags/ingestion_dag.py","logger":"airflow.dag_processing.dagbag.BundleDagBag","filename":"dagbag.py","lineno":469}
{"timestamp":"2026-06-12T17:44:08.138596Z","level":"info","event":"Filling up the DagBag from /opt/airflow/dags/ingestion_dag.py","logger":"airflow.dag_processing.dagbag.BundleDagBag","filename":"dagbag.py","lineno":469}
{"timestamp":"2026-06-12T17:44:39.197416Z","level":"info","event":"Filling up the DagBag from /opt/airflow/dags/ingestion_dag.py","logger":"airflow.dag_processing.dagbag.BundleDagBag","filename":"dagbag.py","lineno":469}
{"timestamp":"2026-06-12T17:45:09.431019Z","level":"info","event":"Filling up the DagBag from /opt/airflow/dags/ingestion_dag.py","logger":"airflow.dag_processing.dagbag.BundleDagBag","filename":"dagbag.py","lineno":469}
{"timestamp":"2026-06-12T17:45:40.416130Z","level":"info","event":"Filling up the DagBag from /opt/airflow/dags/ingestion_dag.py","logger":"airflow.dag_processing.dagbag.BundleDagBag","filename":"dagbag.py","lineno":469}
{"timestamp":"2026-06-12T17:46:10.658040Z","level":"info","event":"Filling up the DagBag from /opt/airflow/dags/ingestion_dag.py","logger":"airflow.dag_processing.dagbag.BundleDagBag","filename":"dagbag.py","lineno":469}
{"timestamp":"2026-06-12T17:46:41.652094Z","level":"info","event":"Filling up the DagBag from /opt/airflow/dags/ingestion_dag.py","logger":"airflow.dag_processing.dagbag.BundleDagBag","filename":"dagbag.py","lineno":469}
{"timestamp":"2026-06-12T17:47:12.650522Z","level":"info","event":"Filling up the DagBag from /opt/airflow/dags/ingestion_dag.py","logger":"airflow.dag_processing.dagbag.BundleDagBag","filename":"dagbag.py","lineno":469}
{"timestamp":"2026-06-12T17:47:43.649074Z","level":"info","event":"Filling up the DagBag from /opt/airflow/dags/ingestion_dag.py","logger":"airflow.dag_processing.dagbag.BundleDagBag","filename":"dagbag.py","lineno":469}
{"timestamp":"2026-06-12T17:48:14.707217Z","level":"info","event":"Filling up the DagBag from /opt/airflow/dags/ingestion_dag.py","logger":"airflow.dag_processing.dagbag.BundleDagBag","filename":"dagbag.py","lineno":469}
{"timestamp":"2026-06-12T17:48:45.735019Z","level":"info","event":"Filling up the DagBag from /opt/airflow/dags/ingestion_dag.py","logger":"airflow.dag_processing.dagbag.BundleDagBag","filename":"dagbag.py","lineno":469}
{"timestamp":"2026-06-12T17:49:16.810728Z","level":"info","event":"Filling up the DagBag from /opt/airflow/dags/ingestion_dag.py","logger":"airflow.dag_processing.dagbag.BundleDagBag","filename":"dagbag.py","lineno":469}
{"timestamp":"2026-06-12T17:49:47.809867Z","level":"info","event":"Filling up the DagBag from /opt/airflow/dags/ingestion_dag.py","logger":"airflow.dag_processing.dagbag.BundleDagBag","filename":"dagbag.py","lineno":469}
{"timestamp":"2026-06-12T17:50:18.821737Z","level":"info","event":"Filling up the DagBag from /opt/airflow/dags/ingestion_dag.py","logger":"airflow.dag_processing.dagbag.BundleDagBag","filename":"dagbag.py","lineno":469}
{"timestamp":"2026-06-12T17:50:49.048177Z","level":"info","event":"Filling up the DagBag from /opt/airflow/dags/ingestion_dag.py","logger":"airflow.dag_processing.dagbag.BundleDagBag","filename":"dagbag.py","lineno":469}
{"timestamp":"2026-06-12T17:51:20.094898Z","level":"info","event":"Filling up the DagBag from /opt/airflow/dags/ingestion_dag.py","logger":"airflow.dag_processing.dagbag.BundleDagBag","filename":"dagbag.py","lineno":469}
{"timestamp":"2026-06-12T17:51:51.066724Z","level":"info","event":"Filling up the DagBag from /opt/airflow/dags/ingestion_dag.py","logger":"airflow.dag_processing.dagbag.BundleDagBag","filename":"dagbag.py","lineno":469}
{"timestamp":"2026-06-12T17:52:22.120048Z","level":"info","event":"Filling up the DagBag from /opt/airflow/dags/ingestion_dag.py","logger":"airflow.dag_processing.dagbag.BundleDagBag","filename":"dagbag.py","lineno":469}
{"timestamp":"2026-06-12T17:52:53.125560Z","level":"info","event":"Filling up the DagBag from /opt/airflow/dags/ingestion_dag.py","logger":"airflow.dag_processing.dagbag.BundleDagBag","filename":"dagbag.py","lineno":469}
{"timestamp":"2026-06-12T17:53:24.122603Z","level":"info","event":"Filling up the DagBag from /opt/airflow/dags/ingestion_dag.py","logger":"airflow.dag_processing.dagbag.BundleDagBag","filename":"dagbag.py","lineno":469}
{"timestamp":"2026-06-12T17:53:55.161435Z","level":"info","event":"Filling up the DagBag from /opt/airflow/dags/ingestion_dag.py","logger":"airflow.dag_processing.dagbag.BundleDagBag","filename":"dagbag.py","lineno":469}
{"timestamp":"2026-06-12T17:54:26.069656Z","level":"info","event":"Filling up the DagBag from /opt/airflow/dags/ingestion_dag.py","logger":"airflow.dag_processing.dagbag.BundleDagBag","filename":"dagbag.py","lineno":469}
{"timestamp":"2026-06-12T17:54:57.010754Z","level":"info","event":"Filling up the DagBag from /opt/airflow/dags/ingestion_dag.py","logger":"airflow.dag_processing.dagbag.BundleDagBag","filename":"dagbag.py","lineno":469}
{"timestamp":"2026-06-12T17:55:28.027795Z","level":"info","event":"Filling up the DagBag from /opt/airflow/dags/ingestion_dag.py","logger":"airflow.dag_processing.dagbag.BundleDagBag","filename":"dagbag.py","lineno":469}
{"timestamp":"2026-06-12T17:55:58.971593Z","level":"info","event":"Filling up the DagBag from /opt/airflow/dags/ingestion_dag.py","logger":"airflow.dag_processing.dagbag.BundleDagBag","filename":"dagbag.py","lineno":469}
{"timestamp":"2026-06-12T17:56:29.954027Z","level":"info","event":"Filling up the DagBag from /opt/airflow/dags/ingestion_dag.py","logger":"airflow.dag_processing.dagbag.BundleDagBag","filename":"dagbag.py","lineno":469}
{"timestamp":"2026-06-12T17:57:00.965742Z","level":"info","event":"Filling up the DagBag from /opt/airflow/dags/ingestion_dag.py","logger":"airflow.dag_processing.dagbag.BundleDagBag","filename":"dagbag.py","lineno":469}
{"timestamp":"2026-06-12T17:57:31.903580Z","level":"info","event":"Filling up the DagBag from /opt/airflow/dags/ingestion_dag.py","logger":"airflow.dag_processing.dagbag.BundleDagBag","filename":"dagbag.py","lineno":469}
{"timestamp":"2026-06-12T17:58:02.880573Z","level":"info","event":"Filling up the DagBag from /opt/airflow/dags/ingestion_dag.py","logger":"airflow.dag_processing.dagbag.BundleDagBag","filename":"dagbag.py","lineno":469}
{"timestamp":"2026-06-12T17:58:33.750342Z","level":"info","event":"Filling up the DagBag from /opt/airflow/dags/ingestion_dag.py","logger":"airflow.dag_processing.dagbag.BundleDagBag","filename":"dagbag.py","lineno":469}
{"timestamp":"2026-06-12T17:59:04.840468Z","level":"info","event":"Filling up the DagBag from /opt/airflow/dags/ingestion_dag.py","logger":"airflow.dag_processing.dagbag.BundleDagBag","filename":"dagbag.py","lineno":469}
{"timestamp":"2026-06-12T17:59:35.824738Z","level":"info","event":"Filling up the DagBag from /opt/airflow/dags/ingestion_dag.py","logger":"airflow.dag_processing.dagbag.BundleDagBag","filename":"dagbag.py","lineno":469}
{"timestamp":"2026-06-12T18:00:06.889342Z","level":"info","event":"Filling up the DagBag from /opt/airflow/dags/ingestion_dag.py","logger":"airflow.dag_processing.dagbag.BundleDagBag","filename":"dagbag.py","lineno":469}
{"timestamp":"2026-06-12T18:00:37.757902Z","level":"info","event":"Filling up the DagBag from /opt/airflow/dags/ingestion_dag.py","logger":"airflow.dag_processing.dagbag.BundleDagBag","filename":"dagbag.py","lineno":469}
{"timestamp":"2026-06-12T18:01:08.755539Z","level":"info","event":"Filling up the DagBag from /opt/airflow/dags/ingestion_dag.py","logger":"airflow.dag_processing.dagbag.BundleDagBag","filename":"dagbag.py","lineno":469}
{"timestamp":"2026-06-12T18:01:39.762608Z","level":"info","event":"Filling up the DagBag from /opt/airflow/dags/ingestion_dag.py","logger":"airflow.dag_processing.dagbag.BundleDagBag","filename":"dagbag.py","lineno":469}
{"timestamp":"2026-06-12T18:02:11.317825Z","level":"info","event":"Filling up the DagBag from /opt/airflow/dags/ingestion_dag.py","logger":"airflow.dag_processing.dagbag.BundleDagBag","filename":"dagbag.py","lineno":469}
{"timestamp":"2026-06-12T18:02:42.328844Z","level":"info","event":"Filling up the DagBag from /opt/airflow/dags/ingestion_dag.py","logger":"airflow.dag_processing.dagbag.BundleDagBag","filename":"dagbag.py","lineno":469}
{"timestamp":"2026-06-12T18:03:13.372841Z","level":"info","event":"Filling up the DagBag from /opt/airflow/dags/ingestion_dag.py","logger":"airflow.dag_processing.dagbag.BundleDagBag","filename":"dagbag.py","lineno":469}
{"timestamp":"2026-06-12T18:03:44.367537Z","level":"info","event":"Filling up the DagBag from /opt/airflow/dags/ingestion_dag.py","logger":"airflow.dag_processing.dagbag.BundleDagBag","filename":"dagbag.py","lineno":469}
{"timestamp":"2026-06-12T18:04:15.354584Z","level":"info","event":"Filling up the DagBag from /opt/airflow/dags/ingestion_dag.py","logger":"airflow.dag_processing.dagbag.BundleDagBag","filename":"dagbag.py","lineno":469}
{"timestamp":"2026-06-12T18:04:46.296015Z","level":"info","event":"Filling up the DagBag from /opt/airflow/dags/ingestion_dag.py","logger":"airflow.dag_processing.dagbag.BundleDagBag","filename":"dagbag.py","lineno":469}
{"timestamp":"2026-06-12T18:05:17.253092Z","level":"info","event":"Filling up the DagBag from /opt/airflow/dags/ingestion_dag.py","logger":"airflow.dag_processing.dagbag.BundleDagBag","filename":"dagbag.py","lineno":469}
{"timestamp":"2026-06-12T18:05:48.205945Z","level":"info","event":"Filling up the DagBag from /opt/airflow/dags/ingestion_dag.py","logger":"airflow.dag_processing.dagbag.BundleDagBag","filename":"dagbag.py","lineno":469}
{"timestamp":"2026-06-12T18:06:19.239081Z","level":"info","event":"Filling up the DagBag from /opt/airflow/dags/ingestion_dag.py","logger":"airflow.dag_processing.dagbag.BundleDagBag","filename":"dagbag.py","lineno":469}
{"timestamp":"2026-06-12T18:06:50.240050Z","level":"info","event":"Filling up the DagBag from /opt/airflow/dags/ingestion_dag.py","logger":"airflow.dag_processing.dagbag.BundleDagBag","filename":"dagbag.py","lineno":469}
{"timestamp":"2026-06-12T18:07:21.248371Z","level":"info","event":"Filling up the DagBag from /opt/airflow/dags/ingestion_dag.py","logger":"airflow.dag_processing.dagbag.BundleDagBag","filename":"dagbag.py","lineno":469}
{"timestamp":"2026-06-12T18:07:52.188965Z","level":"info","event":"Filling up the DagBag from /opt/airflow/dags/ingestion_dag.py","logger":"airflow.dag_processing.dagbag.BundleDagBag","filename":"dagbag.py","lineno":469}
{"timestamp":"2026-06-12T18:08:23.102616Z","level":"info","event":"Filling up the DagBag from /opt/airflow/dags/ingestion_dag.py","logger":"airflow.dag_processing.dagbag.BundleDagBag","filename":"dagbag.py","lineno":469}
{"timestamp":"2026-06-12T18:08:54.032099Z","level":"info","event":"Filling up the DagBag from /opt/airflow/dags/ingestion_dag.py","logger":"airflow.dag_processing.dagbag.BundleDagBag","filename":"dagbag.py","lineno":469}
{"timestamp":"2026-06-12T18:09:25.005698Z","level":"info","event":"Filling up the DagBag from /opt/airflow/dags/ingestion_dag.py","logger":"airflow.dag_processing.dagbag.BundleDagBag","filename":"dagbag.py","lineno":469}
{"timestamp":"2026-06-12T18:09:55.949592Z","level":"info","event":"Filling up the DagBag from /opt/airflow/dags/ingestion_dag.py","logger":"airflow.dag_processing.dagbag.BundleDagBag","filename":"dagbag.py","lineno":469}
{"timestamp":"2026-06-12T18:10:26.899569Z","level":"info","event":"Filling up the DagBag from /opt/airflow/dags/ingestion_dag.py","logger":"airflow.dag_processing.dagbag.BundleDagBag","filename":"dagbag.py","lineno":469}
{"timestamp":"2026-06-12T18:10:57.777308Z","level":"info","event":"Filling up the DagBag from /opt/airflow/dags/ingestion_dag.py","logger":"airflow.dag_processing.dagbag.BundleDagBag","filename":"dagbag.py","lineno":469}
{"timestamp":"2026-06-12T18:11:28.671041Z","level":"info","event":"Filling up the DagBag from /opt/airflow/dags/ingestion_dag.py","logger":"airflow.dag_processing.dagbag.BundleDagBag","filename":"dagbag.py","lineno":469}
{"timestamp":"2026-06-12T18:11:59.594509Z","level":"info","event":"Filling up the DagBag from /opt/airflow/dags/ingestion_dag.py","logger":"airflow.dag_processing.dagbag.BundleDagBag","filename":"dagbag.py","lineno":469}
{"timestamp":"2026-06-12T18:12:30.469155Z","level":"info","event":"Filling up the DagBag from /opt/airflow/dags/ingestion_dag.py","logger":"airflow.dag_processing.dagbag.BundleDagBag","filename":"dagbag.py","lineno":469}
{"timestamp":"2026-06-12T18:13:01.332529Z","level":"info","event":"Filling up the DagBag from /opt/airflow/dags/ingestion_dag.py","logger":"airflow.dag_processing.dagbag.BundleDagBag","filename":"dagbag.py","lineno":469}
{"timestamp":"2026-06-12T18:13:32.217797Z","level":"info","event":"Filling up the DagBag from /opt/airflow/dags/ingestion_dag.py","logger":"airflow.dag_processing.dagbag.BundleDagBag","filename":"dagbag.py","lineno":469}
{"timestamp":"2026-06-12T18:14:03.105784Z","level":"info","event":"Filling up the DagBag from /opt/airflow/dags/ingestion_dag.py","logger":"airflow.dag_processing.dagbag.BundleDagBag","filename":"dagbag.py","lineno":469}
{"timestamp":"2026-06-12T18:14:34.132669Z","level":"info","event":"Filling up the DagBag from /opt/airflow/dags/ingestion_dag.py","logger":"airflow.dag_processing.dagbag.BundleDagBag","filename":"dagbag.py","lineno":469}
{"timestamp":"2026-06-12T18:15:05.166303Z","level":"info","event":"Filling up the DagBag from /opt/airflow/dags/ingestion_dag.py","logger":"airflow.dag_processing.dagbag.BundleDagBag","filename":"dagbag.py","lineno":469}
{"timestamp":"2026-06-12T18:15:35.944422Z","level":"info","event":"Filling up the DagBag from /opt/airflow/dags/ingestion_dag.py","logger":"airflow.dag_processing.dagbag.BundleDagBag","filename":"dagbag.py","lineno":469}
{"timestamp":"2026-06-12T18:16:06.838322Z","level":"info","event":"Filling up the DagBag from /opt/airflow/dags/ingestion_dag.py","logger":"airflow.dag_processing.dagbag.BundleDagBag","filename":"dagbag.py","lineno":469}
{"timestamp":"2026-06-12T18:16:37.821533Z","level":"info","event":"Filling up the DagBag from /opt/airflow/dags/ingestion_dag.py","logger":"airflow.dag_processing.dagbag.BundleDagBag","filename":"dagbag.py","lineno":469}
{"timestamp":"2026-06-12T18:17:08.705441Z","level":"info","event":"Filling up the DagBag from /opt/airflow/dags/ingestion_dag.py","logger":"airflow.dag_processing.dagbag.BundleDagBag","filename":"dagbag.py","lineno":469}
{"timestamp":"2026-06-12T18:17:39.201725Z","level":"info","event":"Filling up the DagBag from /opt/airflow/dags/ingestion_dag.py","logger":"airflow.dag_processing.dagbag.BundleDagBag","filename":"dagbag.py","lineno":469}
{"timestamp":"2026-06-12T18:18:10.146620Z","level":"info","event":"Filling up the DagBag from /opt/airflow/dags/ingestion_dag.py","logger":"airflow.dag_processing.dagbag.BundleDagBag","filename":"dagbag.py","lineno":469}
{"timestamp":"2026-06-12T18:18:41.037581Z","level":"info","event":"Filling up the DagBag from /opt/airflow/dags/ingestion_dag.py","logger":"airflow.dag_processing.dagbag.BundleDagBag","filename":"dagbag.py","lineno":469}
{"timestamp":"2026-06-12T18:19:11.892161Z","level":"info","event":"Filling up the DagBag from /opt/airflow/dags/ingestion_dag.py","logger":"airflow.dag_processing.dagbag.BundleDagBag","filename":"dagbag.py","lineno":469}
{"timestamp":"2026-06-12T18:19:42.740619Z","level":"info","event":"Filling up the DagBag from /opt/airflow/dags/ingestion_dag.py","logger":"airflow.dag_processing.dagbag.BundleDagBag","filename":"dagbag.py","lineno":469}
{"timestamp":"2026-06-12T18:20:13.613289Z","level":"info","event":"Filling up the DagBag from /opt/airflow/dags/ingestion_dag.py","logger":"airflow.dag_processing.dagbag.BundleDagBag","filename":"dagbag.py","lineno":469}
{"timestamp":"2026-06-12T18:20:44.527005Z","level":"info","event":"Filling up the DagBag from /opt/airflow/dags/ingestion_dag.py","logger":"airflow.dag_processing.dagbag.BundleDagBag","filename":"dagbag.py","lineno":469}
{"timestamp":"2026-06-12T18:21:15.381600Z","level":"info","event":"Filling up the DagBag from /opt/airflow/dags/ingestion_dag.py","logger":"airflow.dag_processing.dagbag.BundleDagBag","filename":"dagbag.py","lineno":469}
{"timestamp":"2026-06-12T18:21:46.269347Z","level":"info","event":"Filling up the DagBag from /opt/airflow/dags/ingestion_dag.py","logger":"airflow.dag_processing.dagbag.BundleDagBag","filename":"dagbag.py","lineno":469}
{"timestamp":"2026-06-12T18:22:17.070836Z","level":"info","event":"Filling up the DagBag from /opt/airflow/dags/ingestion_dag.py","logger":"airflow.dag_processing.dagbag.BundleDagBag","filename":"dagbag.py","lineno":469}
{"timestamp":"2026-06-12T18:22:47.925868Z","level":"info","event":"Filling up the DagBag from /opt/airflow/dags/ingestion_dag.py","logger":"airflow.dag_processing.dagbag.BundleDagBag","filename":"dagbag.py","lineno":469}
{"timestamp":"2026-06-12T18:23:18.769905Z","level":"info","event":"Filling up the DagBag from /opt/airflow/dags/ingestion_dag.py","logger":"airflow.dag_processing.dagbag.BundleDagBag","filename":"dagbag.py","lineno":469}
{"timestamp":"2026-06-12T18:23:49.663511Z","level":"info","event":"Filling up the DagBag from /opt/airflow/dags/ingestion_dag.py","logger":"airflow.dag_processing.dagbag.BundleDagBag","filename":"dagbag.py","lineno":469}
{"timestamp":"2026-06-12T18:24:20.463107Z","level":"info","event":"Filling up the DagBag from /opt/airflow/dags/ingestion_dag.py","logger":"airflow.dag_processing.dagbag.BundleDagBag","filename":"dagbag.py","lineno":469}
{"timestamp":"2026-06-12T18:24:51.289821Z","level":"info","event":"Filling up the DagBag from /opt/airflow/dags/ingestion_dag.py","logger":"airflow.dag_processing.dagbag.BundleDagBag","filename":"dagbag.py","lineno":469}
{"timestamp":"2026-06-12T18:25:22.111245Z","level":"info","event":"Filling up the DagBag from /opt/airflow/dags/ingestion_dag.py","logger":"airflow.dag_processing.dagbag.BundleDagBag","filename":"dagbag.py","lineno":469}
{"timestamp":"2026-06-12T18:25:52.930366Z","level":"info","event":"Filling up the DagBag from /opt/airflow/dags/ingestion_dag.py","logger":"airflow.dag_processing.dagbag.BundleDagBag","filename":"dagbag.py","lineno":469}
{"timestamp":"2026-06-12T18:26:23.772786Z","level":"info","event":"Filling up the DagBag from /opt/airflow/dags/ingestion_dag.py","logger":"airflow.dag_processing.dagbag.BundleDagBag","filename":"dagbag.py","lineno":469}
{"timestamp":"2026-06-12T18:26:54.530774Z","level":"info","event":"Filling up the DagBag from /opt/airflow/dags/ingestion_dag.py","logger":"airflow.dag_processing.dagbag.BundleDagBag","filename":"dagbag.py","lineno":469}
{"timestamp":"2026-06-12T18:27:25.421170Z","level":"info","event":"Filling up the DagBag from /opt/airflow/dags/ingestion_dag.py","logger":"airflow.dag_processing.dagbag.BundleDagBag","filename":"dagbag.py","lineno":469}
{"timestamp":"2026-06-12T18:27:56.255093Z","level":"info","event":"Filling up the DagBag from /opt/airflow/dags/ingestion_dag.py","logger":"airflow.dag_processing.dagbag.BundleDagBag","filename":"dagbag.py","lineno":469}
{"timestamp":"2026-06-12T18:28:27.122614Z","level":"info","event":"Filling up the DagBag from /opt/airflow/dags/ingestion_dag.py","logger":"airflow.dag_processing.dagbag.BundleDagBag","filename":"dagbag.py","lineno":469}
{"timestamp":"2026-06-12T18:28:57.973583Z","level":"info","event":"Filling up the DagBag from /opt/airflow/dags/ingestion_dag.py","logger":"airflow.dag_processing.dagbag.BundleDagBag","filename":"dagbag.py","lineno":469}
{"timestamp":"2026-06-12T18:29:28.748879Z","level":"info","event":"Filling up the DagBag from /opt/airflow/dags/ingestion_dag.py","logger":"airflow.dag_processing.dagbag.BundleDagBag","filename":"dagbag.py","lineno":469}
{"timestamp":"2026-06-12T18:29:59.556315Z","level":"info","event":"Filling up the DagBag from /opt/airflow/dags/ingestion_dag.py","logger":"airflow.dag_processing.dagbag.BundleDagBag","filename":"dagbag.py","lineno":469}
{"timestamp":"2026-06-12T18:30:30.361450Z","level":"info","event":"Filling up the DagBag from /opt/airflow/dags/ingestion_dag.py","logger":"airflow.dag_processing.dagbag.BundleDagBag","filename":"dagbag.py","lineno":469}
{"timestamp":"2026-06-12T18:31:01.161945Z","level":"info","event":"Filling up the DagBag from /opt/airflow/dags/ingestion_dag.py","logger":"airflow.dag_processing.dagbag.BundleDagBag","filename":"dagbag.py","lineno":469}
{"timestamp":"2026-06-12T18:31:31.834658Z","level":"info","event":"Filling up the DagBag from /opt/airflow/dags/ingestion_dag.py","logger":"airflow.dag_processing.dagbag.BundleDagBag","filename":"dagbag.py","lineno":469}
{"timestamp":"2026-06-12T18:32:02.587896Z","level":"info","event":"Filling up the DagBag from /opt/airflow/dags/ingestion_dag.py","logger":"airflow.dag_processing.dagbag.BundleDagBag","filename":"dagbag.py","lineno":469}
{"timestamp":"2026-06-12T18:32:33.299789Z","level":"info","event":"Filling up the DagBag from /opt/airflow/dags/ingestion_dag.py","logger":"airflow.dag_processing.dagbag.BundleDagBag","filename":"dagbag.py","lineno":469}
{"timestamp":"2026-06-12T18:33:04.082321Z","level":"info","event":"Filling up the DagBag from /opt/airflow/dags/ingestion_dag.py","logger":"airflow.dag_processing.dagbag.BundleDagBag","filename":"dagbag.py","lineno":469}
{"timestamp":"2026-06-12T18:33:34.811610Z","level":"info","event":"Filling up the DagBag from /opt/airflow/dags/ingestion_dag.py","logger":"airflow.dag_processing.dagbag.BundleDagBag","filename":"dagbag.py","lineno":469}
{"timestamp":"2026-06-12T18:34:05.435483Z","level":"info","event":"Filling up the DagBag from /opt/airflow/dags/ingestion_dag.py","logger":"airflow.dag_processing.dagbag.BundleDagBag","filename":"dagbag.py","lineno":469}
{"timestamp":"2026-06-12T18:34:36.252873Z","level":"info","event":"Filling up the DagBag from /opt/airflow/dags/ingestion_dag.py","logger":"airflow.dag_processing.dagbag.BundleDagBag","filename":"dagbag.py","lineno":469}
{"timestamp":"2026-06-12T18:35:06.976806Z","level":"info","event":"Filling up the DagBag from /opt/airflow/dags/ingestion_dag.py","logger":"airflow.dag_processing.dagbag.BundleDagBag","filename":"dagbag.py","lineno":469}
{"timestamp":"2026-06-12T18:35:37.772483Z","level":"info","event":"Filling up the DagBag from /opt/airflow/dags/ingestion_dag.py","logger":"airflow.dag_processing.dagbag.BundleDagBag","filename":"dagbag.py","lineno":469}
{"timestamp":"2026-06-12T18:36:08.644650Z","level":"info","event":"Filling up the DagBag from /opt/airflow/dags/ingestion_dag.py","logger":"airflow.dag_processing.dagbag.BundleDagBag","filename":"dagbag.py","lineno":469}
{"timestamp":"2026-06-12T18:36:39.354021Z","level":"info","event":"Filling up the DagBag from /opt/airflow/dags/ingestion_dag.py","logger":"airflow.dag_processing.dagbag.BundleDagBag","filename":"dagbag.py","lineno":469}
{"timestamp":"2026-06-12T18:37:10.228132Z","level":"info","event":"Filling up the DagBag from /opt/airflow/dags/ingestion_dag.py","logger":"airflow.dag_processing.dagbag.BundleDagBag","filename":"dagbag.py","lineno":469}
{"timestamp":"2026-06-12T18:37:40.998362Z","level":"info","event":"Filling up the DagBag from /opt/airflow/dags/ingestion_dag.py","logger":"airflow.dag_processing.dagbag.BundleDagBag","filename":"dagbag.py","lineno":469}
{"timestamp":"2026-06-12T18:38:11.732610Z","level":"info","event":"Filling up the DagBag from /opt/airflow/dags/ingestion_dag.py","logger":"airflow.dag_processing.dagbag.BundleDagBag","filename":"dagbag.py","lineno":469}
{"timestamp":"2026-06-12T18:38:42.305234Z","level":"info","event":"Filling up the DagBag from /opt/airflow/dags/ingestion_dag.py","logger":"airflow.dag_processing.dagbag.BundleDagBag","filename":"dagbag.py","lineno":469}
{"timestamp":"2026-06-12T18:39:13.007737Z","level":"info","event":"Filling up the DagBag from /opt/airflow/dags/ingestion_dag.py","logger":"airflow.dag_processing.dagbag.BundleDagBag","filename":"dagbag.py","lineno":469}
{"timestamp":"2026-06-12T18:39:43.655192Z","level":"info","event":"Filling up the DagBag from /opt/airflow/dags/ingestion_dag.py","logger":"airflow.dag_processing.dagbag.BundleDagBag","filename":"dagbag.py","lineno":469}
{"timestamp":"2026-06-12T18:40:14.309159Z","level":"info","event":"Filling up the DagBag from /opt/airflow/dags/ingestion_dag.py","logger":"airflow.dag_processing.dagbag.BundleDagBag","filename":"dagbag.py","lineno":469}
{"timestamp":"2026-06-12T18:40:45.029965Z","level":"info","event":"Filling up the DagBag from /opt/airflow/dags/ingestion_dag.py","logger":"airflow.dag_processing.dagbag.BundleDagBag","filename":"dagbag.py","lineno":469}
{"timestamp":"2026-06-12T18:41:15.732496Z","level":"info","event":"Filling up the DagBag from /opt/airflow/dags/ingestion_dag.py","logger":"airflow.dag_processing.dagbag.BundleDagBag","filename":"dagbag.py","lineno":469}
{"timestamp":"2026-06-12T18:41:46.450054Z","level":"info","event":"Filling up the DagBag from /opt/airflow/dags/ingestion_dag.py","logger":"airflow.dag_processing.dagbag.BundleDagBag","filename":"dagbag.py","lineno":469}
{"timestamp":"2026-06-12T18:42:17.112093Z","level":"info","event":"Filling up the DagBag from /opt/airflow/dags/ingestion_dag.py","logger":"airflow.dag_processing.dagbag.BundleDagBag","filename":"dagbag.py","lineno":469}
{"timestamp":"2026-06-12T18:42:47.794001Z","level":"info","event":"Filling up the DagBag from /opt/airflow/dags/ingestion_dag.py","logger":"airflow.dag_processing.dagbag.BundleDagBag","filename":"dagbag.py","lineno":469}
{"timestamp":"2026-06-12T18:43:18.463714Z","level":"info","event":"Filling up the DagBag from /opt/airflow/dags/ingestion_dag.py","logger":"airflow.dag_processing.dagbag.BundleDagBag","filename":"dagbag.py","lineno":469}
{"timestamp":"2026-06-12T18:43:49.111902Z","level":"info","event":"Filling up the DagBag from /opt/airflow/dags/ingestion_dag.py","logger":"airflow.dag_processing.dagbag.BundleDagBag","filename":"dagbag.py","lineno":469}
{"timestamp":"2026-06-12T18:44:19.806107Z","level":"info","event":"Filling up the DagBag from /opt/airflow/dags/ingestion_dag.py","logger":"airflow.dag_processing.dagbag.BundleDagBag","filename":"dagbag.py","lineno":469}
{"timestamp":"2026-06-12T18:44:50.429640Z","level":"info","event":"Filling up the DagBag from /opt/airflow/dags/ingestion_dag.py","logger":"airflow.dag_processing.dagbag.BundleDagBag","filename":"dagbag.py","lineno":469}
{"timestamp":"2026-06-12T18:45:21.148061Z","level":"info","event":"Filling up the DagBag from /opt/airflow/dags/ingestion_dag.py","logger":"airflow.dag_processing.dagbag.BundleDagBag","filename":"dagbag.py","lineno":469}
{"timestamp":"2026-06-12T18:45:51.916504Z","level":"info","event":"Filling up the DagBag from /opt/airflow/dags/ingestion_dag.py","logger":"airflow.dag_processing.dagbag.BundleDagBag","filename":"dagbag.py","lineno":469}
{"timestamp":"2026-06-12T18:46:22.679643Z","level":"info","event":"Filling up the DagBag from /opt/airflow/dags/ingestion_dag.py","logger":"airflow.dag_processing.dagbag.BundleDagBag","filename":"dagbag.py","lineno":469}
{"timestamp":"2026-06-12T18:46:53.216929Z","level":"info","event":"Filling up the DagBag from /opt/airflow/dags/ingestion_dag.py","logger":"airflow.dag_processing.dagbag.BundleDagBag","filename":"dagbag.py","lineno":469}
{"timestamp":"2026-06-12T18:47:23.919513Z","level":"info","event":"Filling up the DagBag from /opt/airflow/dags/ingestion_dag.py","logger":"airflow.dag_processing.dagbag.BundleDagBag","filename":"dagbag.py","lineno":469}
{"timestamp":"2026-06-12T18:47:54.607117Z","level":"info","event":"Filling up the DagBag from /opt/airflow/dags/ingestion_dag.py","logger":"airflow.dag_processing.dagbag.BundleDagBag","filename":"dagbag.py","lineno":469}
{"timestamp":"2026-06-12T18:48:25.329490Z","level":"info","event":"Filling up the DagBag from /opt/airflow/dags/ingestion_dag.py","logger":"airflow.dag_processing.dagbag.BundleDagBag","filename":"dagbag.py","lineno":469}
{"timestamp":"2026-06-12T18:48:55.992507Z","level":"info","event":"Filling up the DagBag from /opt/airflow/dags/ingestion_dag.py","logger":"airflow.dag_processing.dagbag.BundleDagBag","filename":"dagbag.py","lineno":469}
{"timestamp":"2026-06-12T18:49:26.647740Z","level":"info","event":"Filling up the DagBag from /opt/airflow/dags/ingestion_dag.py","logger":"airflow.dag_processing.dagbag.BundleDagBag","filename":"dagbag.py","lineno":469}
{"timestamp":"2026-06-12T18:49:57.349649Z","level":"info","event":"Filling up the DagBag from /opt/airflow/dags/ingestion_dag.py","logger":"airflow.dag_processing.dagbag.BundleDagBag","filename":"dagbag.py","lineno":469}
{"timestamp":"2026-06-12T18:50:27.998006Z","level":"info","event":"Filling up the DagBag from /opt/airflow/dags/ingestion_dag.py","logger":"airflow.dag_processing.dagbag.BundleDagBag","filename":"dagbag.py","lineno":469}
{"timestamp":"2026-06-12T18:50:58.713966Z","level":"info","event":"Filling up the DagBag from /opt/airflow/dags/ingestion_dag.py","logger":"airflow.dag_processing.dagbag.BundleDagBag","filename":"dagbag.py","lineno":469}
{"timestamp":"2026-06-12T18:51:29.413258Z","level":"info","event":"Filling up the DagBag from /opt/airflow/dags/ingestion_dag.py","logger":"airflow.dag_processing.dagbag.BundleDagBag","filename":"dagbag.py","lineno":469}
{"timestamp":"2026-06-12T18:52:00.124082Z","level":"info","event":"Filling up the DagBag from /opt/airflow/dags/ingestion_dag.py","logger":"airflow.dag_processing.dagbag.BundleDagBag","filename":"dagbag.py","lineno":469}
{"timestamp":"2026-06-12T18:52:30.802702Z","level":"info","event":"Filling up the DagBag from /opt/airflow/dags/ingestion_dag.py","logger":"airflow.dag_processing.dagbag.BundleDagBag","filename":"dagbag.py","lineno":469}
{"timestamp":"2026-06-12T18:53:01.336773Z","level":"info","event":"Filling up the DagBag from /opt/airflow/dags/ingestion_dag.py","logger":"airflow.dag_processing.dagbag.BundleDagBag","filename":"dagbag.py","lineno":469}
{"timestamp":"2026-06-12T18:53:32.018957Z","level":"info","event":"Filling up the DagBag from /opt/airflow/dags/ingestion_dag.py","logger":"airflow.dag_processing.dagbag.BundleDagBag","filename":"dagbag.py","lineno":469}
{"timestamp":"2026-06-12T18:54:02.727060Z","level":"info","event":"Filling up the DagBag from /opt/airflow/dags/ingestion_dag.py","logger":"airflow.dag_processing.dagbag.BundleDagBag","filename":"dagbag.py","lineno":469}
{"timestamp":"2026-06-12T18:54:33.367220Z","level":"info","event":"Filling up the DagBag from /opt/airflow/dags/ingestion_dag.py","logger":"airflow.dag_processing.dagbag.BundleDagBag","filename":"dagbag.py","lineno":469}
{"timestamp":"2026-06-12T18:55:03.786543Z","level":"info","event":"Filling up the DagBag from /opt/airflow/dags/ingestion_dag.py","logger":"airflow.dag_processing.dagbag.BundleDagBag","filename":"dagbag.py","lineno":469}
{"timestamp":"2026-06-12T18:55:34.466417Z","level":"info","event":"Filling up the DagBag from /opt/airflow/dags/ingestion_dag.py","logger":"airflow.dag_processing.dagbag.BundleDagBag","filename":"dagbag.py","lineno":469}
{"timestamp":"2026-06-12T18:56:05.095511Z","level":"info","event":"Filling up the DagBag from /opt/airflow/dags/ingestion_dag.py","logger":"airflow.dag_processing.dagbag.BundleDagBag","filename":"dagbag.py","lineno":469}
{"timestamp":"2026-06-12T18:56:35.723061Z","level":"info","event":"Filling up the DagBag from /opt/airflow/dags/ingestion_dag.py","logger":"airflow.dag_processing.dagbag.BundleDagBag","filename":"dagbag.py","lineno":469}
{"timestamp":"2026-06-12T18:57:06.397609Z","level":"info","event":"Filling up the DagBag from /opt/airflow/dags/ingestion_dag.py","logger":"airflow.dag_processing.dagbag.BundleDagBag","filename":"dagbag.py","lineno":469}
{"timestamp":"2026-06-12T18:57:37.059061Z","level":"info","event":"Filling up the DagBag from /opt/airflow/dags/ingestion_dag.py","logger":"airflow.dag_processing.dagbag.BundleDagBag","filename":"dagbag.py","lineno":469}
{"timestamp":"2026-06-12T18:58:07.595053Z","level":"info","event":"Filling up the DagBag from /opt/airflow/dags/ingestion_dag.py","logger":"airflow.dag_processing.dagbag.BundleDagBag","filename":"dagbag.py","lineno":469}
{"timestamp":"2026-06-12T18:58:38.227759Z","level":"info","event":"Filling up the DagBag from /opt/airflow/dags/ingestion_dag.py","logger":"airflow.dag_processing.dagbag.BundleDagBag","filename":"dagbag.py","lineno":469}
{"timestamp":"2026-06-12T18:59:08.850956Z","level":"info","event":"Filling up the DagBag from /opt/airflow/dags/ingestion_dag.py","logger":"airflow.dag_processing.dagbag.BundleDagBag","filename":"dagbag.py","lineno":469}
{"timestamp":"2026-06-12T18:59:39.441755Z","level":"info","event":"Filling up the DagBag from /opt/airflow/dags/ingestion_dag.py","logger":"airflow.dag_processing.dagbag.BundleDagBag","filename":"dagbag.py","lineno":469}
{"timestamp":"2026-06-12T19:00:10.019635Z","level":"info","event":"Filling up the DagBag from /opt/airflow/dags/ingestion_dag.py","logger":"airflow.dag_processing.dagbag.BundleDagBag","filename":"dagbag.py","lineno":469}
{"timestamp":"2026-06-12T19:00:40.618449Z","level":"info","event":"Filling up the DagBag from /opt/airflow/dags/ingestion_dag.py","logger":"airflow.dag_processing.dagbag.BundleDagBag","filename":"dagbag.py","lineno":469}
{"timestamp":"2026-06-12T19:01:11.198677Z","level":"info","event":"Filling up the DagBag from /opt/airflow/dags/ingestion_dag.py","logger":"airflow.dag_processing.dagbag.BundleDagBag","filename":"dagbag.py","lineno":469}
{"timestamp":"2026-06-12T19:01:41.888426Z","level":"info","event":"Filling up the DagBag from /opt/airflow/dags/ingestion_dag.py","logger":"airflow.dag_processing.dagbag.BundleDagBag","filename":"dagbag.py","lineno":469}
{"timestamp":"2026-06-12T19:02:12.437090Z","level":"info","event":"Filling up the DagBag from /opt/airflow/dags/ingestion_dag.py","logger":"airflow.dag_processing.dagbag.BundleDagBag","filename":"dagbag.py","lineno":469}
{"timestamp":"2026-06-12T19:02:43.006426Z","level":"info","event":"Filling up the DagBag from /opt/airflow/dags/ingestion_dag.py","logger":"airflow.dag_processing.dagbag.BundleDagBag","filename":"dagbag.py","lineno":469}
{"timestamp":"2026-06-12T19:03:13.424217Z","level":"info","event":"Filling up the DagBag from /opt/airflow/dags/ingestion_dag.py","logger":"airflow.dag_processing.dagbag.BundleDagBag","filename":"dagbag.py","lineno":469}
{"timestamp":"2026-06-12T19:03:44.074290Z","level":"info","event":"Filling up the DagBag from /opt/airflow/dags/ingestion_dag.py","logger":"airflow.dag_processing.dagbag.BundleDagBag","filename":"dagbag.py","lineno":469}
{"timestamp":"2026-06-12T19:04:14.677438Z","level":"info","event":"Filling up the DagBag from /opt/airflow/dags/ingestion_dag.py","logger":"airflow.dag_processing.dagbag.BundleDagBag","filename":"dagbag.py","lineno":469}
{"timestamp":"2026-06-12T19:04:45.297581Z","level":"info","event":"Filling up the DagBag from /opt/airflow/dags/ingestion_dag.py","logger":"airflow.dag_processing.dagbag.BundleDagBag","filename":"dagbag.py","lineno":469}
{"timestamp":"2026-06-12T19:05:15.844988Z","level":"info","event":"Filling up the DagBag from /opt/airflow/dags/ingestion_dag.py","logger":"airflow.dag_processing.dagbag.BundleDagBag","filename":"dagbag.py","lineno":469}
{"timestamp":"2026-06-12T19:05:46.417257Z","level":"info","event":"Filling up the DagBag from /opt/airflow/dags/ingestion_dag.py","logger":"airflow.dag_processing.dagbag.BundleDagBag","filename":"dagbag.py","lineno":469}
{"timestamp":"2026-06-12T19:06:16.973518Z","level":"info","event":"Filling up the DagBag from /opt/airflow/dags/ingestion_dag.py","logger":"airflow.dag_processing.dagbag.BundleDagBag","filename":"dagbag.py","lineno":469}
{"timestamp":"2026-06-12T19:06:47.527045Z","level":"info","event":"Filling up the DagBag from /opt/airflow/dags/ingestion_dag.py","logger":"airflow.dag_processing.dagbag.BundleDagBag","filename":"dagbag.py","lineno":469}
{"timestamp":"2026-06-12T19:07:18.147242Z","level":"info","event":"Filling up the DagBag from /opt/airflow/dags/ingestion_dag.py","logger":"airflow.dag_processing.dagbag.BundleDagBag","filename":"dagbag.py","lineno":469}
{"timestamp":"2026-06-12T19:07:48.684308Z","level":"info","event":"Filling up the DagBag from /opt/airflow/dags/ingestion_dag.py","logger":"airflow.dag_processing.dagbag.BundleDagBag","filename":"dagbag.py","lineno":469}
{"timestamp":"2026-06-12T19:08:19.236355Z","level":"info","event":"Filling up the DagBag from /opt/airflow/dags/ingestion_dag.py","logger":"airflow.dag_processing.dagbag.BundleDagBag","filename":"dagbag.py","lineno":469}
{"timestamp":"2026-06-12T19:08:49.725597Z","level":"info","event":"Filling up the DagBag from /opt/airflow/dags/ingestion_dag.py","logger":"airflow.dag_processing.dagbag.BundleDagBag","filename":"dagbag.py","lineno":469}
{"timestamp":"2026-06-12T19:09:20.298660Z","level":"info","event":"Filling up the DagBag from /opt/airflow/dags/ingestion_dag.py","logger":"airflow.dag_processing.dagbag.BundleDagBag","filename":"dagbag.py","lineno":469}
{"timestamp":"2026-06-12T19:09:50.865166Z","level":"info","event":"Filling up the DagBag from /opt/airflow/dags/ingestion_dag.py","logger":"airflow.dag_processing.dagbag.BundleDagBag","filename":"dagbag.py","lineno":469}
{"timestamp":"2026-06-12T19:10:21.326724Z","level":"info","event":"Filling up the DagBag from /opt/airflow/dags/ingestion_dag.py","logger":"airflow.dag_processing.dagbag.BundleDagBag","filename":"dagbag.py","lineno":469}
{"timestamp":"2026-06-12T19:10:51.885314Z","level":"info","event":"Filling up the DagBag from /opt/airflow/dags/ingestion_dag.py","logger":"airflow.dag_processing.dagbag.BundleDagBag","filename":"dagbag.py","lineno":469}
{"timestamp":"2026-06-12T19:11:22.146055Z","level":"info","event":"Filling up the DagBag from /opt/airflow/dags/ingestion_dag.py","logger":"airflow.dag_processing.dagbag.BundleDagBag","filename":"dagbag.py","lineno":469}
{"timestamp":"2026-06-12T19:11:52.711037Z","level":"info","event":"Filling up the DagBag from /opt/airflow/dags/ingestion_dag.py","logger":"airflow.dag_processing.dagbag.BundleDagBag","filename":"dagbag.py","lineno":469}
{"timestamp":"2026-06-12T19:12:23.231754Z","level":"info","event":"Filling up the DagBag from /opt/airflow/dags/ingestion_dag.py","logger":"airflow.dag_processing.dagbag.BundleDagBag","filename":"dagbag.py","lineno":469}
{"timestamp":"2026-06-12T19:12:53.773639Z","level":"info","event":"Filling up the DagBag from /opt/airflow/dags/ingestion_dag.py","logger":"airflow.dag_processing.dagbag.BundleDagBag","filename":"dagbag.py","lineno":469}
{"timestamp":"2026-06-12T19:13:24.249909Z","level":"info","event":"Filling up the DagBag from /opt/airflow/dags/ingestion_dag.py","logger":"airflow.dag_processing.dagbag.BundleDagBag","filename":"dagbag.py","lineno":469}
{"timestamp":"2026-06-12T19:13:54.782758Z","level":"info","event":"Filling up the DagBag from /opt/airflow/dags/ingestion_dag.py","logger":"airflow.dag_processing.dagbag.BundleDagBag","filename":"dagbag.py","lineno":469}
{"timestamp":"2026-06-12T19:14:25.263765Z","level":"info","event":"Filling up the DagBag from /opt/airflow/dags/ingestion_dag.py","logger":"airflow.dag_processing.dagbag.BundleDagBag","filename":"dagbag.py","lineno":469}
{"timestamp":"2026-06-12T19:14:55.787862Z","level":"info","event":"Filling up the DagBag from /opt/airflow/dags/ingestion_dag.py","logger":"airflow.dag_processing.dagbag.BundleDagBag","filename":"dagbag.py","lineno":469}
{"timestamp":"2026-06-12T19:15:26.369220Z","level":"info","event":"Filling up the DagBag from /opt/airflow/dags/ingestion_dag.py","logger":"airflow.dag_processing.dagbag.BundleDagBag","filename":"dagbag.py","lineno":469}
{"timestamp":"2026-06-12T19:15:56.898590Z","level":"info","event":"Filling up the DagBag from /opt/airflow/dags/ingestion_dag.py","logger":"airflow.dag_processing.dagbag.BundleDagBag","filename":"dagbag.py","lineno":469}
{"timestamp":"2026-06-12T19:16:27.464027Z","level":"info","event":"Filling up the DagBag from /opt/airflow/dags/ingestion_dag.py","logger":"airflow.dag_processing.dagbag.BundleDagBag","filename":"dagbag.py","lineno":469}
{"timestamp":"2026-06-12T19:16:57.963374Z","level":"info","event":"Filling up the DagBag from /opt/airflow/dags/ingestion_dag.py","logger":"airflow.dag_processing.dagbag.BundleDagBag","filename":"dagbag.py","lineno":469}
{"timestamp":"2026-06-12T19:17:28.473308Z","level":"info","event":"Filling up the DagBag from /opt/airflow/dags/ingestion_dag.py","logger":"airflow.dag_processing.dagbag.BundleDagBag","filename":"dagbag.py","lineno":469}
{"timestamp":"2026-06-12T19:17:59.005220Z","level":"info","event":"Filling up the DagBag from /opt/airflow/dags/ingestion_dag.py","logger":"airflow.dag_processing.dagbag.BundleDagBag","filename":"dagbag.py","lineno":469}
{"timestamp":"2026-06-12T19:18:29.545138Z","level":"info","event":"Filling up the DagBag from /opt/airflow/dags/ingestion_dag.py","logger":"airflow.dag_processing.dagbag.BundleDagBag","filename":"dagbag.py","lineno":469}
{"timestamp":"2026-06-12T19:19:00.010598Z","level":"info","event":"Filling up the DagBag from /opt/airflow/dags/ingestion_dag.py","logger":"airflow.dag_processing.dagbag.BundleDagBag","filename":"dagbag.py","lineno":469}
{"timestamp":"2026-06-12T19:19:30.276221Z","level":"info","event":"Filling up the DagBag from /opt/airflow/dags/ingestion_dag.py","logger":"airflow.dag_processing.dagbag.BundleDagBag","filename":"dagbag.py","lineno":469}
{"timestamp":"2026-06-12T19:20:00.784337Z","level":"info","event":"Filling up the DagBag from /opt/airflow/dags/ingestion_dag.py","logger":"airflow.dag_processing.dagbag.BundleDagBag","filename":"dagbag.py","lineno":469}
{"timestamp":"2026-06-12T19:20:31.321346Z","level":"info","event":"Filling up the DagBag from /opt/airflow/dags/ingestion_dag.py","logger":"airflow.dag_processing.dagbag.BundleDagBag","filename":"dagbag.py","lineno":469}
{"timestamp":"2026-06-12T19:21:01.810571Z","level":"info","event":"Filling up the DagBag from /opt/airflow/dags/ingestion_dag.py","logger":"airflow.dag_processing.dagbag.BundleDagBag","filename":"dagbag.py","lineno":469}
{"timestamp":"2026-06-12T19:21:32.330528Z","level":"info","event":"Filling up the DagBag from /opt/airflow/dags/ingestion_dag.py","logger":"airflow.dag_processing.dagbag.BundleDagBag","filename":"dagbag.py","lineno":469}
{"timestamp":"2026-06-12T19:22:02.788071Z","level":"info","event":"Filling up the DagBag from /opt/airflow/dags/ingestion_dag.py","logger":"airflow.dag_processing.dagbag.BundleDagBag","filename":"dagbag.py","lineno":469}
{"timestamp":"2026-06-12T19:22:33.368372Z","level":"info","event":"Filling up the DagBag from /opt/airflow/dags/ingestion_dag.py","logger":"airflow.dag_processing.dagbag.BundleDagBag","filename":"dagbag.py","lineno":469}
{"timestamp":"2026-06-12T19:23:03.874780Z","level":"info","event":"Filling up the DagBag from /opt/airflow/dags/ingestion_dag.py","logger":"airflow.dag_processing.dagbag.BundleDagBag","filename":"dagbag.py","lineno":469}
{"timestamp":"2026-06-12T19:23:34.328921Z","level":"info","event":"Filling up the DagBag from /opt/airflow/dags/ingestion_dag.py","logger":"airflow.dag_processing.dagbag.BundleDagBag","filename":"dagbag.py","lineno":469}
{"timestamp":"2026-06-12T19:24:04.807647Z","level":"info","event":"Filling up the DagBag from /opt/airflow/dags/ingestion_dag.py","logger":"airflow.dag_processing.dagbag.BundleDagBag","filename":"dagbag.py","lineno":469}
{"timestamp":"2026-06-12T19:24:35.313035Z","level":"info","event":"Filling up the DagBag from /opt/airflow/dags/ingestion_dag.py","logger":"airflow.dag_processing.dagbag.BundleDagBag","filename":"dagbag.py","lineno":469}
{"timestamp":"2026-06-12T19:25:05.820597Z","level":"info","event":"Filling up the DagBag from /opt/airflow/dags/ingestion_dag.py","logger":"airflow.dag_processing.dagbag.BundleDagBag","filename":"dagbag.py","lineno":469}
{"timestamp":"2026-06-12T19:25:36.244608Z","level":"info","event":"Filling up the DagBag from /opt/airflow/dags/ingestion_dag.py","logger":"airflow.dag_processing.dagbag.BundleDagBag","filename":"dagbag.py","lineno":469}
{"timestamp":"2026-06-12T19:26:06.745402Z","level":"info","event":"Filling up the DagBag from /opt/airflow/dags/ingestion_dag.py","logger":"airflow.dag_processing.dagbag.BundleDagBag","filename":"dagbag.py","lineno":469}
{"timestamp":"2026-06-12T19:26:37.191138Z","level":"info","event":"Filling up the DagBag from /opt/airflow/dags/ingestion_dag.py","logger":"airflow.dag_processing.dagbag.BundleDagBag","filename":"dagbag.py","lineno":469}
{"timestamp":"2026-06-12T19:27:07.744542Z","level":"info","event":"Filling up the DagBag from /opt/airflow/dags/ingestion_dag.py","logger":"airflow.dag_processing.dagbag.BundleDagBag","filename":"dagbag.py","lineno":469}
{"timestamp":"2026-06-12T19:27:37.902915Z","level":"info","event":"Filling up the DagBag from /opt/airflow/dags/ingestion_dag.py","logger":"airflow.dag_processing.dagbag.BundleDagBag","filename":"dagbag.py","lineno":469}
{"timestamp":"2026-06-12T19:28:08.407456Z","level":"info","event":"Filling up the DagBag from /opt/airflow/dags/ingestion_dag.py","logger":"airflow.dag_processing.dagbag.BundleDagBag","filename":"dagbag.py","lineno":469}
{"timestamp":"2026-06-12T19:28:38.909860Z","level":"info","event":"Filling up the DagBag from /opt/airflow/dags/ingestion_dag.py","logger":"airflow.dag_processing.dagbag.BundleDagBag","filename":"dagbag.py","lineno":469}
{"timestamp":"2026-06-12T19:29:09.368432Z","level":"info","event":"Filling up the DagBag from /opt/airflow/dags/ingestion_dag.py","logger":"airflow.dag_processing.dagbag.BundleDagBag","filename":"dagbag.py","lineno":469}
{"timestamp":"2026-06-12T19:29:39.772355Z","level":"info","event":"Filling up the DagBag from /opt/airflow/dags/ingestion_dag.py","logger":"airflow.dag_processing.dagbag.BundleDagBag","filename":"dagbag.py","lineno":469}
{"timestamp":"2026-06-12T19:30:10.300044Z","level":"info","event":"Filling up the DagBag from /opt/airflow/dags/ingestion_dag.py","logger":"airflow.dag_processing.dagbag.BundleDagBag","filename":"dagbag.py","lineno":469}
{"timestamp":"2026-06-12T19:30:40.755143Z","level":"info","event":"Filling up the DagBag from /opt/airflow/dags/ingestion_dag.py","logger":"airflow.dag_processing.dagbag.BundleDagBag","filename":"dagbag.py","lineno":469}
{"timestamp":"2026-06-12T19:31:11.219266Z","level":"info","event":"Filling up the DagBag from /opt/airflow/dags/ingestion_dag.py","logger":"airflow.dag_processing.dagbag.BundleDagBag","filename":"dagbag.py","lineno":469}
{"timestamp":"2026-06-12T19:31:41.705453Z","level":"info","event":"Filling up the DagBag from /opt/airflow/dags/ingestion_dag.py","logger":"airflow.dag_processing.dagbag.BundleDagBag","filename":"dagbag.py","lineno":469}
{"timestamp":"2026-06-12T19:32:12.229040Z","level":"info","event":"Filling up the DagBag from /opt/airflow/dags/ingestion_dag.py","logger":"airflow.dag_processing.dagbag.BundleDagBag","filename":"dagbag.py","lineno":469}
{"timestamp":"2026-06-12T19:32:42.745587Z","level":"info","event":"Filling up the DagBag from /opt/airflow/dags/ingestion_dag.py","logger":"airflow.dag_processing.dagbag.BundleDagBag","filename":"dagbag.py","lineno":469}
{"timestamp":"2026-06-12T19:33:13.160290Z","level":"info","event":"Filling up the DagBag from /opt/airflow/dags/ingestion_dag.py","logger":"airflow.dag_processing.dagbag.BundleDagBag","filename":"dagbag.py","lineno":469}
{"timestamp":"2026-06-12T19:33:43.637645Z","level":"info","event":"Filling up the DagBag from /opt/airflow/dags/ingestion_dag.py","logger":"airflow.dag_processing.dagbag.BundleDagBag","filename":"dagbag.py","lineno":469}
{"timestamp":"2026-06-12T19:34:13.998091Z","level":"info","event":"Filling up the DagBag from /opt/airflow/dags/ingestion_dag.py","logger":"airflow.dag_processing.dagbag.BundleDagBag","filename":"dagbag.py","lineno":469}
{"timestamp":"2026-06-12T19:34:44.529351Z","level":"info","event":"Filling up the DagBag from /opt/airflow/dags/ingestion_dag.py","logger":"airflow.dag_processing.dagbag.BundleDagBag","filename":"dagbag.py","lineno":469}
{"timestamp":"2026-06-12T19:35:14.943480Z","level":"info","event":"Filling up the DagBag from /opt/airflow/dags/ingestion_dag.py","logger":"airflow.dag_processing.dagbag.BundleDagBag","filename":"dagbag.py","lineno":469}
{"timestamp":"2026-06-12T19:35:45.101204Z","level":"info","event":"Filling up the DagBag from /opt/airflow/dags/ingestion_dag.py","logger":"airflow.dag_processing.dagbag.BundleDagBag","filename":"dagbag.py","lineno":469}
{"timestamp":"2026-06-12T19:36:15.595724Z","level":"info","event":"Filling up the DagBag from /opt/airflow/dags/ingestion_dag.py","logger":"airflow.dag_processing.dagbag.BundleDagBag","filename":"dagbag.py","lineno":469}
{"timestamp":"2026-06-12T19:36:46.190191Z","level":"info","event":"Filling up the DagBag from /opt/airflow/dags/ingestion_dag.py","logger":"airflow.dag_processing.dagbag.BundleDagBag","filename":"dagbag.py","lineno":469}
{"timestamp":"2026-06-12T19:37:16.692282Z","level":"info","event":"Filling up the DagBag from /opt/airflow/dags/ingestion_dag.py","logger":"airflow.dag_processing.dagbag.BundleDagBag","filename":"dagbag.py","lineno":469}
{"timestamp":"2026-06-12T19:37:46.951273Z","level":"info","event":"Filling up the DagBag from /opt/airflow/dags/ingestion_dag.py","logger":"airflow.dag_processing.dagbag.BundleDagBag","filename":"dagbag.py","lineno":469}
{"timestamp":"2026-06-12T19:38:17.314889Z","level":"info","event":"Filling up the DagBag from /opt/airflow/dags/ingestion_dag.py","logger":"airflow.dag_processing.dagbag.BundleDagBag","filename":"dagbag.py","lineno":469}
{"timestamp":"2026-06-12T19:38:47.763885Z","level":"info","event":"Filling up the DagBag from /opt/airflow/dags/ingestion_dag.py","logger":"airflow.dag_processing.dagbag.BundleDagBag","filename":"dagbag.py","lineno":469}
{"timestamp":"2026-06-12T19:39:18.181513Z","level":"info","event":"Filling up the DagBag from /opt/airflow/dags/ingestion_dag.py","logger":"airflow.dag_processing.dagbag.BundleDagBag","filename":"dagbag.py","lineno":469}
{"timestamp":"2026-06-12T19:39:48.591531Z","level":"info","event":"Filling up the DagBag from /opt/airflow/dags/ingestion_dag.py","logger":"airflow.dag_processing.dagbag.BundleDagBag","filename":"dagbag.py","lineno":469}
{"timestamp":"2026-06-12T19:40:18.987897Z","level":"info","event":"Filling up the DagBag from /opt/airflow/dags/ingestion_dag.py","logger":"airflow.dag_processing.dagbag.BundleDagBag","filename":"dagbag.py","lineno":469}
{"timestamp":"2026-06-12T19:40:49.400050Z","level":"info","event":"Filling up the DagBag from /opt/airflow/dags/ingestion_dag.py","logger":"airflow.dag_processing.dagbag.BundleDagBag","filename":"dagbag.py","lineno":469}
{"timestamp":"2026-06-12T19:41:19.852826Z","level":"info","event":"Filling up the DagBag from /opt/airflow/dags/ingestion_dag.py","logger":"airflow.dag_processing.dagbag.BundleDagBag","filename":"dagbag.py","lineno":469}
{"timestamp":"2026-06-12T19:41:50.218476Z","level":"info","event":"Filling up the DagBag from /opt/airflow/dags/ingestion_dag.py","logger":"airflow.dag_processing.dagbag.BundleDagBag","filename":"dagbag.py","lineno":469}
{"timestamp":"2026-06-12T19:42:20.608770Z","level":"info","event":"Filling up the DagBag from /opt/airflow/dags/ingestion_dag.py","logger":"airflow.dag_processing.dagbag.BundleDagBag","filename":"dagbag.py","lineno":469}
{"timestamp":"2026-06-12T19:42:50.941762Z","level":"info","event":"Filling up the DagBag from /opt/airflow/dags/ingestion_dag.py","logger":"airflow.dag_processing.dagbag.BundleDagBag","filename":"dagbag.py","lineno":469}
{"timestamp":"2026-06-12T19:43:21.328101Z","level":"info","event":"Filling up the DagBag from /opt/airflow/dags/ingestion_dag.py","logger":"airflow.dag_processing.dagbag.BundleDagBag","filename":"dagbag.py","lineno":469}
{"timestamp":"2026-06-12T19:43:52.278868Z","level":"info","event":"Filling up the DagBag from /opt/airflow/dags/ingestion_dag.py","logger":"airflow.dag_processing.dagbag.BundleDagBag","filename":"dagbag.py","lineno":469}
{"timestamp":"2026-06-12T19:44:22.643388Z","level":"info","event":"Filling up the DagBag from /opt/airflow/dags/ingestion_dag.py","logger":"airflow.dag_processing.dagbag.BundleDagBag","filename":"dagbag.py","lineno":469}
{"timestamp":"2026-06-12T19:44:53.040663Z","level":"info","event":"Filling up the DagBag from /opt/airflow/dags/ingestion_dag.py","logger":"airflow.dag_processing.dagbag.BundleDagBag","filename":"dagbag.py","lineno":469}
{"timestamp":"2026-06-12T19:45:23.404104Z","level":"info","event":"Filling up the DagBag from /opt/airflow/dags/ingestion_dag.py","logger":"airflow.dag_processing.dagbag.BundleDagBag","filename":"dagbag.py","lineno":469}
{"timestamp":"2026-06-12T19:45:53.795362Z","level":"info","event":"Filling up the DagBag from /opt/airflow/dags/ingestion_dag.py","logger":"airflow.dag_processing.dagbag.BundleDagBag","filename":"dagbag.py","lineno":469}
{"timestamp":"2026-06-12T19:46:24.174333Z","level":"info","event":"Filling up the DagBag from /opt/airflow/dags/ingestion_dag.py","logger":"airflow.dag_processing.dagbag.BundleDagBag","filename":"dagbag.py","lineno":469}
{"timestamp":"2026-06-12T19:46:54.567471Z","level":"info","event":"Filling up the DagBag from /opt/airflow/dags/ingestion_dag.py","logger":"airflow.dag_processing.dagbag.BundleDagBag","filename":"dagbag.py","lineno":469}
{"timestamp":"2026-06-12T19:47:24.972830Z","level":"info","event":"Filling up the DagBag from /opt/airflow/dags/ingestion_dag.py","logger":"airflow.dag_processing.dagbag.BundleDagBag","filename":"dagbag.py","lineno":469}
{"timestamp":"2026-06-12T19:47:55.256489Z","level":"info","event":"Filling up the DagBag from /opt/airflow/dags/ingestion_dag.py","logger":"airflow.dag_processing.dagbag.BundleDagBag","filename":"dagbag.py","lineno":469}
{"timestamp":"2026-06-12T19:48:25.645794Z","level":"info","event":"Filling up the DagBag from /opt/airflow/dags/ingestion_dag.py","logger":"airflow.dag_processing.dagbag.BundleDagBag","filename":"dagbag.py","lineno":469}
{"timestamp":"2026-06-12T19:48:55.990368Z","level":"info","event":"Filling up the DagBag from /opt/airflow/dags/ingestion_dag.py","logger":"airflow.dag_processing.dagbag.BundleDagBag","filename":"dagbag.py","lineno":469}
{"timestamp":"2026-06-12T19:49:26.329385Z","level":"info","event":"Filling up the DagBag from /opt/airflow/dags/ingestion_dag.py","logger":"airflow.dag_processing.dagbag.BundleDagBag","filename":"dagbag.py","lineno":469}
{"timestamp":"2026-06-12T19:49:56.716746Z","level":"info","event":"Filling up the DagBag from /opt/airflow/dags/ingestion_dag.py","logger":"airflow.dag_processing.dagbag.BundleDagBag","filename":"dagbag.py","lineno":469}
{"timestamp":"2026-06-12T19:50:27.061912Z","level":"info","event":"Filling up the DagBag from /opt/airflow/dags/ingestion_dag.py","logger":"airflow.dag_processing.dagbag.BundleDagBag","filename":"dagbag.py","lineno":469}
{"timestamp":"2026-06-12T19:50:57.480414Z","level":"info","event":"Filling up the DagBag from /opt/airflow/dags/ingestion_dag.py","logger":"airflow.dag_processing.dagbag.BundleDagBag","filename":"dagbag.py","lineno":469}
{"timestamp":"2026-06-12T19:51:28.492277Z","level":"info","event":"Filling up the DagBag from /opt/airflow/dags/ingestion_dag.py","logger":"airflow.dag_processing.dagbag.BundleDagBag","filename":"dagbag.py","lineno":469}
{"timestamp":"2026-06-12T19:51:58.859128Z","level":"info","event":"Filling up the DagBag from /opt/airflow/dags/ingestion_dag.py","logger":"airflow.dag_processing.dagbag.BundleDagBag","filename":"dagbag.py","lineno":469}
{"timestamp":"2026-06-12T19:52:29.343023Z","level":"info","event":"Filling up the DagBag from /opt/airflow/dags/ingestion_dag.py","logger":"airflow.dag_processing.dagbag.BundleDagBag","filename":"dagbag.py","lineno":469}
{"timestamp":"2026-06-12T19:52:59.658620Z","level":"info","event":"Filling up the DagBag from /opt/airflow/dags/ingestion_dag.py","logger":"airflow.dag_processing.dagbag.BundleDagBag","filename":"dagbag.py","lineno":469}
{"timestamp":"2026-06-12T19:53:30.031166Z","level":"info","event":"Filling up the DagBag from /opt/airflow/dags/ingestion_dag.py","logger":"airflow.dag_processing.dagbag.BundleDagBag","filename":"dagbag.py","lineno":469}
{"timestamp":"2026-06-12T19:54:00.355972Z","level":"info","event":"Filling up the DagBag from /opt/airflow/dags/ingestion_dag.py","logger":"airflow.dag_processing.dagbag.BundleDagBag","filename":"dagbag.py","lineno":469}
{"timestamp":"2026-06-12T19:54:30.711784Z","level":"info","event":"Filling up the DagBag from /opt/airflow/dags/ingestion_dag.py","logger":"airflow.dag_processing.dagbag.BundleDagBag","filename":"dagbag.py","lineno":469}
{"timestamp":"2026-06-12T19:55:01.059482Z","level":"info","event":"Filling up the DagBag from /opt/airflow/dags/ingestion_dag.py","logger":"airflow.dag_processing.dagbag.BundleDagBag","filename":"dagbag.py","lineno":469}
{"timestamp":"2026-06-12T19:55:31.390791Z","level":"info","event":"Filling up the DagBag from /opt/airflow/dags/ingestion_dag.py","logger":"airflow.dag_processing.dagbag.BundleDagBag","filename":"dagbag.py","lineno":469}
{"timestamp":"2026-06-12T19:56:01.714100Z","level":"info","event":"Filling up the DagBag from /opt/airflow/dags/ingestion_dag.py","logger":"airflow.dag_processing.dagbag.BundleDagBag","filename":"dagbag.py","lineno":469}
{"timestamp":"2026-06-12T19:56:32.011070Z","level":"info","event":"Filling up the DagBag from /opt/airflow/dags/ingestion_dag.py","logger":"airflow.dag_processing.dagbag.BundleDagBag","filename":"dagbag.py","lineno":469}
{"timestamp":"2026-06-12T19:57:02.354392Z","level":"info","event":"Filling up the DagBag from /opt/airflow/dags/ingestion_dag.py","logger":"airflow.dag_processing.dagbag.BundleDagBag","filename":"dagbag.py","lineno":469}
{"timestamp":"2026-06-12T19:57:32.592976Z","level":"info","event":"Filling up the DagBag from /opt/airflow/dags/ingestion_dag.py","logger":"airflow.dag_processing.dagbag.BundleDagBag","filename":"dagbag.py","lineno":469}
{"timestamp":"2026-06-12T19:58:02.982281Z","level":"info","event":"Filling up the DagBag from /opt/airflow/dags/ingestion_dag.py","logger":"airflow.dag_processing.dagbag.BundleDagBag","filename":"dagbag.py","lineno":469}
{"timestamp":"2026-06-12T19:58:33.358413Z","level":"info","event":"Filling up the DagBag from /opt/airflow/dags/ingestion_dag.py","logger":"airflow.dag_processing.dagbag.BundleDagBag","filename":"dagbag.py","lineno":469}
{"timestamp":"2026-06-12T19:59:03.682487Z","level":"info","event":"Filling up the DagBag from /opt/airflow/dags/ingestion_dag.py","logger":"airflow.dag_processing.dagbag.BundleDagBag","filename":"dagbag.py","lineno":469}
{"timestamp":"2026-06-12T19:59:34.514226Z","level":"info","event":"Filling up the DagBag from /opt/airflow/dags/ingestion_dag.py","logger":"airflow.dag_processing.dagbag.BundleDagBag","filename":"dagbag.py","lineno":469}
{"timestamp":"2026-06-12T20:00:04.882719Z","level":"info","event":"Filling up the DagBag from /opt/airflow/dags/ingestion_dag.py","logger":"airflow.dag_processing.dagbag.BundleDagBag","filename":"dagbag.py","lineno":469}
{"timestamp":"2026-06-12T20:00:35.173972Z","level":"info","event":"Filling up the DagBag from /opt/airflow/dags/ingestion_dag.py","logger":"airflow.dag_processing.dagbag.BundleDagBag","filename":"dagbag.py","lineno":469}
{"timestamp":"2026-06-12T20:01:05.429947Z","level":"info","event":"Filling up the DagBag from /opt/airflow/dags/ingestion_dag.py","logger":"airflow.dag_processing.dagbag.BundleDagBag","filename":"dagbag.py","lineno":469}
{"timestamp":"2026-06-12T20:01:35.729961Z","level":"info","event":"Filling up the DagBag from /opt/airflow/dags/ingestion_dag.py","logger":"airflow.dag_processing.dagbag.BundleDagBag","filename":"dagbag.py","lineno":469}
{"timestamp":"2026-06-12T20:02:06.064389Z","level":"info","event":"Filling up the DagBag from /opt/airflow/dags/ingestion_dag.py","logger":"airflow.dag_processing.dagbag.BundleDagBag","filename":"dagbag.py","lineno":469}
{"timestamp":"2026-06-12T20:02:36.298893Z","level":"info","event":"Filling up the DagBag from /opt/airflow/dags/ingestion_dag.py","logger":"airflow.dag_processing.dagbag.BundleDagBag","filename":"dagbag.py","lineno":469}
{"timestamp":"2026-06-12T20:03:06.576341Z","level":"info","event":"Filling up the DagBag from /opt/airflow/dags/ingestion_dag.py","logger":"airflow.dag_processing.dagbag.BundleDagBag","filename":"dagbag.py","lineno":469}
{"timestamp":"2026-06-12T20:03:36.931338Z","level":"info","event":"Filling up the DagBag from /opt/airflow/dags/ingestion_dag.py","logger":"airflow.dag_processing.dagbag.BundleDagBag","filename":"dagbag.py","lineno":469}
{"timestamp":"2026-06-12T20:04:07.282503Z","level":"info","event":"Filling up the DagBag from /opt/airflow/dags/ingestion_dag.py","logger":"airflow.dag_processing.dagbag.BundleDagBag","filename":"dagbag.py","lineno":469}
{"timestamp":"2026-06-12T20:04:37.536295Z","level":"info","event":"Filling up the DagBag from /opt/airflow/dags/ingestion_dag.py","logger":"airflow.dag_processing.dagbag.BundleDagBag","filename":"dagbag.py","lineno":469}
{"timestamp":"2026-06-12T20:05:07.973100Z","level":"info","event":"Filling up the DagBag from /opt/airflow/dags/ingestion_dag.py","logger":"airflow.dag_processing.dagbag.BundleDagBag","filename":"dagbag.py","lineno":469}
{"timestamp":"2026-06-12T20:05:38.235656Z","level":"info","event":"Filling up the DagBag from /opt/airflow/dags/ingestion_dag.py","logger":"airflow.dag_processing.dagbag.BundleDagBag","filename":"dagbag.py","lineno":469}
{"timestamp":"2026-06-12T20:06:08.547314Z","level":"info","event":"Filling up the DagBag from /opt/airflow/dags/ingestion_dag.py","logger":"airflow.dag_processing.dagbag.BundleDagBag","filename":"dagbag.py","lineno":469}
{"timestamp":"2026-06-12T20:06:38.867535Z","level":"info","event":"Filling up the DagBag from /opt/airflow/dags/ingestion_dag.py","logger":"airflow.dag_processing.dagbag.BundleDagBag","filename":"dagbag.py","lineno":469}
{"timestamp":"2026-06-12T20:07:09.619951Z","level":"info","event":"Filling up the DagBag from /opt/airflow/dags/ingestion_dag.py","logger":"airflow.dag_processing.dagbag.BundleDagBag","filename":"dagbag.py","lineno":469}
{"timestamp":"2026-06-12T20:07:39.956303Z","level":"info","event":"Filling up the DagBag from /opt/airflow/dags/ingestion_dag.py","logger":"airflow.dag_processing.dagbag.BundleDagBag","filename":"dagbag.py","lineno":469}
{"timestamp":"2026-06-12T20:08:10.248722Z","level":"info","event":"Filling up the DagBag from /opt/airflow/dags/ingestion_dag.py","logger":"airflow.dag_processing.dagbag.BundleDagBag","filename":"dagbag.py","lineno":469}
{"timestamp":"2026-06-12T20:08:40.527231Z","level":"info","event":"Filling up the DagBag from /opt/airflow/dags/ingestion_dag.py","logger":"airflow.dag_processing.dagbag.BundleDagBag","filename":"dagbag.py","lineno":469}
{"timestamp":"2026-06-12T20:09:10.805821Z","level":"info","event":"Filling up the DagBag from /opt/airflow/dags/ingestion_dag.py","logger":"airflow.dag_processing.dagbag.BundleDagBag","filename":"dagbag.py","lineno":469}
{"timestamp":"2026-06-12T20:09:41.031858Z","level":"info","event":"Filling up the DagBag from /opt/airflow/dags/ingestion_dag.py","logger":"airflow.dag_processing.dagbag.BundleDagBag","filename":"dagbag.py","lineno":469}
{"timestamp":"2026-06-12T20:10:11.379239Z","level":"info","event":"Filling up the DagBag from /opt/airflow/dags/ingestion_dag.py","logger":"airflow.dag_processing.dagbag.BundleDagBag","filename":"dagbag.py","lineno":469}
{"timestamp":"2026-06-12T20:10:41.639721Z","level":"info","event":"Filling up the DagBag from /opt/airflow/dags/ingestion_dag.py","logger":"airflow.dag_processing.dagbag.BundleDagBag","filename":"dagbag.py","lineno":469}
{"timestamp":"2026-06-12T20:11:11.932301Z","level":"info","event":"Filling up the DagBag from /opt/airflow/dags/ingestion_dag.py","logger":"airflow.dag_processing.dagbag.BundleDagBag","filename":"dagbag.py","lineno":469}
{"timestamp":"2026-06-12T20:11:42.163572Z","level":"info","event":"Filling up the DagBag from /opt/airflow/dags/ingestion_dag.py","logger":"airflow.dag_processing.dagbag.BundleDagBag","filename":"dagbag.py","lineno":469}
{"timestamp":"2026-06-12T20:12:12.525124Z","level":"info","event":"Filling up the DagBag from /opt/airflow/dags/ingestion_dag.py","logger":"airflow.dag_processing.dagbag.BundleDagBag","filename":"dagbag.py","lineno":469}
{"timestamp":"2026-06-12T20:12:42.766951Z","level":"info","event":"Filling up the DagBag from /opt/airflow/dags/ingestion_dag.py","logger":"airflow.dag_processing.dagbag.BundleDagBag","filename":"dagbag.py","lineno":469}
{"timestamp":"2026-06-12T20:13:13.079524Z","level":"info","event":"Filling up the DagBag from /opt/airflow/dags/ingestion_dag.py","logger":"airflow.dag_processing.dagbag.BundleDagBag","filename":"dagbag.py","lineno":469}
{"timestamp":"2026-06-12T20:13:43.321142Z","level":"info","event":"Filling up the DagBag from /opt/airflow/dags/ingestion_dag.py","logger":"airflow.dag_processing.dagbag.BundleDagBag","filename":"dagbag.py","lineno":469}
{"timestamp":"2026-06-12T20:14:13.530476Z","level":"info","event":"Filling up the DagBag from /opt/airflow/dags/ingestion_dag.py","logger":"airflow.dag_processing.dagbag.BundleDagBag","filename":"dagbag.py","lineno":469}
{"timestamp":"2026-06-12T20:14:44.257812Z","level":"info","event":"Filling up the DagBag from /opt/airflow/dags/ingestion_dag.py","logger":"airflow.dag_processing.dagbag.BundleDagBag","filename":"dagbag.py","lineno":469}
{"timestamp":"2026-06-12T20:15:14.575683Z","level":"info","event":"Filling up the DagBag from /opt/airflow/dags/ingestion_dag.py","logger":"airflow.dag_processing.dagbag.BundleDagBag","filename":"dagbag.py","lineno":469}
{"timestamp":"2026-06-12T20:15:44.737183Z","level":"info","event":"Filling up the DagBag from /opt/airflow/dags/ingestion_dag.py","logger":"airflow.dag_processing.dagbag.BundleDagBag","filename":"dagbag.py","lineno":469}
{"timestamp":"2026-06-12T20:16:14.972902Z","level":"info","event":"Filling up the DagBag from /opt/airflow/dags/ingestion_dag.py","logger":"airflow.dag_processing.dagbag.BundleDagBag","filename":"dagbag.py","lineno":469}
{"timestamp":"2026-06-12T20:16:45.200371Z","level":"info","event":"Filling up the DagBag from /opt/airflow/dags/ingestion_dag.py","logger":"airflow.dag_processing.dagbag.BundleDagBag","filename":"dagbag.py","lineno":469}
{"timestamp":"2026-06-12T20:17:15.416144Z","level":"info","event":"Filling up the DagBag from /opt/airflow/dags/ingestion_dag.py","logger":"airflow.dag_processing.dagbag.BundleDagBag","filename":"dagbag.py","lineno":469}
{"timestamp":"2026-06-12T20:17:45.730733Z","level":"info","event":"Filling up the DagBag from /opt/airflow/dags/ingestion_dag.py","logger":"airflow.dag_processing.dagbag.BundleDagBag","filename":"dagbag.py","lineno":469}
{"timestamp":"2026-06-12T20:18:15.975724Z","level":"info","event":"Filling up the DagBag from /opt/airflow/dags/ingestion_dag.py","logger":"airflow.dag_processing.dagbag.BundleDagBag","filename":"dagbag.py","lineno":469}
{"timestamp":"2026-06-12T20:18:46.643273Z","level":"info","event":"Filling up the DagBag from /opt/airflow/dags/ingestion_dag.py","logger":"airflow.dag_processing.dagbag.BundleDagBag","filename":"dagbag.py","lineno":469}
{"timestamp":"2026-06-12T20:19:16.893660Z","level":"info","event":"Filling up the DagBag from /opt/airflow/dags/ingestion_dag.py","logger":"airflow.dag_processing.dagbag.BundleDagBag","filename":"dagbag.py","lineno":469}
{"timestamp":"2026-06-12T20:19:47.131156Z","level":"info","event":"Filling up the DagBag from /opt/airflow/dags/ingestion_dag.py","logger":"airflow.dag_processing.dagbag.BundleDagBag","filename":"dagbag.py","lineno":469}
{"timestamp":"2026-06-12T20:20:17.399715Z","level":"info","event":"Filling up the DagBag from /opt/airflow/dags/ingestion_dag.py","logger":"airflow.dag_processing.dagbag.BundleDagBag","filename":"dagbag.py","lineno":469}
{"timestamp":"2026-06-12T20:20:47.594171Z","level":"info","event":"Filling up the DagBag from /opt/airflow/dags/ingestion_dag.py","logger":"airflow.dag_processing.dagbag.BundleDagBag","filename":"dagbag.py","lineno":469}
{"timestamp":"2026-06-12T20:21:17.791772Z","level":"info","event":"Filling up the DagBag from /opt/airflow/dags/ingestion_dag.py","logger":"airflow.dag_processing.dagbag.BundleDagBag","filename":"dagbag.py","lineno":469}
{"timestamp":"2026-06-12T20:21:48.024563Z","level":"info","event":"Filling up the DagBag from /opt/airflow/dags/ingestion_dag.py","logger":"airflow.dag_processing.dagbag.BundleDagBag","filename":"dagbag.py","lineno":469}
{"timestamp":"2026-06-12T20:22:18.689487Z","level":"info","event":"Filling up the DagBag from /opt/airflow/dags/ingestion_dag.py","logger":"airflow.dag_processing.dagbag.BundleDagBag","filename":"dagbag.py","lineno":469}
{"timestamp":"2026-06-12T20:22:48.902742Z","level":"info","event":"Filling up the DagBag from /opt/airflow/dags/ingestion_dag.py","logger":"airflow.dag_processing.dagbag.BundleDagBag","filename":"dagbag.py","lineno":469}
{"timestamp":"2026-06-12T20:23:19.125249Z","level":"info","event":"Filling up the DagBag from /opt/airflow/dags/ingestion_dag.py","logger":"airflow.dag_processing.dagbag.BundleDagBag","filename":"dagbag.py","lineno":469}
{"timestamp":"2026-06-12T20:23:49.331965Z","level":"info","event":"Filling up the DagBag from /opt/airflow/dags/ingestion_dag.py","logger":"airflow.dag_processing.dagbag.BundleDagBag","filename":"dagbag.py","lineno":469}
{"timestamp":"2026-06-12T20:24:19.481108Z","level":"info","event":"Filling up the DagBag from /opt/airflow/dags/ingestion_dag.py","logger":"airflow.dag_processing.dagbag.BundleDagBag","filename":"dagbag.py","lineno":469}
{"timestamp":"2026-06-12T20:24:49.689842Z","level":"info","event":"Filling up the DagBag from /opt/airflow/dags/ingestion_dag.py","logger":"airflow.dag_processing.dagbag.BundleDagBag","filename":"dagbag.py","lineno":469}
{"timestamp":"2026-06-12T20:25:19.903403Z","level":"info","event":"Filling up the DagBag from /opt/airflow/dags/ingestion_dag.py","logger":"airflow.dag_processing.dagbag.BundleDagBag","filename":"dagbag.py","lineno":469}
{"timestamp":"2026-06-12T20:25:50.093745Z","level":"info","event":"Filling up the DagBag from /opt/airflow/dags/ingestion_dag.py","logger":"airflow.dag_processing.dagbag.BundleDagBag","filename":"dagbag.py","lineno":469}
{"timestamp":"2026-06-12T20:26:20.282074Z","level":"info","event":"Filling up the DagBag from /opt/airflow/dags/ingestion_dag.py","logger":"airflow.dag_processing.dagbag.BundleDagBag","filename":"dagbag.py","lineno":469}
{"timestamp":"2026-06-12T20:26:50.455434Z","level":"info","event":"Filling up the DagBag from /opt/airflow/dags/ingestion_dag.py","logger":"airflow.dag_processing.dagbag.BundleDagBag","filename":"dagbag.py","lineno":469}
{"timestamp":"2026-06-12T20:27:20.714350Z","level":"info","event":"Filling up the DagBag from /opt/airflow/dags/ingestion_dag.py","logger":"airflow.dag_processing.dagbag.BundleDagBag","filename":"dagbag.py","lineno":469}
{"timestamp":"2026-06-12T20:27:50.940682Z","level":"info","event":"Filling up the DagBag from /opt/airflow/dags/ingestion_dag.py","logger":"airflow.dag_processing.dagbag.BundleDagBag","filename":"dagbag.py","lineno":469}
{"timestamp":"2026-06-12T20:28:21.086558Z","level":"info","event":"Filling up the DagBag from /opt/airflow/dags/ingestion_dag.py","logger":"airflow.dag_processing.dagbag.BundleDagBag","filename":"dagbag.py","lineno":469}
{"timestamp":"2026-06-12T20:28:51.280632Z","level":"info","event":"Filling up the DagBag from /opt/airflow/dags/ingestion_dag.py","logger":"airflow.dag_processing.dagbag.BundleDagBag","filename":"dagbag.py","lineno":469}
{"timestamp":"2026-06-12T20:29:21.444497Z","level":"info","event":"Filling up the DagBag from /opt/airflow/dags/ingestion_dag.py","logger":"airflow.dag_processing.dagbag.BundleDagBag","filename":"dagbag.py","lineno":469}
{"timestamp":"2026-06-12T20:29:51.999296Z","level":"info","event":"Filling up the DagBag from /opt/airflow/dags/ingestion_dag.py","logger":"airflow.dag_processing.dagbag.BundleDagBag","filename":"dagbag.py","lineno":469}
{"timestamp":"2026-06-12T20:30:22.169119Z","level":"info","event":"Filling up the DagBag from /opt/airflow/dags/ingestion_dag.py","logger":"airflow.dag_processing.dagbag.BundleDagBag","filename":"dagbag.py","lineno":469}
{"timestamp":"2026-06-12T20:30:52.358909Z","level":"info","event":"Filling up the DagBag from /opt/airflow/dags/ingestion_dag.py","logger":"airflow.dag_processing.dagbag.BundleDagBag","filename":"dagbag.py","lineno":469}
{"timestamp":"2026-06-12T20:31:22.562374Z","level":"info","event":"Filling up the DagBag from /opt/airflow/dags/ingestion_dag.py","logger":"airflow.dag_processing.dagbag.BundleDagBag","filename":"dagbag.py","lineno":469}
{"timestamp":"2026-06-12T20:31:52.745001Z","level":"info","event":"Filling up the DagBag from /opt/airflow/dags/ingestion_dag.py","logger":"airflow.dag_processing.dagbag.BundleDagBag","filename":"dagbag.py","lineno":469}
{"timestamp":"2026-06-12T20:32:22.901177Z","level":"info","event":"Filling up the DagBag from /opt/airflow/dags/ingestion_dag.py","logger":"airflow.dag_processing.dagbag.BundleDagBag","filename":"dagbag.py","lineno":469}
{"timestamp":"2026-06-12T20:32:53.100448Z","level":"info","event":"Filling up the DagBag from /opt/airflow/dags/ingestion_dag.py","logger":"airflow.dag_processing.dagbag.BundleDagBag","filename":"dagbag.py","lineno":469}
{"timestamp":"2026-06-12T20:33:23.260603Z","level":"info","event":"Filling up the DagBag from /opt/airflow/dags/ingestion_dag.py","logger":"airflow.dag_processing.dagbag.BundleDagBag","filename":"dagbag.py","lineno":469}
{"timestamp":"2026-06-12T20:33:53.485380Z","level":"info","event":"Filling up the DagBag from /opt/airflow/dags/ingestion_dag.py","logger":"airflow.dag_processing.dagbag.BundleDagBag","filename":"dagbag.py","lineno":469}
{"timestamp":"2026-06-12T20:34:23.688171Z","level":"info","event":"Filling up the DagBag from /opt/airflow/dags/ingestion_dag.py","logger":"airflow.dag_processing.dagbag.BundleDagBag","filename":"dagbag.py","lineno":469}
{"timestamp":"2026-06-12T20:34:53.872286Z","level":"info","event":"Filling up the DagBag from /opt/airflow/dags/ingestion_dag.py","logger":"airflow.dag_processing.dagbag.BundleDagBag","filename":"dagbag.py","lineno":469}
{"timestamp":"2026-06-12T20:35:24.152759Z","level":"info","event":"Filling up the DagBag from /opt/airflow/dags/ingestion_dag.py","logger":"airflow.dag_processing.dagbag.BundleDagBag","filename":"dagbag.py","lineno":469}
{"timestamp":"2026-06-12T20:35:54.295938Z","level":"info","event":"Filling up the DagBag from /opt/airflow/dags/ingestion_dag.py","logger":"airflow.dag_processing.dagbag.BundleDagBag","filename":"dagbag.py","lineno":469}
{"timestamp":"2026-06-12T20:36:24.518233Z","level":"info","event":"Filling up the DagBag from /opt/airflow/dags/ingestion_dag.py","logger":"airflow.dag_processing.dagbag.BundleDagBag","filename":"dagbag.py","lineno":469}
{"timestamp":"2026-06-12T20:36:54.680139Z","level":"info","event":"Filling up the DagBag from /opt/airflow/dags/ingestion_dag.py","logger":"airflow.dag_processing.dagbag.BundleDagBag","filename":"dagbag.py","lineno":469}
{"timestamp":"2026-06-12T20:37:25.269273Z","level":"info","event":"Filling up the DagBag from /opt/airflow/dags/ingestion_dag.py","logger":"airflow.dag_processing.dagbag.BundleDagBag","filename":"dagbag.py","lineno":469}
{"timestamp":"2026-06-12T20:37:55.507391Z","level":"info","event":"Filling up the DagBag from /opt/airflow/dags/ingestion_dag.py","logger":"airflow.dag_processing.dagbag.BundleDagBag","filename":"dagbag.py","lineno":469}
{"timestamp":"2026-06-12T20:38:25.714382Z","level":"info","event":"Filling up the DagBag from /opt/airflow/dags/ingestion_dag.py","logger":"airflow.dag_processing.dagbag.BundleDagBag","filename":"dagbag.py","lineno":469}
{"timestamp":"2026-06-12T20:38:55.879134Z","level":"info","event":"Filling up the DagBag from /opt/airflow/dags/ingestion_dag.py","logger":"airflow.dag_processing.dagbag.BundleDagBag","filename":"dagbag.py","lineno":469}
{"timestamp":"2026-06-12T20:39:26.018538Z","level":"info","event":"Filling up the DagBag from /opt/airflow/dags/ingestion_dag.py","logger":"airflow.dag_processing.dagbag.BundleDagBag","filename":"dagbag.py","lineno":469}
{"timestamp":"2026-06-12T20:39:56.203993Z","level":"info","event":"Filling up the DagBag from /opt/airflow/dags/ingestion_dag.py","logger":"airflow.dag_processing.dagbag.BundleDagBag","filename":"dagbag.py","lineno":469}
{"timestamp":"2026-06-12T20:40:26.399127Z","level":"info","event":"Filling up the DagBag from /opt/airflow/dags/ingestion_dag.py","logger":"airflow.dag_processing.dagbag.BundleDagBag","filename":"dagbag.py","lineno":469}
{"timestamp":"2026-06-12T20:40:56.559512Z","level":"info","event":"Filling up the DagBag from /opt/airflow/dags/ingestion_dag.py","logger":"airflow.dag_processing.dagbag.BundleDagBag","filename":"dagbag.py","lineno":469}
{"timestamp":"2026-06-12T20:41:26.783478Z","level":"info","event":"Filling up the DagBag from /opt/airflow/dags/ingestion_dag.py","logger":"airflow.dag_processing.dagbag.BundleDagBag","filename":"dagbag.py","lineno":469}
{"timestamp":"2026-06-12T20:41:56.960324Z","level":"info","event":"Filling up the DagBag from /opt/airflow/dags/ingestion_dag.py","logger":"airflow.dag_processing.dagbag.BundleDagBag","filename":"dagbag.py","lineno":469}
{"timestamp":"2026-06-12T20:42:27.134574Z","level":"info","event":"Filling up the DagBag from /opt/airflow/dags/ingestion_dag.py","logger":"airflow.dag_processing.dagbag.BundleDagBag","filename":"dagbag.py","lineno":469}
{"timestamp":"2026-06-12T20:42:57.326585Z","level":"info","event":"Filling up the DagBag from /opt/airflow/dags/ingestion_dag.py","logger":"airflow.dag_processing.dagbag.BundleDagBag","filename":"dagbag.py","lineno":469}
{"timestamp":"2026-06-12T20:43:27.514140Z","level":"info","event":"Filling up the DagBag from /opt/airflow/dags/ingestion_dag.py","logger":"airflow.dag_processing.dagbag.BundleDagBag","filename":"dagbag.py","lineno":469}
{"timestamp":"2026-06-12T20:43:57.726502Z","level":"info","event":"Filling up the DagBag from /opt/airflow/dags/ingestion_dag.py","logger":"airflow.dag_processing.dagbag.BundleDagBag","filename":"dagbag.py","lineno":469}
{"timestamp":"2026-06-12T20:44:27.908266Z","level":"info","event":"Filling up the DagBag from /opt/airflow/dags/ingestion_dag.py","logger":"airflow.dag_processing.dagbag.BundleDagBag","filename":"dagbag.py","lineno":469}
{"timestamp":"2026-06-12T20:44:58.349348Z","level":"info","event":"Filling up the DagBag from /opt/airflow/dags/ingestion_dag.py","logger":"airflow.dag_processing.dagbag.BundleDagBag","filename":"dagbag.py","lineno":469}
{"timestamp":"2026-06-12T20:45:28.543576Z","level":"info","event":"Filling up the DagBag from /opt/airflow/dags/ingestion_dag.py","logger":"airflow.dag_processing.dagbag.BundleDagBag","filename":"dagbag.py","lineno":469}
{"timestamp":"2026-06-12T20:45:58.755200Z","level":"info","event":"Filling up the DagBag from /opt/airflow/dags/ingestion_dag.py","logger":"airflow.dag_processing.dagbag.BundleDagBag","filename":"dagbag.py","lineno":469}
{"timestamp":"2026-06-12T20:46:29.820504Z","level":"info","event":"Filling up the DagBag from /opt/airflow/dags/ingestion_dag.py","logger":"airflow.dag_processing.dagbag.BundleDagBag","filename":"dagbag.py","lineno":469}
{"timestamp":"2026-06-12T20:47:00.016007Z","level":"info","event":"Filling up the DagBag from /opt/airflow/dags/ingestion_dag.py","logger":"airflow.dag_processing.dagbag.BundleDagBag","filename":"dagbag.py","lineno":469}
{"timestamp":"2026-06-12T20:47:30.355206Z","level":"info","event":"Filling up the DagBag from /opt/airflow/dags/ingestion_dag.py","logger":"airflow.dag_processing.dagbag.BundleDagBag","filename":"dagbag.py","lineno":469}
{"timestamp":"2026-06-12T20:48:00.495842Z","level":"info","event":"Filling up the DagBag from /opt/airflow/dags/ingestion_dag.py","logger":"airflow.dag_processing.dagbag.BundleDagBag","filename":"dagbag.py","lineno":469}
{"timestamp":"2026-06-12T20:48:30.655071Z","level":"info","event":"Filling up the DagBag from /opt/airflow/dags/ingestion_dag.py","logger":"airflow.dag_processing.dagbag.BundleDagBag","filename":"dagbag.py","lineno":469}
{"timestamp":"2026-06-12T20:49:00.809668Z","level":"info","event":"Filling up the DagBag from /opt/airflow/dags/ingestion_dag.py","logger":"airflow.dag_processing.dagbag.BundleDagBag","filename":"dagbag.py","lineno":469}
{"timestamp":"2026-06-12T20:49:31.014339Z","level":"info","event":"Filling up the DagBag from /opt/airflow/dags/ingestion_dag.py","logger":"airflow.dag_processing.dagbag.BundleDagBag","filename":"dagbag.py","lineno":469}
{"timestamp":"2026-06-12T20:50:01.189204Z","level":"info","event":"Filling up the DagBag from /opt/airflow/dags/ingestion_dag.py","logger":"airflow.dag_processing.dagbag.BundleDagBag","filename":"dagbag.py","lineno":469}
{"timestamp":"2026-06-12T20:50:31.364395Z","level":"info","event":"Filling up the DagBag from /opt/airflow/dags/ingestion_dag.py","logger":"airflow.dag_processing.dagbag.BundleDagBag","filename":"dagbag.py","lineno":469}
{"timestamp":"2026-06-12T20:51:01.559044Z","level":"info","event":"Filling up the DagBag from /opt/airflow/dags/ingestion_dag.py","logger":"airflow.dag_processing.dagbag.BundleDagBag","filename":"dagbag.py","lineno":469}
{"timestamp":"2026-06-12T20:51:31.728649Z","level":"info","event":"Filling up the DagBag from /opt/airflow/dags/ingestion_dag.py","logger":"airflow.dag_processing.dagbag.BundleDagBag","filename":"dagbag.py","lineno":469}
{"timestamp":"2026-06-12T20:52:02.223751Z","level":"info","event":"Filling up the DagBag from /opt/airflow/dags/ingestion_dag.py","logger":"airflow.dag_processing.dagbag.BundleDagBag","filename":"dagbag.py","lineno":469}
{"timestamp":"2026-06-12T20:52:32.440618Z","level":"info","event":"Filling up the DagBag from /opt/airflow/dags/ingestion_dag.py","logger":"airflow.dag_processing.dagbag.BundleDagBag","filename":"dagbag.py","lineno":469}
{"timestamp":"2026-06-12T20:53:03.544833Z","level":"info","event":"Filling up the DagBag from /opt/airflow/dags/ingestion_dag.py","logger":"airflow.dag_processing.dagbag.BundleDagBag","filename":"dagbag.py","lineno":469}
{"timestamp":"2026-06-12T20:53:33.780206Z","level":"info","event":"Filling up the DagBag from /opt/airflow/dags/ingestion_dag.py","logger":"airflow.dag_processing.dagbag.BundleDagBag","filename":"dagbag.py","lineno":469}
{"timestamp":"2026-06-12T20:54:03.961407Z","level":"info","event":"Filling up the DagBag from /opt/airflow/dags/ingestion_dag.py","logger":"airflow.dag_processing.dagbag.BundleDagBag","filename":"dagbag.py","lineno":469}
{"timestamp":"2026-06-12T20:54:34.172173Z","level":"info","event":"Filling up the DagBag from /opt/airflow/dags/ingestion_dag.py","logger":"airflow.dag_processing.dagbag.BundleDagBag","filename":"dagbag.py","lineno":469}
{"timestamp":"2026-06-12T20:55:04.320185Z","level":"info","event":"Filling up the DagBag from /opt/airflow/dags/ingestion_dag.py","logger":"airflow.dag_processing.dagbag.BundleDagBag","filename":"dagbag.py","lineno":469}
{"timestamp":"2026-06-12T20:55:34.482774Z","level":"info","event":"Filling up the DagBag from /opt/airflow/dags/ingestion_dag.py","logger":"airflow.dag_processing.dagbag.BundleDagBag","filename":"dagbag.py","lineno":469}
{"timestamp":"2026-06-12T20:56:04.662465Z","level":"info","event":"Filling up the DagBag from /opt/airflow/dags/ingestion_dag.py","logger":"airflow.dag_processing.dagbag.BundleDagBag","filename":"dagbag.py","lineno":469}
{"timestamp":"2026-06-12T20:56:34.882745Z","level":"info","event":"Filling up the DagBag from /opt/airflow/dags/ingestion_dag.py","logger":"airflow.dag_processing.dagbag.BundleDagBag","filename":"dagbag.py","lineno":469}
{"timestamp":"2026-06-12T20:57:05.048143Z","level":"info","event":"Filling up the DagBag from /opt/airflow/dags/ingestion_dag.py","logger":"airflow.dag_processing.dagbag.BundleDagBag","filename":"dagbag.py","lineno":469}
{"timestamp":"2026-06-12T20:57:35.222845Z","level":"info","event":"Filling up the DagBag from /opt/airflow/dags/ingestion_dag.py","logger":"airflow.dag_processing.dagbag.BundleDagBag","filename":"dagbag.py","lineno":469}
{"timestamp":"2026-06-12T20:58:05.408974Z","level":"info","event":"Filling up the DagBag from /opt/airflow/dags/ingestion_dag.py","logger":"airflow.dag_processing.dagbag.BundleDagBag","filename":"dagbag.py","lineno":469}
{"timestamp":"2026-06-12T20:58:35.589363Z","level":"info","event":"Filling up the DagBag from /opt/airflow/dags/ingestion_dag.py","logger":"airflow.dag_processing.dagbag.BundleDagBag","filename":"dagbag.py","lineno":469}
{"timestamp":"2026-06-12T20:59:06.033833Z","level":"info","event":"Filling up the DagBag from /opt/airflow/dags/ingestion_dag.py","logger":"airflow.dag_processing.dagbag.BundleDagBag","filename":"dagbag.py","lineno":469}
{"timestamp":"2026-06-12T20:59:36.229274Z","level":"info","event":"Filling up the DagBag from /opt/airflow/dags/ingestion_dag.py","logger":"airflow.dag_processing.dagbag.BundleDagBag","filename":"dagbag.py","lineno":469}
{"timestamp":"2026-06-12T21:00:06.434686Z","level":"info","event":"Filling up the DagBag from /opt/airflow/dags/ingestion_dag.py","logger":"airflow.dag_processing.dagbag.BundleDagBag","filename":"dagbag.py","lineno":469}
{"timestamp":"2026-06-12T21:00:36.581117Z","level":"info","event":"Filling up the DagBag from /opt/airflow/dags/ingestion_dag.py","logger":"airflow.dag_processing.dagbag.BundleDagBag","filename":"dagbag.py","lineno":469}
{"timestamp":"2026-06-12T21:01:06.761007Z","level":"info","event":"Filling up the DagBag from /opt/airflow/dags/ingestion_dag.py","logger":"airflow.dag_processing.dagbag.BundleDagBag","filename":"dagbag.py","lineno":469}
{"timestamp":"2026-06-12T21:01:36.954338Z","level":"info","event":"Filling up the DagBag from /opt/airflow/dags/ingestion_dag.py","logger":"airflow.dag_processing.dagbag.BundleDagBag","filename":"dagbag.py","lineno":469}
{"timestamp":"2026-06-12T21:02:07.147118Z","level":"info","event":"Filling up the DagBag from /opt/airflow/dags/ingestion_dag.py","logger":"airflow.dag_processing.dagbag.BundleDagBag","filename":"dagbag.py","lineno":469}
{"timestamp":"2026-06-12T21:02:37.358734Z","level":"info","event":"Filling up the DagBag from /opt/airflow/dags/ingestion_dag.py","logger":"airflow.dag_processing.dagbag.BundleDagBag","filename":"dagbag.py","lineno":469}
{"timestamp":"2026-06-12T21:03:07.560424Z","level":"info","event":"Filling up the DagBag from /opt/airflow/dags/ingestion_dag.py","logger":"airflow.dag_processing.dagbag.BundleDagBag","filename":"dagbag.py","lineno":469}
{"timestamp":"2026-06-12T21:03:37.725422Z","level":"info","event":"Filling up the DagBag from /opt/airflow/dags/ingestion_dag.py","logger":"airflow.dag_processing.dagbag.BundleDagBag","filename":"dagbag.py","lineno":469}
{"timestamp":"2026-06-12T21:04:07.930028Z","level":"info","event":"Filling up the DagBag from /opt/airflow/dags/ingestion_dag.py","logger":"airflow.dag_processing.dagbag.BundleDagBag","filename":"dagbag.py","lineno":469}
{"timestamp":"2026-06-12T21:04:38.097033Z","level":"info","event":"Filling up the DagBag from /opt/airflow/dags/ingestion_dag.py","logger":"airflow.dag_processing.dagbag.BundleDagBag","filename":"dagbag.py","lineno":469}
{"timestamp":"2026-06-12T21:05:08.265829Z","level":"info","event":"Filling up the DagBag from /opt/airflow/dags/ingestion_dag.py","logger":"airflow.dag_processing.dagbag.BundleDagBag","filename":"dagbag.py","lineno":469}
{"timestamp":"2026-06-12T21:05:38.462488Z","level":"info","event":"Filling up the DagBag from /opt/airflow/dags/ingestion_dag.py","logger":"airflow.dag_processing.dagbag.BundleDagBag","filename":"dagbag.py","lineno":469}
{"timestamp":"2026-06-12T21:06:08.896972Z","level":"info","event":"Filling up the DagBag from /opt/airflow/dags/ingestion_dag.py","logger":"airflow.dag_processing.dagbag.BundleDagBag","filename":"dagbag.py","lineno":469}
{"timestamp":"2026-06-12T21:06:39.084409Z","level":"info","event":"Filling up the DagBag from /opt/airflow/dags/ingestion_dag.py","logger":"airflow.dag_processing.dagbag.BundleDagBag","filename":"dagbag.py","lineno":469}
{"timestamp":"2026-06-12T21:07:10.171924Z","level":"info","event":"Filling up the DagBag from /opt/airflow/dags/ingestion_dag.py","logger":"airflow.dag_processing.dagbag.BundleDagBag","filename":"dagbag.py","lineno":469}
{"timestamp":"2026-06-12T21:07:40.342855Z","level":"info","event":"Filling up the DagBag from /opt/airflow/dags/ingestion_dag.py","logger":"airflow.dag_processing.dagbag.BundleDagBag","filename":"dagbag.py","lineno":469}
{"timestamp":"2026-06-12T21:08:10.554252Z","level":"info","event":"Filling up the DagBag from /opt/airflow/dags/ingestion_dag.py","logger":"airflow.dag_processing.dagbag.BundleDagBag","filename":"dagbag.py","lineno":469}
{"timestamp":"2026-06-12T21:08:40.717202Z","level":"info","event":"Filling up the DagBag from /opt/airflow/dags/ingestion_dag.py","logger":"airflow.dag_processing.dagbag.BundleDagBag","filename":"dagbag.py","lineno":469}
{"timestamp":"2026-06-12T21:09:10.898563Z","level":"info","event":"Filling up the DagBag from /opt/airflow/dags/ingestion_dag.py","logger":"airflow.dag_processing.dagbag.BundleDagBag","filename":"dagbag.py","lineno":469}
{"timestamp":"2026-06-12T21:09:41.093183Z","level":"info","event":"Filling up the DagBag from /opt/airflow/dags/ingestion_dag.py","logger":"airflow.dag_processing.dagbag.BundleDagBag","filename":"dagbag.py","lineno":469}
{"timestamp":"2026-06-12T21:10:12.156767Z","level":"info","event":"Filling up the DagBag from /opt/airflow/dags/ingestion_dag.py","logger":"airflow.dag_processing.dagbag.BundleDagBag","filename":"dagbag.py","lineno":469}
{"timestamp":"2026-06-12T21:10:42.309046Z","level":"info","event":"Filling up the DagBag from /opt/airflow/dags/ingestion_dag.py","logger":"airflow.dag_processing.dagbag.BundleDagBag","filename":"dagbag.py","lineno":469}
{"timestamp":"2026-06-12T21:11:13.233917Z","level":"info","event":"Filling up the DagBag from /opt/airflow/dags/ingestion_dag.py","logger":"airflow.dag_processing.dagbag.BundleDagBag","filename":"dagbag.py","lineno":469}
{"timestamp":"2026-06-12T21:11:43.387169Z","level":"info","event":"Filling up the DagBag from /opt/airflow/dags/ingestion_dag.py","logger":"airflow.dag_processing.dagbag.BundleDagBag","filename":"dagbag.py","lineno":469}
{"timestamp":"2026-06-12T21:12:13.569040Z","level":"info","event":"Filling up the DagBag from /opt/airflow/dags/ingestion_dag.py","logger":"airflow.dag_processing.dagbag.BundleDagBag","filename":"dagbag.py","lineno":469}
{"timestamp":"2026-06-12T21:12:44.538333Z","level":"info","event":"Filling up the DagBag from /opt/airflow/dags/ingestion_dag.py","logger":"airflow.dag_processing.dagbag.BundleDagBag","filename":"dagbag.py","lineno":469}
{"timestamp":"2026-06-12T21:13:15.571703Z","level":"info","event":"Filling up the DagBag from /opt/airflow/dags/ingestion_dag.py","logger":"airflow.dag_processing.dagbag.BundleDagBag","filename":"dagbag.py","lineno":469}
{"timestamp":"2026-06-12T21:13:46.649327Z","level":"info","event":"Filling up the DagBag from /opt/airflow/dags/ingestion_dag.py","logger":"airflow.dag_processing.dagbag.BundleDagBag","filename":"dagbag.py","lineno":469}
{"timestamp":"2026-06-12T21:14:17.762434Z","level":"info","event":"Filling up the DagBag from /opt/airflow/dags/ingestion_dag.py","logger":"airflow.dag_processing.dagbag.BundleDagBag","filename":"dagbag.py","lineno":469}
{"timestamp":"2026-06-12T21:14:48.707540Z","level":"info","event":"Filling up the DagBag from /opt/airflow/dags/ingestion_dag.py","logger":"airflow.dag_processing.dagbag.BundleDagBag","filename":"dagbag.py","lineno":469}
{"timestamp":"2026-06-12T21:15:19.656046Z","level":"info","event":"Filling up the DagBag from /opt/airflow/dags/ingestion_dag.py","logger":"airflow.dag_processing.dagbag.BundleDagBag","filename":"dagbag.py","lineno":469}
{"timestamp":"2026-06-12T21:15:50.572696Z","level":"info","event":"Filling up the DagBag from /opt/airflow/dags/ingestion_dag.py","logger":"airflow.dag_processing.dagbag.BundleDagBag","filename":"dagbag.py","lineno":469}
{"timestamp":"2026-06-12T21:16:21.558085Z","level":"info","event":"Filling up the DagBag from /opt/airflow/dags/ingestion_dag.py","logger":"airflow.dag_processing.dagbag.BundleDagBag","filename":"dagbag.py","lineno":469}
{"timestamp":"2026-06-12T21:16:52.644913Z","level":"info","event":"Filling up the DagBag from /opt/airflow/dags/ingestion_dag.py","logger":"airflow.dag_processing.dagbag.BundleDagBag","filename":"dagbag.py","lineno":469}
{"timestamp":"2026-06-12T21:17:22.800357Z","level":"info","event":"Filling up the DagBag from /opt/airflow/dags/ingestion_dag.py","logger":"airflow.dag_processing.dagbag.BundleDagBag","filename":"dagbag.py","lineno":469}
{"timestamp":"2026-06-12T21:17:53.003000Z","level":"info","event":"Filling up the DagBag from /opt/airflow/dags/ingestion_dag.py","logger":"airflow.dag_processing.dagbag.BundleDagBag","filename":"dagbag.py","lineno":469}
{"timestamp":"2026-06-12T21:18:23.219081Z","level":"info","event":"Filling up the DagBag from /opt/airflow/dags/ingestion_dag.py","logger":"airflow.dag_processing.dagbag.BundleDagBag","filename":"dagbag.py","lineno":469}
{"timestamp":"2026-06-12T21:18:54.248846Z","level":"info","event":"Filling up the DagBag from /opt/airflow/dags/ingestion_dag.py","logger":"airflow.dag_processing.dagbag.BundleDagBag","filename":"dagbag.py","lineno":469}
{"timestamp":"2026-06-12T21:19:24.395419Z","level":"info","event":"Filling up the DagBag from /opt/airflow/dags/ingestion_dag.py","logger":"airflow.dag_processing.dagbag.BundleDagBag","filename":"dagbag.py","lineno":469}
{"timestamp":"2026-06-12T21:19:54.591051Z","level":"info","event":"Filling up the DagBag from /opt/airflow/dags/ingestion_dag.py","logger":"airflow.dag_processing.dagbag.BundleDagBag","filename":"dagbag.py","lineno":469}
{"timestamp":"2026-06-12T21:20:24.750267Z","level":"info","event":"Filling up the DagBag from /opt/airflow/dags/ingestion_dag.py","logger":"airflow.dag_processing.dagbag.BundleDagBag","filename":"dagbag.py","lineno":469}
{"timestamp":"2026-06-12T21:20:55.791516Z","level":"info","event":"Filling up the DagBag from /opt/airflow/dags/ingestion_dag.py","logger":"airflow.dag_processing.dagbag.BundleDagBag","filename":"dagbag.py","lineno":469}
{"timestamp":"2026-06-12T21:21:26.741291Z","level":"info","event":"Filling up the DagBag from /opt/airflow/dags/ingestion_dag.py","logger":"airflow.dag_processing.dagbag.BundleDagBag","filename":"dagbag.py","lineno":469}
{"timestamp":"2026-06-12T21:21:57.721871Z","level":"info","event":"Filling up the DagBag from /opt/airflow/dags/ingestion_dag.py","logger":"airflow.dag_processing.dagbag.BundleDagBag","filename":"dagbag.py","lineno":469}
{"timestamp":"2026-06-12T21:22:28.757712Z","level":"info","event":"Filling up the DagBag from /opt/airflow/dags/ingestion_dag.py","logger":"airflow.dag_processing.dagbag.BundleDagBag","filename":"dagbag.py","lineno":469}
{"timestamp":"2026-06-12T21:22:58.994569Z","level":"info","event":"Filling up the DagBag from /opt/airflow/dags/ingestion_dag.py","logger":"airflow.dag_processing.dagbag.BundleDagBag","filename":"dagbag.py","lineno":469}
{"timestamp":"2026-06-12T21:23:29.271034Z","level":"info","event":"Filling up the DagBag from /opt/airflow/dags/ingestion_dag.py","logger":"airflow.dag_processing.dagbag.BundleDagBag","filename":"dagbag.py","lineno":469}
{"timestamp":"2026-06-12T21:23:59.460350Z","level":"info","event":"Filling up the DagBag from /opt/airflow/dags/ingestion_dag.py","logger":"airflow.dag_processing.dagbag.BundleDagBag","filename":"dagbag.py","lineno":469}
{"timestamp":"2026-06-12T21:24:30.581321Z","level":"info","event":"Filling up the DagBag from /opt/airflow/dags/ingestion_dag.py","logger":"airflow.dag_processing.dagbag.BundleDagBag","filename":"dagbag.py","lineno":469}
{"timestamp":"2026-06-12T21:25:00.786848Z","level":"info","event":"Filling up the DagBag from /opt/airflow/dags/ingestion_dag.py","logger":"airflow.dag_processing.dagbag.BundleDagBag","filename":"dagbag.py","lineno":469}
{"timestamp":"2026-06-12T21:25:31.837366Z","level":"info","event":"Filling up the DagBag from /opt/airflow/dags/ingestion_dag.py","logger":"airflow.dag_processing.dagbag.BundleDagBag","filename":"dagbag.py","lineno":469}
{"timestamp":"2026-06-12T21:26:02.818005Z","level":"info","event":"Filling up the DagBag from /opt/airflow/dags/ingestion_dag.py","logger":"airflow.dag_processing.dagbag.BundleDagBag","filename":"dagbag.py","lineno":469}
{"timestamp":"2026-06-12T21:26:33.881235Z","level":"info","event":"Filling up the DagBag from /opt/airflow/dags/ingestion_dag.py","logger":"airflow.dag_processing.dagbag.BundleDagBag","filename":"dagbag.py","lineno":469}
{"timestamp":"2026-06-12T21:27:04.775841Z","level":"info","event":"Filling up the DagBag from /opt/airflow/dags/ingestion_dag.py","logger":"airflow.dag_processing.dagbag.BundleDagBag","filename":"dagbag.py","lineno":469}
{"timestamp":"2026-06-12T21:27:35.774676Z","level":"info","event":"Filling up the DagBag from /opt/airflow/dags/ingestion_dag.py","logger":"airflow.dag_processing.dagbag.BundleDagBag","filename":"dagbag.py","lineno":469}
{"timestamp":"2026-06-12T21:28:05.925144Z","level":"info","event":"Filling up the DagBag from /opt/airflow/dags/ingestion_dag.py","logger":"airflow.dag_processing.dagbag.BundleDagBag","filename":"dagbag.py","lineno":469}
{"timestamp":"2026-06-12T21:28:36.818805Z","level":"info","event":"Filling up the DagBag from /opt/airflow/dags/ingestion_dag.py","logger":"airflow.dag_processing.dagbag.BundleDagBag","filename":"dagbag.py","lineno":469}
{"timestamp":"2026-06-12T21:29:07.829688Z","level":"info","event":"Filling up the DagBag from /opt/airflow/dags/ingestion_dag.py","logger":"airflow.dag_processing.dagbag.BundleDagBag","filename":"dagbag.py","lineno":469}
{"timestamp":"2026-06-12T21:29:38.797157Z","level":"info","event":"Filling up the DagBag from /opt/airflow/dags/ingestion_dag.py","logger":"airflow.dag_processing.dagbag.BundleDagBag","filename":"dagbag.py","lineno":469}
{"timestamp":"2026-06-12T21:30:09.735760Z","level":"info","event":"Filling up the DagBag from /opt/airflow/dags/ingestion_dag.py","logger":"airflow.dag_processing.dagbag.BundleDagBag","filename":"dagbag.py","lineno":469}
{"timestamp":"2026-06-12T21:30:40.722638Z","level":"info","event":"Filling up the DagBag from /opt/airflow/dags/ingestion_dag.py","logger":"airflow.dag_processing.dagbag.BundleDagBag","filename":"dagbag.py","lineno":469}
{"timestamp":"2026-06-12T21:31:11.686998Z","level":"info","event":"Filling up the DagBag from /opt/airflow/dags/ingestion_dag.py","logger":"airflow.dag_processing.dagbag.BundleDagBag","filename":"dagbag.py","lineno":469}
{"timestamp":"2026-06-12T21:31:42.615550Z","level":"info","event":"Filling up the DagBag from /opt/airflow/dags/ingestion_dag.py","logger":"airflow.dag_processing.dagbag.BundleDagBag","filename":"dagbag.py","lineno":469}
{"timestamp":"2026-06-12T21:32:13.509819Z","level":"info","event":"Filling up the DagBag from /opt/airflow/dags/ingestion_dag.py","logger":"airflow.dag_processing.dagbag.BundleDagBag","filename":"dagbag.py","lineno":469}
{"timestamp":"2026-06-12T21:32:44.442318Z","level":"info","event":"Filling up the DagBag from /opt/airflow/dags/ingestion_dag.py","logger":"airflow.dag_processing.dagbag.BundleDagBag","filename":"dagbag.py","lineno":469}
{"timestamp":"2026-06-12T21:33:15.480730Z","level":"info","event":"Filling up the DagBag from /opt/airflow/dags/ingestion_dag.py","logger":"airflow.dag_processing.dagbag.BundleDagBag","filename":"dagbag.py","lineno":469}
{"timestamp":"2026-06-12T21:33:45.651618Z","level":"info","event":"Filling up the DagBag from /opt/airflow/dags/ingestion_dag.py","logger":"airflow.dag_processing.dagbag.BundleDagBag","filename":"dagbag.py","lineno":469}
{"timestamp":"2026-06-12T21:34:16.693127Z","level":"info","event":"Filling up the DagBag from /opt/airflow/dags/ingestion_dag.py","logger":"airflow.dag_processing.dagbag.BundleDagBag","filename":"dagbag.py","lineno":469}
{"timestamp":"2026-06-12T21:34:47.622141Z","level":"info","event":"Filling up the DagBag from /opt/airflow/dags/ingestion_dag.py","logger":"airflow.dag_processing.dagbag.BundleDagBag","filename":"dagbag.py","lineno":469}
{"timestamp":"2026-06-12T21:35:18.570383Z","level":"info","event":"Filling up the DagBag from /opt/airflow/dags/ingestion_dag.py","logger":"airflow.dag_processing.dagbag.BundleDagBag","filename":"dagbag.py","lineno":469}
{"timestamp":"2026-06-12T21:35:49.495628Z","level":"info","event":"Filling up the DagBag from /opt/airflow/dags/ingestion_dag.py","logger":"airflow.dag_processing.dagbag.BundleDagBag","filename":"dagbag.py","lineno":469}
{"timestamp":"2026-06-12T21:36:20.328427Z","level":"info","event":"Filling up the DagBag from /opt/airflow/dags/ingestion_dag.py","logger":"airflow.dag_processing.dagbag.BundleDagBag","filename":"dagbag.py","lineno":469}
{"timestamp":"2026-06-12T21:36:51.279496Z","level":"info","event":"Filling up the DagBag from /opt/airflow/dags/ingestion_dag.py","logger":"airflow.dag_processing.dagbag.BundleDagBag","filename":"dagbag.py","lineno":469}
{"timestamp":"2026-06-12T21:37:22.136034Z","level":"info","event":"Filling up the DagBag from /opt/airflow/dags/ingestion_dag.py","logger":"airflow.dag_processing.dagbag.BundleDagBag","filename":"dagbag.py","lineno":469}
{"timestamp":"2026-06-12T21:37:53.086553Z","level":"info","event":"Filling up the DagBag from /opt/airflow/dags/ingestion_dag.py","logger":"airflow.dag_processing.dagbag.BundleDagBag","filename":"dagbag.py","lineno":469}
{"timestamp":"2026-06-12T21:38:23.986509Z","level":"info","event":"Filling up the DagBag from /opt/airflow/dags/ingestion_dag.py","logger":"airflow.dag_processing.dagbag.BundleDagBag","filename":"dagbag.py","lineno":469}
{"timestamp":"2026-06-12T21:38:54.865747Z","level":"info","event":"Filling up the DagBag from /opt/airflow/dags/ingestion_dag.py","logger":"airflow.dag_processing.dagbag.BundleDagBag","filename":"dagbag.py","lineno":469}
{"timestamp":"2026-06-12T21:39:25.823764Z","level":"info","event":"Filling up the DagBag from /opt/airflow/dags/ingestion_dag.py","logger":"airflow.dag_processing.dagbag.BundleDagBag","filename":"dagbag.py","lineno":469}
{"timestamp":"2026-06-12T21:39:56.754030Z","level":"info","event":"Filling up the DagBag from /opt/airflow/dags/ingestion_dag.py","logger":"airflow.dag_processing.dagbag.BundleDagBag","filename":"dagbag.py","lineno":469}
{"timestamp":"2026-06-12T21:40:27.694291Z","level":"info","event":"Filling up the DagBag from /opt/airflow/dags/ingestion_dag.py","logger":"airflow.dag_processing.dagbag.BundleDagBag","filename":"dagbag.py","lineno":469}
{"timestamp":"2026-06-12T21:40:58.558493Z","level":"info","event":"Filling up the DagBag from /opt/airflow/dags/ingestion_dag.py","logger":"airflow.dag_processing.dagbag.BundleDagBag","filename":"dagbag.py","lineno":469}
{"timestamp":"2026-06-12T21:41:29.550581Z","level":"info","event":"Filling up the DagBag from /opt/airflow/dags/ingestion_dag.py","logger":"airflow.dag_processing.dagbag.BundleDagBag","filename":"dagbag.py","lineno":469}
{"timestamp":"2026-06-12T21:42:00.487923Z","level":"info","event":"Filling up the DagBag from /opt/airflow/dags/ingestion_dag.py","logger":"airflow.dag_processing.dagbag.BundleDagBag","filename":"dagbag.py","lineno":469}
{"timestamp":"2026-06-12T21:42:31.373150Z","level":"info","event":"Filling up the DagBag from /opt/airflow/dags/ingestion_dag.py","logger":"airflow.dag_processing.dagbag.BundleDagBag","filename":"dagbag.py","lineno":469}
{"timestamp":"2026-06-12T21:43:02.194232Z","level":"info","event":"Filling up the DagBag from /opt/airflow/dags/ingestion_dag.py","logger":"airflow.dag_processing.dagbag.BundleDagBag","filename":"dagbag.py","lineno":469}
{"timestamp":"2026-06-12T21:43:33.079069Z","level":"info","event":"Filling up the DagBag from /opt/airflow/dags/ingestion_dag.py","logger":"airflow.dag_processing.dagbag.BundleDagBag","filename":"dagbag.py","lineno":469}
{"timestamp":"2026-06-12T21:44:04.144349Z","level":"info","event":"Filling up the DagBag from /opt/airflow/dags/ingestion_dag.py","logger":"airflow.dag_processing.dagbag.BundleDagBag","filename":"dagbag.py","lineno":469}
{"timestamp":"2026-06-12T21:44:35.043507Z","level":"info","event":"Filling up the DagBag from /opt/airflow/dags/ingestion_dag.py","logger":"airflow.dag_processing.dagbag.BundleDagBag","filename":"dagbag.py","lineno":469}
{"timestamp":"2026-06-12T21:45:05.861791Z","level":"info","event":"Filling up the DagBag from /opt/airflow/dags/ingestion_dag.py","logger":"airflow.dag_processing.dagbag.BundleDagBag","filename":"dagbag.py","lineno":469}
{"timestamp":"2026-06-12T21:45:36.718927Z","level":"info","event":"Filling up the DagBag from /opt/airflow/dags/ingestion_dag.py","logger":"airflow.dag_processing.dagbag.BundleDagBag","filename":"dagbag.py","lineno":469}
{"timestamp":"2026-06-12T21:46:07.592133Z","level":"info","event":"Filling up the DagBag from /opt/airflow/dags/ingestion_dag.py","logger":"airflow.dag_processing.dagbag.BundleDagBag","filename":"dagbag.py","lineno":469}
{"timestamp":"2026-06-12T21:46:38.570756Z","level":"info","event":"Filling up the DagBag from /opt/airflow/dags/ingestion_dag.py","logger":"airflow.dag_processing.dagbag.BundleDagBag","filename":"dagbag.py","lineno":469}
{"timestamp":"2026-06-12T21:47:09.381145Z","level":"info","event":"Filling up the DagBag from /opt/airflow/dags/ingestion_dag.py","logger":"airflow.dag_processing.dagbag.BundleDagBag","filename":"dagbag.py","lineno":469}
{"timestamp":"2026-06-12T21:47:40.309003Z","level":"info","event":"Filling up the DagBag from /opt/airflow/dags/ingestion_dag.py","logger":"airflow.dag_processing.dagbag.BundleDagBag","filename":"dagbag.py","lineno":469}
{"timestamp":"2026-06-12T21:48:11.207645Z","level":"info","event":"Filling up the DagBag from /opt/airflow/dags/ingestion_dag.py","logger":"airflow.dag_processing.dagbag.BundleDagBag","filename":"dagbag.py","lineno":469}
{"timestamp":"2026-06-12T21:48:42.114311Z","level":"info","event":"Filling up the DagBag from /opt/airflow/dags/ingestion_dag.py","logger":"airflow.dag_processing.dagbag.BundleDagBag","filename":"dagbag.py","lineno":469}
{"timestamp":"2026-06-12T21:49:13.039151Z","level":"info","event":"Filling up the DagBag from /opt/airflow/dags/ingestion_dag.py","logger":"airflow.dag_processing.dagbag.BundleDagBag","filename":"dagbag.py","lineno":469}
{"timestamp":"2026-06-12T21:49:43.997319Z","level":"info","event":"Filling up the DagBag from /opt/airflow/dags/ingestion_dag.py","logger":"airflow.dag_processing.dagbag.BundleDagBag","filename":"dagbag.py","lineno":469}
{"timestamp":"2026-06-12T21:50:14.849923Z","level":"info","event":"Filling up the DagBag from /opt/airflow/dags/ingestion_dag.py","logger":"airflow.dag_processing.dagbag.BundleDagBag","filename":"dagbag.py","lineno":469}
{"timestamp":"2026-06-12T21:50:45.736777Z","level":"info","event":"Filling up the DagBag from /opt/airflow/dags/ingestion_dag.py","logger":"airflow.dag_processing.dagbag.BundleDagBag","filename":"dagbag.py","lineno":469}
{"timestamp":"2026-06-12T21:51:16.574018Z","level":"info","event":"Filling up the DagBag from /opt/airflow/dags/ingestion_dag.py","logger":"airflow.dag_processing.dagbag.BundleDagBag","filename":"dagbag.py","lineno":469}
{"timestamp":"2026-06-12T21:51:47.424035Z","level":"info","event":"Filling up the DagBag from /opt/airflow/dags/ingestion_dag.py","logger":"airflow.dag_processing.dagbag.BundleDagBag","filename":"dagbag.py","lineno":469}
{"timestamp":"2026-06-12T21:52:18.309648Z","level":"info","event":"Filling up the DagBag from /opt/airflow/dags/ingestion_dag.py","logger":"airflow.dag_processing.dagbag.BundleDagBag","filename":"dagbag.py","lineno":469}
{"timestamp":"2026-06-12T21:52:49.192553Z","level":"info","event":"Filling up the DagBag from /opt/airflow/dags/ingestion_dag.py","logger":"airflow.dag_processing.dagbag.BundleDagBag","filename":"dagbag.py","lineno":469}
{"timestamp":"2026-06-12T21:53:20.074806Z","level":"info","event":"Filling up the DagBag from /opt/airflow/dags/ingestion_dag.py","logger":"airflow.dag_processing.dagbag.BundleDagBag","filename":"dagbag.py","lineno":469}
{"timestamp":"2026-06-12T21:53:50.979130Z","level":"info","event":"Filling up the DagBag from /opt/airflow/dags/ingestion_dag.py","logger":"airflow.dag_processing.dagbag.BundleDagBag","filename":"dagbag.py","lineno":469}
{"timestamp":"2026-06-12T21:54:21.864758Z","level":"info","event":"Filling up the DagBag from /opt/airflow/dags/ingestion_dag.py","logger":"airflow.dag_processing.dagbag.BundleDagBag","filename":"dagbag.py","lineno":469}
{"timestamp":"2026-06-12T21:54:52.643474Z","level":"info","event":"Filling up the DagBag from /opt/airflow/dags/ingestion_dag.py","logger":"airflow.dag_processing.dagbag.BundleDagBag","filename":"dagbag.py","lineno":469}
{"timestamp":"2026-06-12T21:55:23.492727Z","level":"info","event":"Filling up the DagBag from /opt/airflow/dags/ingestion_dag.py","logger":"airflow.dag_processing.dagbag.BundleDagBag","filename":"dagbag.py","lineno":469}
{"timestamp":"2026-06-12T21:55:54.371300Z","level":"info","event":"Filling up the DagBag from /opt/airflow/dags/ingestion_dag.py","logger":"airflow.dag_processing.dagbag.BundleDagBag","filename":"dagbag.py","lineno":469}
{"timestamp":"2026-06-12T21:56:25.219889Z","level":"info","event":"Filling up the DagBag from /opt/airflow/dags/ingestion_dag.py","logger":"airflow.dag_processing.dagbag.BundleDagBag","filename":"dagbag.py","lineno":469}
{"timestamp":"2026-06-12T21:56:56.064797Z","level":"info","event":"Filling up the DagBag from /opt/airflow/dags/ingestion_dag.py","logger":"airflow.dag_processing.dagbag.BundleDagBag","filename":"dagbag.py","lineno":469}
{"timestamp":"2026-06-12T21:57:27.126412Z","level":"info","event":"Filling up the DagBag from /opt/airflow/dags/ingestion_dag.py","logger":"airflow.dag_processing.dagbag.BundleDagBag","filename":"dagbag.py","lineno":469}
{"timestamp":"2026-06-12T21:57:58.047559Z","level":"info","event":"Filling up the DagBag from /opt/airflow/dags/ingestion_dag.py","logger":"airflow.dag_processing.dagbag.BundleDagBag","filename":"dagbag.py","lineno":469}
{"timestamp":"2026-06-12T21:58:28.920698Z","level":"info","event":"Filling up the DagBag from /opt/airflow/dags/ingestion_dag.py","logger":"airflow.dag_processing.dagbag.BundleDagBag","filename":"dagbag.py","lineno":469}
{"timestamp":"2026-06-12T21:58:59.820648Z","level":"info","event":"Filling up the DagBag from /opt/airflow/dags/ingestion_dag.py","logger":"airflow.dag_processing.dagbag.BundleDagBag","filename":"dagbag.py","lineno":469}
{"timestamp":"2026-06-12T21:59:30.786642Z","level":"info","event":"Filling up the DagBag from /opt/airflow/dags/ingestion_dag.py","logger":"airflow.dag_processing.dagbag.BundleDagBag","filename":"dagbag.py","lineno":469}
{"timestamp":"2026-06-12T22:00:01.683119Z","level":"info","event":"Filling up the DagBag from /opt/airflow/dags/ingestion_dag.py","logger":"airflow.dag_processing.dagbag.BundleDagBag","filename":"dagbag.py","lineno":469}
{"timestamp":"2026-06-12T22:00:32.684809Z","level":"info","event":"Filling up the DagBag from /opt/airflow/dags/ingestion_dag.py","logger":"airflow.dag_processing.dagbag.BundleDagBag","filename":"dagbag.py","lineno":469}
{"timestamp":"2026-06-12T22:01:03.567275Z","level":"info","event":"Filling up the DagBag from /opt/airflow/dags/ingestion_dag.py","logger":"airflow.dag_processing.dagbag.BundleDagBag","filename":"dagbag.py","lineno":469}
{"timestamp":"2026-06-12T22:01:34.470336Z","level":"info","event":"Filling up the DagBag from /opt/airflow/dags/ingestion_dag.py","logger":"airflow.dag_processing.dagbag.BundleDagBag","filename":"dagbag.py","lineno":469}
{"timestamp":"2026-06-12T22:02:05.349310Z","level":"info","event":"Filling up the DagBag from /opt/airflow/dags/ingestion_dag.py","logger":"airflow.dag_processing.dagbag.BundleDagBag","filename":"dagbag.py","lineno":469}
{"timestamp":"2026-06-12T22:02:36.286858Z","level":"info","event":"Filling up the DagBag from /opt/airflow/dags/ingestion_dag.py","logger":"airflow.dag_processing.dagbag.BundleDagBag","filename":"dagbag.py","lineno":469}
{"timestamp":"2026-06-12T22:03:07.133732Z","level":"info","event":"Filling up the DagBag from /opt/airflow/dags/ingestion_dag.py","logger":"airflow.dag_processing.dagbag.BundleDagBag","filename":"dagbag.py","lineno":469}
{"timestamp":"2026-06-12T22:03:38.048403Z","level":"info","event":"Filling up the DagBag from /opt/airflow/dags/ingestion_dag.py","logger":"airflow.dag_processing.dagbag.BundleDagBag","filename":"dagbag.py","lineno":469}
{"timestamp":"2026-06-12T22:04:08.943971Z","level":"info","event":"Filling up the DagBag from /opt/airflow/dags/ingestion_dag.py","logger":"airflow.dag_processing.dagbag.BundleDagBag","filename":"dagbag.py","lineno":469}
{"timestamp":"2026-06-12T22:04:39.887859Z","level":"info","event":"Filling up the DagBag from /opt/airflow/dags/ingestion_dag.py","logger":"airflow.dag_processing.dagbag.BundleDagBag","filename":"dagbag.py","lineno":469}
{"timestamp":"2026-06-12T22:05:10.760883Z","level":"info","event":"Filling up the DagBag from /opt/airflow/dags/ingestion_dag.py","logger":"airflow.dag_processing.dagbag.BundleDagBag","filename":"dagbag.py","lineno":469}
{"timestamp":"2026-06-12T22:05:41.760270Z","level":"info","event":"Filling up the DagBag from /opt/airflow/dags/ingestion_dag.py","logger":"airflow.dag_processing.dagbag.BundleDagBag","filename":"dagbag.py","lineno":469}
{"timestamp":"2026-06-12T22:06:12.675475Z","level":"info","event":"Filling up the DagBag from /opt/airflow/dags/ingestion_dag.py","logger":"airflow.dag_processing.dagbag.BundleDagBag","filename":"dagbag.py","lineno":469}
{"timestamp":"2026-06-12T22:06:43.571140Z","level":"info","event":"Filling up the DagBag from /opt/airflow/dags/ingestion_dag.py","logger":"airflow.dag_processing.dagbag.BundleDagBag","filename":"dagbag.py","lineno":469}
{"timestamp":"2026-06-12T22:07:14.399959Z","level":"info","event":"Filling up the DagBag from /opt/airflow/dags/ingestion_dag.py","logger":"airflow.dag_processing.dagbag.BundleDagBag","filename":"dagbag.py","lineno":469}
{"timestamp":"2026-06-12T22:07:45.305564Z","level":"info","event":"Filling up the DagBag from /opt/airflow/dags/ingestion_dag.py","logger":"airflow.dag_processing.dagbag.BundleDagBag","filename":"dagbag.py","lineno":469}
{"timestamp":"2026-06-12T22:08:16.211998Z","level":"info","event":"Filling up the DagBag from /opt/airflow/dags/ingestion_dag.py","logger":"airflow.dag_processing.dagbag.BundleDagBag","filename":"dagbag.py","lineno":469}
{"timestamp":"2026-06-12T22:08:47.156023Z","level":"info","event":"Filling up the DagBag from /opt/airflow/dags/ingestion_dag.py","logger":"airflow.dag_processing.dagbag.BundleDagBag","filename":"dagbag.py","lineno":469}
{"timestamp":"2026-06-12T22:09:18.131728Z","level":"info","event":"Filling up the DagBag from /opt/airflow/dags/ingestion_dag.py","logger":"airflow.dag_processing.dagbag.BundleDagBag","filename":"dagbag.py","lineno":469}
{"timestamp":"2026-06-12T22:09:48.979523Z","level":"info","event":"Filling up the DagBag from /opt/airflow/dags/ingestion_dag.py","logger":"airflow.dag_processing.dagbag.BundleDagBag","filename":"dagbag.py","lineno":469}
{"timestamp":"2026-06-12T22:10:19.839192Z","level":"info","event":"Filling up the DagBag from /opt/airflow/dags/ingestion_dag.py","logger":"airflow.dag_processing.dagbag.BundleDagBag","filename":"dagbag.py","lineno":469}
{"timestamp":"2026-06-12T22:10:50.639647Z","level":"info","event":"Filling up the DagBag from /opt/airflow/dags/ingestion_dag.py","logger":"airflow.dag_processing.dagbag.BundleDagBag","filename":"dagbag.py","lineno":469}
{"timestamp":"2026-06-12T22:11:21.579397Z","level":"info","event":"Filling up the DagBag from /opt/airflow/dags/ingestion_dag.py","logger":"airflow.dag_processing.dagbag.BundleDagBag","filename":"dagbag.py","lineno":469}
{"timestamp":"2026-06-12T22:11:52.533010Z","level":"info","event":"Filling up the DagBag from /opt/airflow/dags/ingestion_dag.py","logger":"airflow.dag_processing.dagbag.BundleDagBag","filename":"dagbag.py","lineno":469}
{"timestamp":"2026-06-12T22:12:23.334485Z","level":"info","event":"Filling up the DagBag from /opt/airflow/dags/ingestion_dag.py","logger":"airflow.dag_processing.dagbag.BundleDagBag","filename":"dagbag.py","lineno":469}
{"timestamp":"2026-06-12T22:12:54.217180Z","level":"info","event":"Filling up the DagBag from /opt/airflow/dags/ingestion_dag.py","logger":"airflow.dag_processing.dagbag.BundleDagBag","filename":"dagbag.py","lineno":469}
{"timestamp":"2026-06-12T22:13:25.027854Z","level":"info","event":"Filling up the DagBag from /opt/airflow/dags/ingestion_dag.py","logger":"airflow.dag_processing.dagbag.BundleDagBag","filename":"dagbag.py","lineno":469}
{"timestamp":"2026-06-12T22:13:55.853707Z","level":"info","event":"Filling up the DagBag from /opt/airflow/dags/ingestion_dag.py","logger":"airflow.dag_processing.dagbag.BundleDagBag","filename":"dagbag.py","lineno":469}
{"timestamp":"2026-06-12T22:14:26.729081Z","level":"info","event":"Filling up the DagBag from /opt/airflow/dags/ingestion_dag.py","logger":"airflow.dag_processing.dagbag.BundleDagBag","filename":"dagbag.py","lineno":469}
{"timestamp":"2026-06-12T22:14:57.562813Z","level":"info","event":"Filling up the DagBag from /opt/airflow/dags/ingestion_dag.py","logger":"airflow.dag_processing.dagbag.BundleDagBag","filename":"dagbag.py","lineno":469}
{"timestamp":"2026-06-12T22:15:28.393577Z","level":"info","event":"Filling up the DagBag from /opt/airflow/dags/ingestion_dag.py","logger":"airflow.dag_processing.dagbag.BundleDagBag","filename":"dagbag.py","lineno":469}
{"timestamp":"2026-06-12T22:15:59.279201Z","level":"info","event":"Filling up the DagBag from /opt/airflow/dags/ingestion_dag.py","logger":"airflow.dag_processing.dagbag.BundleDagBag","filename":"dagbag.py","lineno":469}
{"timestamp":"2026-06-12T22:16:30.113601Z","level":"info","event":"Filling up the DagBag from /opt/airflow/dags/ingestion_dag.py","logger":"airflow.dag_processing.dagbag.BundleDagBag","filename":"dagbag.py","lineno":469}
{"timestamp":"2026-06-12T22:17:00.967376Z","level":"info","event":"Filling up the DagBag from /opt/airflow/dags/ingestion_dag.py","logger":"airflow.dag_processing.dagbag.BundleDagBag","filename":"dagbag.py","lineno":469}
{"timestamp":"2026-06-12T22:17:31.871263Z","level":"info","event":"Filling up the DagBag from /opt/airflow/dags/ingestion_dag.py","logger":"airflow.dag_processing.dagbag.BundleDagBag","filename":"dagbag.py","lineno":469}
{"timestamp":"2026-06-12T22:18:02.918959Z","level":"info","event":"Filling up the DagBag from /opt/airflow/dags/ingestion_dag.py","logger":"airflow.dag_processing.dagbag.BundleDagBag","filename":"dagbag.py","lineno":469}
{"timestamp":"2026-06-12T22:18:33.739906Z","level":"info","event":"Filling up the DagBag from /opt/airflow/dags/ingestion_dag.py","logger":"airflow.dag_processing.dagbag.BundleDagBag","filename":"dagbag.py","lineno":469}
{"timestamp":"2026-06-12T22:19:04.533937Z","level":"info","event":"Filling up the DagBag from /opt/airflow/dags/ingestion_dag.py","logger":"airflow.dag_processing.dagbag.BundleDagBag","filename":"dagbag.py","lineno":469}
{"timestamp":"2026-06-12T22:19:35.496904Z","level":"info","event":"Filling up the DagBag from /opt/airflow/dags/ingestion_dag.py","logger":"airflow.dag_processing.dagbag.BundleDagBag","filename":"dagbag.py","lineno":469}
{"timestamp":"2026-06-12T22:20:06.398065Z","level":"info","event":"Filling up the DagBag from /opt/airflow/dags/ingestion_dag.py","logger":"airflow.dag_processing.dagbag.BundleDagBag","filename":"dagbag.py","lineno":469}
{"timestamp":"2026-06-12T22:20:37.254495Z","level":"info","event":"Filling up the DagBag from /opt/airflow/dags/ingestion_dag.py","logger":"airflow.dag_processing.dagbag.BundleDagBag","filename":"dagbag.py","lineno":469}
{"timestamp":"2026-06-12T22:21:08.113406Z","level":"info","event":"Filling up the DagBag from /opt/airflow/dags/ingestion_dag.py","logger":"airflow.dag_processing.dagbag.BundleDagBag","filename":"dagbag.py","lineno":469}
{"timestamp":"2026-06-12T22:21:38.894195Z","level":"info","event":"Filling up the DagBag from /opt/airflow/dags/ingestion_dag.py","logger":"airflow.dag_processing.dagbag.BundleDagBag","filename":"dagbag.py","lineno":469}
{"timestamp":"2026-06-12T22:22:09.723633Z","level":"info","event":"Filling up the DagBag from /opt/airflow/dags/ingestion_dag.py","logger":"airflow.dag_processing.dagbag.BundleDagBag","filename":"dagbag.py","lineno":469}
{"timestamp":"2026-06-12T22:22:40.484694Z","level":"info","event":"Filling up the DagBag from /opt/airflow/dags/ingestion_dag.py","logger":"airflow.dag_processing.dagbag.BundleDagBag","filename":"dagbag.py","lineno":469}
{"timestamp":"2026-06-12T22:23:11.288645Z","level":"info","event":"Filling up the DagBag from /opt/airflow/dags/ingestion_dag.py","logger":"airflow.dag_processing.dagbag.BundleDagBag","filename":"dagbag.py","lineno":469}
{"timestamp":"2026-06-12T22:23:42.083397Z","level":"info","event":"Filling up the DagBag from /opt/airflow/dags/ingestion_dag.py","logger":"airflow.dag_processing.dagbag.BundleDagBag","filename":"dagbag.py","lineno":469}
{"timestamp":"2026-06-12T22:24:12.901030Z","level":"info","event":"Filling up the DagBag from /opt/airflow/dags/ingestion_dag.py","logger":"airflow.dag_processing.dagbag.BundleDagBag","filename":"dagbag.py","lineno":469}
{"timestamp":"2026-06-12T22:24:43.776630Z","level":"info","event":"Filling up the DagBag from /opt/airflow/dags/ingestion_dag.py","logger":"airflow.dag_processing.dagbag.BundleDagBag","filename":"dagbag.py","lineno":469}
{"timestamp":"2026-06-12T22:25:14.627502Z","level":"info","event":"Filling up the DagBag from /opt/airflow/dags/ingestion_dag.py","logger":"airflow.dag_processing.dagbag.BundleDagBag","filename":"dagbag.py","lineno":469}
{"timestamp":"2026-06-12T22:25:45.482832Z","level":"info","event":"Filling up the DagBag from /opt/airflow/dags/ingestion_dag.py","logger":"airflow.dag_processing.dagbag.BundleDagBag","filename":"dagbag.py","lineno":469}
{"timestamp":"2026-06-12T22:26:16.389636Z","level":"info","event":"Filling up the DagBag from /opt/airflow/dags/ingestion_dag.py","logger":"airflow.dag_processing.dagbag.BundleDagBag","filename":"dagbag.py","lineno":469}
{"timestamp":"2026-06-12T22:26:47.149025Z","level":"info","event":"Filling up the DagBag from /opt/airflow/dags/ingestion_dag.py","logger":"airflow.dag_processing.dagbag.BundleDagBag","filename":"dagbag.py","lineno":469}
{"timestamp":"2026-06-12T22:27:18.016363Z","level":"info","event":"Filling up the DagBag from /opt/airflow/dags/ingestion_dag.py","logger":"airflow.dag_processing.dagbag.BundleDagBag","filename":"dagbag.py","lineno":469}
{"timestamp":"2026-06-12T22:27:48.755953Z","level":"info","event":"Filling up the DagBag from /opt/airflow/dags/ingestion_dag.py","logger":"airflow.dag_processing.dagbag.BundleDagBag","filename":"dagbag.py","lineno":469}
{"timestamp":"2026-06-12T22:28:19.503734Z","level":"info","event":"Filling up the DagBag from /opt/airflow/dags/ingestion_dag.py","logger":"airflow.dag_processing.dagbag.BundleDagBag","filename":"dagbag.py","lineno":469}
{"timestamp":"2026-06-12T22:28:50.333524Z","level":"info","event":"Filling up the DagBag from /opt/airflow/dags/ingestion_dag.py","logger":"airflow.dag_processing.dagbag.BundleDagBag","filename":"dagbag.py","lineno":469}
{"timestamp":"2026-06-12T22:29:21.222536Z","level":"info","event":"Filling up the DagBag from /opt/airflow/dags/ingestion_dag.py","logger":"airflow.dag_processing.dagbag.BundleDagBag","filename":"dagbag.py","lineno":469}
{"timestamp":"2026-06-12T22:29:52.096384Z","level":"info","event":"Filling up the DagBag from /opt/airflow/dags/ingestion_dag.py","logger":"airflow.dag_processing.dagbag.BundleDagBag","filename":"dagbag.py","lineno":469}
{"timestamp":"2026-06-12T22:30:22.894504Z","level":"info","event":"Filling up the DagBag from /opt/airflow/dags/ingestion_dag.py","logger":"airflow.dag_processing.dagbag.BundleDagBag","filename":"dagbag.py","lineno":469}
{"timestamp":"2026-06-12T22:30:53.713332Z","level":"info","event":"Filling up the DagBag from /opt/airflow/dags/ingestion_dag.py","logger":"airflow.dag_processing.dagbag.BundleDagBag","filename":"dagbag.py","lineno":469}
{"timestamp":"2026-06-12T22:31:24.518803Z","level":"info","event":"Filling up the DagBag from /opt/airflow/dags/ingestion_dag.py","logger":"airflow.dag_processing.dagbag.BundleDagBag","filename":"dagbag.py","lineno":469}
{"timestamp":"2026-06-12T22:31:55.357294Z","level":"info","event":"Filling up the DagBag from /opt/airflow/dags/ingestion_dag.py","logger":"airflow.dag_processing.dagbag.BundleDagBag","filename":"dagbag.py","lineno":469}
{"timestamp":"2026-06-12T22:32:26.173747Z","level":"info","event":"Filling up the DagBag from /opt/airflow/dags/ingestion_dag.py","logger":"airflow.dag_processing.dagbag.BundleDagBag","filename":"dagbag.py","lineno":469}
{"timestamp":"2026-06-12T22:32:57.126952Z","level":"info","event":"Filling up the DagBag from /opt/airflow/dags/ingestion_dag.py","logger":"airflow.dag_processing.dagbag.BundleDagBag","filename":"dagbag.py","lineno":469}
{"timestamp":"2026-06-12T22:33:27.315685Z","level":"info","event":"Filling up the DagBag from /opt/airflow/dags/ingestion_dag.py","logger":"airflow.dag_processing.dagbag.BundleDagBag","filename":"dagbag.py","lineno":469}
